<?xml version="1.0" encoding="UTF-8"?>
<gpx xmlns="http://www.topografix.com/GPX/1/1" xmlns:xsi="http://www.w3.org/2001/XMLSchema-instance" xsi:schemaLocation="http://www.topografix.com/GPX/1/1 http://www.topografix.com/GPX/1/1/gpx.xsd" version="1.1" creator="gpx.py -- https://github.com/tkrajina/gpxpy">
  <metadata>
    <name>Centovalli e Valle Cannobina</name>
    <time>2026-02-02T12:56:09Z</time>
  </metadata>
  <trk>
    <name>Centovalli e Valle Cannobina</name>
    <trkseg>
      <trkpt lat="46.06588" lon="8.68864">
        <ele>221.92</ele>
        <time>2026-02-02T12:56:09Z</time>
      </trkpt>
      <trkpt lat="46.0658" lon="8.68859">
        <ele>221.93</ele>
        <time>2026-02-02T12:56:10.927000Z</time>
      </trkpt>
      <trkpt lat="46.06552" lon="8.68853">
        <ele>218.81</ele>
        <time>2026-02-02T12:56:17.389000Z</time>
      </trkpt>
      <trkpt lat="46.06524" lon="8.68855">
        <ele>215.78</ele>
        <time>2026-02-02T12:56:23.657000Z</time>
      </trkpt>
      <trkpt lat="46.06487" lon="8.68868">
        <ele>211.86</ele>
        <time>2026-02-02T12:56:32.025000Z</time>
      </trkpt>
      <trkpt lat="46.06444" lon="8.6889">
        <ele>211.37</ele>
        <time>2026-02-02T12:56:42.101000Z</time>
      </trkpt>
      <trkpt lat="46.06437" lon="8.68897">
        <ele>211.28</ele>
        <time>2026-02-02T12:56:43.991000Z</time>
      </trkpt>
      <trkpt lat="46.06426" lon="8.6891">
        <ele>211.12</ele>
        <time>2026-02-02T12:56:47.230000Z</time>
      </trkpt>
      <trkpt lat="46.06395" lon="8.68931">
        <ele>210.74</ele>
        <time>2026-02-02T12:56:54.870000Z</time>
      </trkpt>
      <trkpt lat="46.06389674227009" lon="8.68935564948278">
        <ele>210.67152577583076</ele>
        <time>2026-02-02T12:56:56.317849Z</time>
      </trkpt>
      <trkpt lat="46.06388" lon="8.68937">
        <ele>210.65</ele>
        <time>2026-02-02T12:56:56.773000Z</time>
      </trkpt>
      <trkpt lat="46.06352" lon="8.68988">
        <ele>210.1</ele>
        <time>2026-02-02T12:57:07.942000Z</time>
      </trkpt>
      <trkpt lat="46.06346" lon="8.68999">
        <ele>209.99</ele>
        <time>2026-02-02T12:57:10.126000Z</time>
      </trkpt>
      <trkpt lat="46.06346" lon="8.69028">
        <ele>209.78</ele>
        <time>2026-02-02T12:57:14.467000Z</time>
      </trkpt>
      <trkpt lat="46.06333" lon="8.69048">
        <ele>209.57</ele>
        <time>2026-02-02T12:57:18.746000Z</time>
      </trkpt>
      <trkpt lat="46.06323" lon="8.69056">
        <ele>209.44</ele>
        <time>2026-02-02T12:57:21.339000Z</time>
      </trkpt>
      <trkpt lat="46.06316" lon="8.69065">
        <ele>209.34</ele>
        <time>2026-02-02T12:57:23.320000Z</time>
      </trkpt>
      <trkpt lat="46.06286" lon="8.69093">
        <ele>208.94</ele>
        <time>2026-02-02T12:57:31.434000Z</time>
      </trkpt>
      <trkpt lat="46.06277" lon="8.69095">
        <ele>208.85</ele>
        <time>2026-02-02T12:57:33.387000Z</time>
      </trkpt>
      <trkpt lat="46.06274" lon="8.6909">
        <ele>208.79</ele>
        <time>2026-02-02T12:57:34.522000Z</time>
      </trkpt>
      <trkpt lat="46.0627" lon="8.69074">
        <ele>208.67</ele>
        <time>2026-02-02T12:57:37.076000Z</time>
      </trkpt>
      <trkpt lat="46.06263" lon="8.6907">
        <ele>208.59</ele>
        <time>2026-02-02T12:57:38.632000Z</time>
      </trkpt>
      <trkpt lat="46.06256" lon="8.69069">
        <ele>208.91</ele>
        <time>2026-02-02T12:57:40.371000Z</time>
      </trkpt>
      <trkpt lat="46.06259" lon="8.6908">
        <ele>208.75</ele>
        <time>2026-02-02T12:57:42.208000Z</time>
      </trkpt>
      <trkpt lat="46.06271" lon="8.69092">
        <ele>208.41</ele>
        <time>2026-02-02T12:57:45.504000Z</time>
      </trkpt>
      <trkpt lat="46.06275" lon="8.69106">
        <ele>208.17</ele>
        <time>2026-02-02T12:57:47.859000Z</time>
      </trkpt>
      <trkpt lat="46.06294" lon="8.69171">
        <ele>206.89</ele>
        <time>2026-02-02T12:58:31.944000Z</time>
      </trkpt>
      <trkpt lat="46.06275" lon="8.69106">
        <ele>208.17</ele>
        <time>2026-02-02T12:59:25.682000Z</time>
      </trkpt>
      <trkpt lat="46.06271" lon="8.69092">
        <ele>208.41</ele>
        <time>2026-02-02T12:59:28.037000Z</time>
      </trkpt>
      <trkpt lat="46.06259" lon="8.6908">
        <ele>208.75</ele>
        <time>2026-02-02T12:59:31.333000Z</time>
      </trkpt>
      <trkpt lat="46.06256" lon="8.69069">
        <ele>208.91</ele>
        <time>2026-02-02T12:59:33.170000Z</time>
      </trkpt>
      <trkpt lat="46.06263" lon="8.6907">
        <ele>208.59</ele>
        <time>2026-02-02T12:59:34.909000Z</time>
      </trkpt>
      <trkpt lat="46.0627" lon="8.69074">
        <ele>208.67</ele>
        <time>2026-02-02T12:59:36.465000Z</time>
      </trkpt>
      <trkpt lat="46.06274" lon="8.6909">
        <ele>208.79</ele>
        <time>2026-02-02T12:59:39.018000Z</time>
      </trkpt>
      <trkpt lat="46.06277" lon="8.69095">
        <ele>208.85</ele>
        <time>2026-02-02T12:59:40.153000Z</time>
      </trkpt>
      <trkpt lat="46.06286" lon="8.69093">
        <ele>208.94</ele>
        <time>2026-02-02T12:59:42.106000Z</time>
      </trkpt>
      <trkpt lat="46.06316" lon="8.69065">
        <ele>209.34</ele>
        <time>2026-02-02T12:59:50.217000Z</time>
      </trkpt>
      <trkpt lat="46.06323" lon="8.69056">
        <ele>209.44</ele>
        <time>2026-02-02T12:59:52.198000Z</time>
      </trkpt>
      <trkpt lat="46.06333" lon="8.69048">
        <ele>209.57</ele>
        <time>2026-02-02T12:59:54.790000Z</time>
      </trkpt>
      <trkpt lat="46.06346" lon="8.69028">
        <ele>209.78</ele>
        <time>2026-02-02T12:59:59.068000Z</time>
      </trkpt>
      <trkpt lat="46.06346" lon="8.68999">
        <ele>209.99</ele>
        <time>2026-02-02T13:00:03.408000Z</time>
      </trkpt>
      <trkpt lat="46.06352" lon="8.68988">
        <ele>210.1</ele>
        <time>2026-02-02T13:00:05.591000Z</time>
      </trkpt>
      <trkpt lat="46.06388" lon="8.68937">
        <ele>210.65</ele>
        <time>2026-02-02T13:00:16.757000Z</time>
      </trkpt>
      <trkpt lat="46.06395" lon="8.68931">
        <ele>210.74</ele>
        <time>2026-02-02T13:00:18.659000Z</time>
      </trkpt>
      <trkpt lat="46.06426" lon="8.6891">
        <ele>211.12</ele>
        <time>2026-02-02T13:00:26.297000Z</time>
      </trkpt>
      <trkpt lat="46.06437" lon="8.68897">
        <ele>211.28</ele>
        <time>2026-02-02T13:00:29.535000Z</time>
      </trkpt>
      <trkpt lat="46.06444" lon="8.6889">
        <ele>211.37</ele>
        <time>2026-02-02T13:00:31.424000Z</time>
      </trkpt>
      <trkpt lat="46.06487" lon="8.68868">
        <ele>211.86</ele>
        <time>2026-02-02T13:00:41.496000Z</time>
      </trkpt>
      <trkpt lat="46.06524" lon="8.68855">
        <ele>215.78</ele>
        <time>2026-02-02T13:00:49.861000Z</time>
      </trkpt>
      <trkpt lat="46.06552" lon="8.68853">
        <ele>218.81</ele>
        <time>2026-02-02T13:00:56.126000Z</time>
      </trkpt>
      <trkpt lat="46.0658" lon="8.68859">
        <ele>221.93</ele>
        <time>2026-02-02T13:01:02.585000Z</time>
      </trkpt>
      <trkpt lat="46.06602" lon="8.68873">
        <ele>221.9</ele>
        <time>2026-02-02T13:01:07.797000Z</time>
      </trkpt>
      <trkpt lat="46.06654" lon="8.68934">
        <ele>221.83</ele>
        <time>2026-02-02T13:01:22.834000Z</time>
      </trkpt>
      <trkpt lat="46.06656" lon="8.68941">
        <ele>221.82</ele>
        <time>2026-02-02T13:01:24.038000Z</time>
      </trkpt>
      <trkpt lat="46.06682" lon="8.69003">
        <ele>215.41</ele>
        <time>2026-02-02T13:01:34.236000Z</time>
      </trkpt>
      <trkpt lat="46.06693" lon="8.69022">
        <ele>213.17</ele>
        <time>2026-02-02T13:01:37.741000Z</time>
      </trkpt>
      <trkpt lat="46.06699" lon="8.69041">
        <ele>211.3</ele>
        <time>2026-02-02T13:01:40.656000Z</time>
      </trkpt>
      <trkpt lat="46.06701" lon="8.69056">
        <ele>209.95</ele>
        <time>2026-02-02T13:01:42.782000Z</time>
      </trkpt>
      <trkpt lat="46.06703" lon="8.69065">
        <ele>209.38</ele>
        <time>2026-02-02T13:01:44.183000Z</time>
      </trkpt>
      <trkpt lat="46.06709" lon="8.69098">
        <ele>207.27</ele>
        <time>2026-02-02T13:01:48.996000Z</time>
      </trkpt>
      <trkpt lat="46.06716" lon="8.69136">
        <ele>204.84</ele>
        <time>2026-02-02T13:01:54.535000Z</time>
      </trkpt>
      <trkpt lat="46.0672" lon="8.69147">
        <ele>204.12</ele>
        <time>2026-02-02T13:01:56.183000Z</time>
      </trkpt>
      <trkpt lat="46.06722" lon="8.69149">
        <ele>203.89</ele>
        <time>2026-02-02T13:01:56.696000Z</time>
      </trkpt>
      <trkpt lat="46.06729" lon="8.69174">
        <ele>203.71</ele>
        <time>2026-02-02T13:02:00.881000Z</time>
      </trkpt>
      <trkpt lat="46.06738" lon="8.69201">
        <ele>203.38</ele>
        <time>2026-02-02T13:02:05.504000Z</time>
      </trkpt>
      <trkpt lat="46.06746" lon="8.69212">
        <ele>203.21</ele>
        <time>2026-02-02T13:02:07.931000Z</time>
      </trkpt>
      <trkpt lat="46.06755" lon="8.69219">
        <ele>203.04</ele>
        <time>2026-02-02T13:02:10.262000Z</time>
      </trkpt>
      <trkpt lat="46.06768" lon="8.69243">
        <ele>202.72</ele>
        <time>2026-02-02T13:02:14.816000Z</time>
      </trkpt>
      <trkpt lat="46.06774" lon="8.69249">
        <ele>202.6</ele>
        <time>2026-02-02T13:02:16.512000Z</time>
      </trkpt>
      <trkpt lat="46.06789" lon="8.69279">
        <ele>202.19</ele>
        <time>2026-02-02T13:02:22.307000Z</time>
      </trkpt>
      <trkpt lat="46.068" lon="8.6931">
        <ele>201.82</ele>
        <time>2026-02-02T13:02:27.582000Z</time>
      </trkpt>
      <trkpt lat="46.0681" lon="8.69334">
        <ele>201.5</ele>
        <time>2026-02-02T13:02:32.022000Z</time>
      </trkpt>
      <trkpt lat="46.06815" lon="8.69359">
        <ele>201.23</ele>
        <time>2026-02-02T13:02:35.912000Z</time>
      </trkpt>
      <trkpt lat="46.06814" lon="8.69379">
        <ele>201.01</ele>
        <time>2026-02-02T13:02:39.023000Z</time>
      </trkpt>
      <trkpt lat="46.06827" lon="8.69417">
        <ele>200.54</ele>
        <time>2026-02-02T13:02:45.635000Z</time>
      </trkpt>
      <trkpt lat="46.06832" lon="8.69443">
        <ele>200.25</ele>
        <time>2026-02-02T13:02:49.718000Z</time>
      </trkpt>
      <trkpt lat="46.06839" lon="8.69461">
        <ele>200.02</ele>
        <time>2026-02-02T13:02:52.930000Z</time>
      </trkpt>
      <trkpt lat="46.06839" lon="8.69461">
        <ele>200.02</ele>
        <time>2026-02-02T13:02:52.930000Z</time>
      </trkpt>
      <trkpt lat="46.0684" lon="8.69467">
        <ele>200.02</ele>
        <time>2026-02-02T13:02:53.831000Z</time>
      </trkpt>
      <trkpt lat="46.06843" lon="8.69467">
        <ele>200.01</ele>
        <time>2026-02-02T13:02:54.478000Z</time>
      </trkpt>
      <trkpt lat="46.06845" lon="8.69472">
        <ele>200.0</ele>
        <time>2026-02-02T13:02:55.356000Z</time>
      </trkpt>
      <trkpt lat="46.06867" lon="8.69461">
        <ele>200.2</ele>
        <time>2026-02-02T13:03:00.570000Z</time>
      </trkpt>
      <trkpt lat="46.0687" lon="8.69459">
        <ele>200.24</ele>
        <time>2026-02-02T13:03:01.284000Z</time>
      </trkpt>
      <trkpt lat="46.06876" lon="8.69455">
        <ele>200.27</ele>
        <time>2026-02-02T13:03:02.882000Z</time>
      </trkpt>
      <trkpt lat="46.06933" lon="8.69427">
        <ele>200.61</ele>
        <time>2026-02-02T13:03:16.119000Z</time>
      </trkpt>
      <trkpt lat="46.0694" lon="8.69423">
        <ele>200.66</ele>
        <time>2026-02-02T13:03:17.858000Z</time>
      </trkpt>
      <trkpt lat="46.06964" lon="8.69411">
        <ele>200.96</ele>
        <time>2026-02-02T13:03:23.646000Z</time>
      </trkpt>
      <trkpt lat="46.07029" lon="8.69378">
        <ele>205.17</ele>
        <time>2026-02-02T13:03:40.656000Z</time>
      </trkpt>
      <trkpt lat="46.07033" lon="8.69376">
        <ele>205.62</ele>
        <time>2026-02-02T13:03:41.500000Z</time>
      </trkpt>
      <trkpt lat="46.07045" lon="8.69414">
        <ele>202.3</ele>
        <time>2026-02-02T13:03:51.424000Z</time>
      </trkpt>
      <trkpt lat="46.07046" lon="8.69415">
        <ele>202.14</ele>
        <time>2026-02-02T13:03:51.812000Z</time>
      </trkpt>
      <trkpt lat="46.0705" lon="8.69409">
        <ele>201.28</ele>
        <time>2026-02-02T13:03:53.754000Z</time>
      </trkpt>
      <trkpt lat="46.0705" lon="8.69405">
        <ele>198.87</ele>
        <time>2026-02-02T13:03:54.675000Z</time>
      </trkpt>
      <trkpt lat="46.07046" lon="8.69387">
        <ele>201.24</ele>
        <time>2026-02-02T13:03:59.314000Z</time>
      </trkpt>
      <trkpt lat="46.07047" lon="8.69381">
        <ele>201.89</ele>
        <time>2026-02-02T13:04:00.573000Z</time>
      </trkpt>
      <trkpt lat="46.07077" lon="8.69367">
        <ele>207.4</ele>
        <time>2026-02-02T13:04:11.320000Z</time>
      </trkpt>
      <trkpt lat="46.07082" lon="8.69371">
        <ele>208.53</ele>
        <time>2026-02-02T13:04:13.534000Z</time>
      </trkpt>
      <trkpt lat="46.07079" lon="8.69381">
        <ele>206.67</ele>
        <time>2026-02-02T13:04:16.154000Z</time>
      </trkpt>
      <trkpt lat="46.07081" lon="8.69387">
        <ele>204.98</ele>
        <time>2026-02-02T13:04:17.580000Z</time>
      </trkpt>
      <trkpt lat="46.07084" lon="8.6939">
        <ele>203.28</ele>
        <time>2026-02-02T13:04:19.006000Z</time>
      </trkpt>
      <trkpt lat="46.07089" lon="8.69389">
        <ele>203.71</ele>
        <time>2026-02-02T13:04:20.578000Z</time>
      </trkpt>
      <trkpt lat="46.07136" lon="8.69369">
        <ele>208.4</ele>
        <time>2026-02-02T13:04:37.298000Z</time>
      </trkpt>
      <trkpt lat="46.07139" lon="8.69352">
        <ele>213.59</ele>
        <time>2026-02-02T13:04:54.975000Z</time>
      </trkpt>
      <trkpt lat="46.07139" lon="8.69352">
        <ele>213.59</ele>
        <time>2026-02-02T13:04:54.975000Z</time>
      </trkpt>
      <trkpt lat="46.07145" lon="8.69321">
        <ele>222.95</ele>
        <time>2026-02-02T13:05:26.960000Z</time>
      </trkpt>
      <trkpt lat="46.07162" lon="8.69312">
        <ele>224.68</ele>
        <time>2026-02-02T13:05:32.099000Z</time>
      </trkpt>
      <trkpt lat="46.07207" lon="8.69292">
        <ele>239.85</ele>
        <time>2026-02-02T13:06:37.084000Z</time>
      </trkpt>
      <trkpt lat="46.07223" lon="8.69287">
        <ele>243.54</ele>
        <time>2026-02-02T13:06:59.630000Z</time>
      </trkpt>
      <trkpt lat="46.07234" lon="8.69286">
        <ele>245.88</ele>
        <time>2026-02-02T13:07:13.977000Z</time>
      </trkpt>
      <trkpt lat="46.07247" lon="8.69285">
        <ele>246.67</ele>
        <time>2026-02-02T13:07:16.966000Z</time>
      </trkpt>
      <trkpt lat="46.0729" lon="8.69291">
        <ele>250.63</ele>
        <time>2026-02-02T13:07:26.711000Z</time>
      </trkpt>
      <trkpt lat="46.07337" lon="8.69309">
        <ele>252.12</ele>
        <time>2026-02-02T13:07:37.648000Z</time>
      </trkpt>
      <trkpt lat="46.07362" lon="8.69322">
        <ele>253.71</ele>
        <time>2026-02-02T13:07:43.617000Z</time>
      </trkpt>
      <trkpt lat="46.07389" lon="8.69338">
        <ele>255.46</ele>
        <time>2026-02-02T13:07:50.233000Z</time>
      </trkpt>
      <trkpt lat="46.07418" lon="8.69365">
        <ele>257.31</ele>
        <time>2026-02-02T13:07:57.839000Z</time>
      </trkpt>
      <trkpt lat="46.07448" lon="8.69397">
        <ele>253.84</ele>
        <time>2026-02-02T13:08:06.223000Z</time>
      </trkpt>
      <trkpt lat="46.07471" lon="8.69429">
        <ele>250.93</ele>
        <time>2026-02-02T13:08:13.257000Z</time>
      </trkpt>
      <trkpt lat="46.07496" lon="8.69456">
        <ele>247.97</ele>
        <time>2026-02-02T13:08:20.399000Z</time>
      </trkpt>
      <trkpt lat="46.07593" lon="8.6951">
        <ele>230.94</ele>
        <time>2026-02-02T13:08:43.569000Z</time>
      </trkpt>
      <trkpt lat="46.07618" lon="8.69523">
        <ele>225.79</ele>
        <time>2026-02-02T13:08:49.791000Z</time>
      </trkpt>
      <trkpt lat="46.07627" lon="8.69524">
        <ele>224.1</ele>
        <time>2026-02-02T13:08:51.798000Z</time>
      </trkpt>
      <trkpt lat="46.07636" lon="8.69519">
        <ele>222.8</ele>
        <time>2026-02-02T13:08:53.929000Z</time>
      </trkpt>
      <trkpt lat="46.07642" lon="8.69513">
        <ele>224.11</ele>
        <time>2026-02-02T13:08:55.511000Z</time>
      </trkpt>
      <trkpt lat="46.07646" lon="8.69506">
        <ele>225.28</ele>
        <time>2026-02-02T13:08:56.937000Z</time>
      </trkpt>
      <trkpt lat="46.07655" lon="8.69471">
        <ele>229.98</ele>
        <time>2026-02-02T13:09:02.655000Z</time>
      </trkpt>
      <trkpt lat="46.07662" lon="8.69456">
        <ele>232.38</ele>
        <time>2026-02-02T13:09:05.572000Z</time>
      </trkpt>
      <trkpt lat="46.07702" lon="8.694">
        <ele>242.33</ele>
        <time>2026-02-02T13:09:18.099000Z</time>
      </trkpt>
      <trkpt lat="46.07715" lon="8.69382">
        <ele>246.22</ele>
        <time>2026-02-02T13:09:43.101000Z</time>
      </trkpt>
      <trkpt lat="46.07711" lon="8.6937">
        <ele>250.14</ele>
        <time>2026-02-02T13:09:55.430000Z</time>
      </trkpt>
      <trkpt lat="46.07716" lon="8.69363">
        <ele>253.24</ele>
        <time>2026-02-02T13:10:05.143000Z</time>
      </trkpt>
      <trkpt lat="46.07723" lon="8.69358">
        <ele>256.83</ele>
        <time>2026-02-02T13:10:16.586000Z</time>
      </trkpt>
      <trkpt lat="46.07726" lon="8.69353">
        <ele>256.51</ele>
        <time>2026-02-02T13:10:23.049000Z</time>
      </trkpt>
      <trkpt lat="46.07748" lon="8.69358">
        <ele>247.34</ele>
        <time>2026-02-02T13:10:31.505000Z</time>
      </trkpt>
      <trkpt lat="46.07765" lon="8.69353">
        <ele>247.41</ele>
        <time>2026-02-02T13:10:37.807000Z</time>
      </trkpt>
      <trkpt lat="46.07778" lon="8.69342">
        <ele>247.46</ele>
        <time>2026-02-02T13:10:43.564000Z</time>
      </trkpt>
      <trkpt lat="46.07786" lon="8.69342">
        <ele>246.47</ele>
        <time>2026-02-02T13:10:46.595000Z</time>
      </trkpt>
      <trkpt lat="46.07795" lon="8.69345">
        <ele>241.49</ele>
        <time>2026-02-02T13:10:50.325000Z</time>
      </trkpt>
      <trkpt lat="46.07797" lon="8.69361">
        <ele>235.43</ele>
        <time>2026-02-02T13:10:54.844000Z</time>
      </trkpt>
      <trkpt lat="46.07807" lon="8.6937">
        <ele>231.46</ele>
        <time>2026-02-02T13:10:57.258000Z</time>
      </trkpt>
      <trkpt lat="46.0782" lon="8.69374">
        <ele>227.07</ele>
        <time>2026-02-02T13:10:59.973000Z</time>
      </trkpt>
      <trkpt lat="46.07832" lon="8.6937">
        <ele>227.49</ele>
        <time>2026-02-02T13:11:02.662000Z</time>
      </trkpt>
      <trkpt lat="46.07839" lon="8.69364">
        <ele>227.74</ele>
        <time>2026-02-02T13:11:04.294000Z</time>
      </trkpt>
      <trkpt lat="46.07863" lon="8.6932">
        <ele>236.68</ele>
        <time>2026-02-02T13:11:56.874000Z</time>
      </trkpt>
      <trkpt lat="46.07871" lon="8.69314">
        <ele>237.18</ele>
        <time>2026-02-02T13:11:59.308000Z</time>
      </trkpt>
      <trkpt lat="46.07879" lon="8.69309">
        <ele>236.94</ele>
        <time>2026-02-02T13:12:01.056000Z</time>
      </trkpt>
      <trkpt lat="46.07899" lon="8.69304">
        <ele>236.33</ele>
        <time>2026-02-02T13:12:05.732000Z</time>
      </trkpt>
      <trkpt lat="46.07916" lon="8.693">
        <ele>235.81</ele>
        <time>2026-02-02T13:12:09.571000Z</time>
      </trkpt>
      <trkpt lat="46.07999" lon="8.69276">
        <ele>233.24</ele>
        <time>2026-02-02T13:12:28.431000Z</time>
      </trkpt>
      <trkpt lat="46.08004" lon="8.69276">
        <ele>232.92</ele>
        <time>2026-02-02T13:12:29.455000Z</time>
      </trkpt>
      <trkpt lat="46.0802" lon="8.69277">
        <ele>232.61</ele>
        <time>2026-02-02T13:12:33.201000Z</time>
      </trkpt>
      <trkpt lat="46.08065" lon="8.69291">
        <ele>231.3</ele>
        <time>2026-02-02T13:12:43.394000Z</time>
      </trkpt>
      <trkpt lat="46.08082" lon="8.69291">
        <ele>233.08</ele>
        <time>2026-02-02T13:12:47.206000Z</time>
      </trkpt>
      <trkpt lat="46.08142" lon="8.6928">
        <ele>239.35</ele>
        <time>2026-02-02T13:13:00.694000Z</time>
      </trkpt>
      <trkpt lat="46.08151" lon="8.69281">
        <ele>238.93</ele>
        <time>2026-02-02T13:13:02.771000Z</time>
      </trkpt>
      <trkpt lat="46.08181" lon="8.6929">
        <ele>237.55</ele>
        <time>2026-02-02T13:13:09.467000Z</time>
      </trkpt>
      <trkpt lat="46.08191" lon="8.69293">
        <ele>236.9</ele>
        <time>2026-02-02T13:13:11.517000Z</time>
      </trkpt>
      <trkpt lat="46.08222" lon="8.69303">
        <ele>235.01</ele>
        <time>2026-02-02T13:13:18.534000Z</time>
      </trkpt>
      <trkpt lat="46.08235" lon="8.69305">
        <ele>234.18</ele>
        <time>2026-02-02T13:13:21.636000Z</time>
      </trkpt>
      <trkpt lat="46.08249" lon="8.69305">
        <ele>236.35</ele>
        <time>2026-02-02T13:13:24.731000Z</time>
      </trkpt>
      <trkpt lat="46.08414" lon="8.6922">
        <ele>234.64</ele>
        <time>2026-02-02T13:14:03.753000Z</time>
      </trkpt>
      <trkpt lat="46.08455" lon="8.69199">
        <ele>235.31</ele>
        <time>2026-02-02T13:14:13.439000Z</time>
      </trkpt>
      <trkpt lat="46.08484" lon="8.69182">
        <ele>238.46</ele>
        <time>2026-02-02T13:14:20.549000Z</time>
      </trkpt>
      <trkpt lat="46.08551" lon="8.69131">
        <ele>245.92</ele>
        <time>2026-02-02T13:14:37.385000Z</time>
      </trkpt>
      <trkpt lat="46.08567" lon="8.69117">
        <ele>247.71</ele>
        <time>2026-02-02T13:14:41.504000Z</time>
      </trkpt>
      <trkpt lat="46.08575" lon="8.69109">
        <ele>248.21</ele>
        <time>2026-02-02T13:14:44.066000Z</time>
      </trkpt>
      <trkpt lat="46.0859" lon="8.69099">
        <ele>246.21</ele>
        <time>2026-02-02T13:14:47.292000Z</time>
      </trkpt>
      <trkpt lat="46.08604" lon="8.69092">
        <ele>244.29</ele>
        <time>2026-02-02T13:14:50.419000Z</time>
      </trkpt>
      <trkpt lat="46.08618" lon="8.69091">
        <ele>242.71</ele>
        <time>2026-02-02T13:14:53.110000Z</time>
      </trkpt>
      <trkpt lat="46.08627" lon="8.69092">
        <ele>239.82</ele>
        <time>2026-02-02T13:14:55.026000Z</time>
      </trkpt>
      <trkpt lat="46.08637" lon="8.69095">
        <ele>236.39</ele>
        <time>2026-02-02T13:14:57.311000Z</time>
      </trkpt>
      <trkpt lat="46.08674" lon="8.69113">
        <ele>224.17</ele>
        <time>2026-02-02T13:15:05.521000Z</time>
      </trkpt>
      <trkpt lat="46.08717" lon="8.69134">
        <ele>218.64</ele>
        <time>2026-02-02T13:15:14.709000Z</time>
      </trkpt>
      <trkpt lat="46.08733" lon="8.69141">
        <ele>219.06</ele>
        <time>2026-02-02T13:15:18.855000Z</time>
      </trkpt>
      <trkpt lat="46.08754" lon="8.69144">
        <ele>219.58</ele>
        <time>2026-02-02T13:15:24.090000Z</time>
      </trkpt>
      <trkpt lat="46.08793" lon="8.6914">
        <ele>220.52</ele>
        <time>2026-02-02T13:15:33.729000Z</time>
      </trkpt>
      <trkpt lat="46.08827" lon="8.69128">
        <ele>226.57</ele>
        <time>2026-02-02T13:15:42.485000Z</time>
      </trkpt>
      <trkpt lat="46.08857" lon="8.6912">
        <ele>231.77</ele>
        <time>2026-02-02T13:15:50.004000Z</time>
      </trkpt>
      <trkpt lat="46.08915" lon="8.69116">
        <ele>235.95</ele>
        <time>2026-02-02T13:16:04.472000Z</time>
      </trkpt>
      <trkpt lat="46.08976" lon="8.69122">
        <ele>236.39</ele>
        <time>2026-02-02T13:16:19.658000Z</time>
      </trkpt>
      <trkpt lat="46.08998" lon="8.69127">
        <ele>236.54</ele>
        <time>2026-02-02T13:16:25.148000Z</time>
      </trkpt>
      <trkpt lat="46.09018" lon="8.69133">
        <ele>236.83</ele>
        <time>2026-02-02T13:16:30.263000Z</time>
      </trkpt>
      <trkpt lat="46.09078" lon="8.69151">
        <ele>237.12</ele>
        <time>2026-02-02T13:16:46.390000Z</time>
      </trkpt>
      <trkpt lat="46.09095" lon="8.69155">
        <ele>237.25</ele>
        <time>2026-02-02T13:16:51.138000Z</time>
      </trkpt>
      <trkpt lat="46.09107" lon="8.69154">
        <ele>237.33</ele>
        <time>2026-02-02T13:16:54.108000Z</time>
      </trkpt>
      <trkpt lat="46.09119" lon="8.69148">
        <ele>237.41</ele>
        <time>2026-02-02T13:16:57.505000Z</time>
      </trkpt>
      <trkpt lat="46.09127" lon="8.69137">
        <ele>246.0</ele>
        <time>2026-02-02T13:17:00.388000Z</time>
      </trkpt>
      <trkpt lat="46.09143" lon="8.69096">
        <ele>271.58</ele>
        <time>2026-02-02T13:17:09.001000Z</time>
      </trkpt>
      <trkpt lat="46.09153" lon="8.69081">
        <ele>282.54</ele>
        <time>2026-02-02T13:17:12.798000Z</time>
      </trkpt>
      <trkpt lat="46.09165" lon="8.69073">
        <ele>288.04</ele>
        <time>2026-02-02T13:17:16.247000Z</time>
      </trkpt>
      <trkpt lat="46.09174" lon="8.69071">
        <ele>291.68</ele>
        <time>2026-02-02T13:17:18.581000Z</time>
      </trkpt>
      <trkpt lat="46.09188" lon="8.69074">
        <ele>290.19</ele>
        <time>2026-02-02T13:17:22.385000Z</time>
      </trkpt>
      <trkpt lat="46.09226" lon="8.69086">
        <ele>273.27</ele>
        <time>2026-02-02T13:17:32.427000Z</time>
      </trkpt>
      <trkpt lat="46.09263" lon="8.69082">
        <ele>267.94</ele>
        <time>2026-02-02T13:17:42.266000Z</time>
      </trkpt>
      <trkpt lat="46.09275" lon="8.69083">
        <ele>266.27</ele>
        <time>2026-02-02T13:17:45.367000Z</time>
      </trkpt>
      <trkpt lat="46.09284" lon="8.69087">
        <ele>261.77</ele>
        <time>2026-02-02T13:17:47.829000Z</time>
      </trkpt>
      <trkpt lat="46.09287" lon="8.6909">
        <ele>259.81</ele>
        <time>2026-02-02T13:17:48.936000Z</time>
      </trkpt>
      <trkpt lat="46.09291" lon="8.69084">
        <ele>262.62</ele>
        <time>2026-02-02T13:17:51.109000Z</time>
      </trkpt>
      <trkpt lat="46.09295" lon="8.69079">
        <ele>264.89</ele>
        <time>2026-02-02T13:17:52.848000Z</time>
      </trkpt>
      <trkpt lat="46.09299" lon="8.69078">
        <ele>266.27</ele>
        <time>2026-02-02T13:17:54.102000Z</time>
      </trkpt>
      <trkpt lat="46.09309" lon="8.69091">
        <ele>257.56</ele>
        <time>2026-02-02T13:17:58.610000Z</time>
      </trkpt>
      <trkpt lat="46.09312" lon="8.69097">
        <ele>252.64</ele>
        <time>2026-02-02T13:18:00.593000Z</time>
      </trkpt>
      <trkpt lat="46.09312" lon="8.69104">
        <ele>248.54</ele>
        <time>2026-02-02T13:18:02.278000Z</time>
      </trkpt>
      <trkpt lat="46.09305" lon="8.69118">
        <ele>240.91</ele>
        <time>2026-02-02T13:18:06.426000Z</time>
      </trkpt>
      <trkpt lat="46.09325" lon="8.69158">
        <ele>222.86</ele>
        <time>2026-02-02T13:18:14.152000Z</time>
      </trkpt>
      <trkpt lat="46.09351" lon="8.69203">
        <ele>217.59</ele>
        <time>2026-02-02T13:18:22.284000Z</time>
      </trkpt>
      <trkpt lat="46.09367" lon="8.69231">
        <ele>218.91</ele>
        <time>2026-02-02T13:18:27.985000Z</time>
      </trkpt>
      <trkpt lat="46.09383" lon="8.69248">
        <ele>219.91</ele>
        <time>2026-02-02T13:18:32.316000Z</time>
      </trkpt>
      <trkpt lat="46.09411" lon="8.69267">
        <ele>221.52</ele>
        <time>2026-02-02T13:18:39.295000Z</time>
      </trkpt>
      <trkpt lat="46.09445" lon="8.69284">
        <ele>223.35</ele>
        <time>2026-02-02T13:18:47.221000Z</time>
      </trkpt>
      <trkpt lat="46.0946" lon="8.69289">
        <ele>224.22</ele>
        <time>2026-02-02T13:18:50.781000Z</time>
      </trkpt>
      <trkpt lat="46.09445" lon="8.69284">
        <ele>223.35</ele>
        <time>2026-02-02T13:18:54.137000Z</time>
      </trkpt>
      <trkpt lat="46.09411" lon="8.69267">
        <ele>221.52</ele>
        <time>2026-02-02T13:19:02.066000Z</time>
      </trkpt>
      <trkpt lat="46.09383" lon="8.69248">
        <ele>219.91</ele>
        <time>2026-02-02T13:19:09.047000Z</time>
      </trkpt>
      <trkpt lat="46.09367" lon="8.69231">
        <ele>218.91</ele>
        <time>2026-02-02T13:19:13.380000Z</time>
      </trkpt>
      <trkpt lat="46.09351" lon="8.69203">
        <ele>217.59</ele>
        <time>2026-02-02T13:19:19.083000Z</time>
      </trkpt>
      <trkpt lat="46.09359" lon="8.69206">
        <ele>217.96</ele>
        <time>2026-02-02T13:19:21.439000Z</time>
      </trkpt>
      <trkpt lat="46.09374" lon="8.69229">
        <ele>218.95</ele>
        <time>2026-02-02T13:19:27.639000Z</time>
      </trkpt>
      <trkpt lat="46.09385" lon="8.69235">
        <ele>219.43</ele>
        <time>2026-02-02T13:19:31.026000Z</time>
      </trkpt>
      <trkpt lat="46.09423" lon="8.69241">
        <ele>225.06</ele>
        <time>2026-02-02T13:19:41.654000Z</time>
      </trkpt>
      <trkpt lat="46.09442" lon="8.69248">
        <ele>227.89</ele>
        <time>2026-02-02T13:19:47.061000Z</time>
      </trkpt>
      <trkpt lat="46.09446" lon="8.69248">
        <ele>229.49</ele>
        <time>2026-02-02T13:19:48.422000Z</time>
      </trkpt>
      <trkpt lat="46.0945" lon="8.69243">
        <ele>230.98</ele>
        <time>2026-02-02T13:19:49.704000Z</time>
      </trkpt>
      <trkpt lat="46.0945" lon="8.69239">
        <ele>231.83</ele>
        <time>2026-02-02T13:19:50.448000Z</time>
      </trkpt>
      <trkpt lat="46.09449" lon="8.69237">
        <ele>232.5</ele>
        <time>2026-02-02T13:19:51.019000Z</time>
      </trkpt>
      <trkpt lat="46.09444" lon="8.69234">
        <ele>231.17</ele>
        <time>2026-02-02T13:19:52.626000Z</time>
      </trkpt>
      <trkpt lat="46.09435" lon="8.69228">
        <ele>230.21</ele>
        <time>2026-02-02T13:19:55.257000Z</time>
      </trkpt>
      <trkpt lat="46.09423" lon="8.69216">
        <ele>230.3</ele>
        <time>2026-02-02T13:19:59.333000Z</time>
      </trkpt>
      <trkpt lat="46.09402" lon="8.69196">
        <ele>232.17</ele>
        <time>2026-02-02T13:20:05.734000Z</time>
      </trkpt>
      <trkpt lat="46.09394" lon="8.69185">
        <ele>232.94</ele>
        <time>2026-02-02T13:20:08.381000Z</time>
      </trkpt>
      <trkpt lat="46.09388" lon="8.69168">
        <ele>233.89</ele>
        <time>2026-02-02T13:20:11.663000Z</time>
      </trkpt>
      <trkpt lat="46.09378" lon="8.69148">
        <ele>235.14</ele>
        <time>2026-02-02T13:20:15.979000Z</time>
      </trkpt>
      <trkpt lat="46.09378" lon="8.69141">
        <ele>235.29</ele>
        <time>2026-02-02T13:20:17.164000Z</time>
      </trkpt>
      <trkpt lat="46.0938" lon="8.69138">
        <ele>236.94</ele>
        <time>2026-02-02T13:20:17.799000Z</time>
      </trkpt>
      <trkpt lat="46.09383" lon="8.69139">
        <ele>236.89</ele>
        <time>2026-02-02T13:20:18.399000Z</time>
      </trkpt>
      <trkpt lat="46.09393" lon="8.69161">
        <ele>236.57</ele>
        <time>2026-02-02T13:20:22.438000Z</time>
      </trkpt>
      <trkpt lat="46.094" lon="8.69167">
        <ele>236.43</ele>
        <time>2026-02-02T13:20:24.234000Z</time>
      </trkpt>
      <trkpt lat="46.09405" lon="8.69167">
        <ele>236.36</ele>
        <time>2026-02-02T13:20:25.440000Z</time>
      </trkpt>
      <trkpt lat="46.0942" lon="8.69166">
        <ele>240.22</ele>
        <time>2026-02-02T13:20:45.370000Z</time>
      </trkpt>
      <trkpt lat="46.09433" lon="8.69166">
        <ele>243.58</ele>
        <time>2026-02-02T13:21:02.908000Z</time>
      </trkpt>
      <trkpt lat="46.09438" lon="8.69168">
        <ele>243.78</ele>
        <time>2026-02-02T13:21:04.488000Z</time>
      </trkpt>
      <trkpt lat="46.09453" lon="8.69177">
        <ele>244.34</ele>
        <time>2026-02-02T13:21:08.951000Z</time>
      </trkpt>
      <trkpt lat="46.09472" lon="8.69205">
        <ele>245.29</ele>
        <time>2026-02-02T13:21:16.519000Z</time>
      </trkpt>
      <trkpt lat="46.09488" lon="8.69221">
        <ele>245.95</ele>
        <time>2026-02-02T13:21:22.146000Z</time>
      </trkpt>
      <trkpt lat="46.09499" lon="8.69227">
        <ele>248.72</ele>
        <time>2026-02-02T13:21:25.324000Z</time>
      </trkpt>
      <trkpt lat="46.09511" lon="8.69229">
        <ele>251.75</ele>
        <time>2026-02-02T13:21:28.821000Z</time>
      </trkpt>
      <trkpt lat="46.09539" lon="8.69228">
        <ele>258.38</ele>
        <time>2026-02-02T13:21:36.695000Z</time>
      </trkpt>
      <trkpt lat="46.0956" lon="8.69244">
        <ele>259.37</ele>
        <time>2026-02-02T13:21:43.200000Z</time>
      </trkpt>
      <trkpt lat="46.09577" lon="8.69256">
        <ele>260.19</ele>
        <time>2026-02-02T13:21:48.620000Z</time>
      </trkpt>
      <trkpt lat="46.09582" lon="8.69265">
        <ele>259.97</ele>
        <time>2026-02-02T13:21:52.564000Z</time>
      </trkpt>
      <trkpt lat="46.09589" lon="8.69276">
        <ele>259.63</ele>
        <time>2026-02-02T13:21:57.825000Z</time>
      </trkpt>
      <trkpt lat="46.09624" lon="8.69297">
        <ele>258.38</ele>
        <time>2026-02-02T13:22:16.672000Z</time>
      </trkpt>
      <trkpt lat="46.09636" lon="8.69304">
        <ele>259.02</ele>
        <time>2026-02-02T13:22:19.311000Z</time>
      </trkpt>
      <trkpt lat="46.09647" lon="8.69314">
        <ele>259.75</ele>
        <time>2026-02-02T13:22:22.069000Z</time>
      </trkpt>
      <trkpt lat="46.09657" lon="8.69317">
        <ele>260.29</ele>
        <time>2026-02-02T13:22:24.129000Z</time>
      </trkpt>
      <trkpt lat="46.09664" lon="8.69317">
        <ele>260.68</ele>
        <time>2026-02-02T13:22:25.615000Z</time>
      </trkpt>
      <trkpt lat="46.09673" lon="8.6932">
        <ele>261.23</ele>
        <time>2026-02-02T13:22:27.713000Z</time>
      </trkpt>
      <trkpt lat="46.09685" lon="8.6933">
        <ele>260.02</ele>
        <time>2026-02-02T13:22:30.463000Z</time>
      </trkpt>
      <trkpt lat="46.0969" lon="8.69336">
        <ele>256.1</ele>
        <time>2026-02-02T13:22:31.853000Z</time>
      </trkpt>
      <trkpt lat="46.0968" lon="8.69351">
        <ele>247.74</ele>
        <time>2026-02-02T13:22:34.808000Z</time>
      </trkpt>
      <trkpt lat="46.09684" lon="8.69357">
        <ele>245.82</ele>
        <time>2026-02-02T13:22:36.072000Z</time>
      </trkpt>
      <trkpt lat="46.09696" lon="8.69366">
        <ele>244.51</ele>
        <time>2026-02-02T13:22:38.828000Z</time>
      </trkpt>
      <trkpt lat="46.09705" lon="8.69372">
        <ele>244.28</ele>
        <time>2026-02-02T13:22:41.041000Z</time>
      </trkpt>
      <trkpt lat="46.09706" lon="8.69374">
        <ele>244.44</ele>
        <time>2026-02-02T13:22:41.389000Z</time>
      </trkpt>
      <trkpt lat="46.09704" lon="8.69376">
        <ele>243.25</ele>
        <time>2026-02-02T13:22:41.888000Z</time>
      </trkpt>
      <trkpt lat="46.097" lon="8.69376">
        <ele>241.09</ele>
        <time>2026-02-02T13:22:42.757000Z</time>
      </trkpt>
      <trkpt lat="46.09686" lon="8.69384">
        <ele>233.17</ele>
        <time>2026-02-02T13:22:45.990000Z</time>
      </trkpt>
      <trkpt lat="46.09698" lon="8.69383">
        <ele>235.62</ele>
        <time>2026-02-02T13:22:48.832000Z</time>
      </trkpt>
      <trkpt lat="46.09709" lon="8.69388">
        <ele>237.7</ele>
        <time>2026-02-02T13:22:51.321000Z</time>
      </trkpt>
      <trkpt lat="46.09739" lon="8.69412">
        <ele>237.14</ele>
        <time>2026-02-02T13:22:59.360000Z</time>
      </trkpt>
      <trkpt lat="46.09747" lon="8.69416">
        <ele>237.01</ele>
        <time>2026-02-02T13:23:01.208000Z</time>
      </trkpt>
      <trkpt lat="46.09756" lon="8.69416">
        <ele>239.26</ele>
        <time>2026-02-02T13:23:03.338000Z</time>
      </trkpt>
      <trkpt lat="46.09764" lon="8.69414">
        <ele>241.19</ele>
        <time>2026-02-02T13:23:05.188000Z</time>
      </trkpt>
      <trkpt lat="46.09791" lon="8.69403">
        <ele>247.96</ele>
        <time>2026-02-02T13:23:11.622000Z</time>
      </trkpt>
      <trkpt lat="46.09802" lon="8.69395">
        <ele>250.57</ele>
        <time>2026-02-02T13:23:14.249000Z</time>
      </trkpt>
      <trkpt lat="46.09836" lon="8.69362">
        <ele>265.3</ele>
        <time>2026-02-02T13:23:23.635000Z</time>
      </trkpt>
      <trkpt lat="46.09847" lon="8.69354">
        <ele>269.72</ele>
        <time>2026-02-02T13:23:26.461000Z</time>
      </trkpt>
      <trkpt lat="46.0986" lon="8.6935">
        <ele>271.2</ele>
        <time>2026-02-02T13:23:29.702000Z</time>
      </trkpt>
      <trkpt lat="46.09872" lon="8.69349">
        <ele>272.36</ele>
        <time>2026-02-02T13:23:32.272000Z</time>
      </trkpt>
      <trkpt lat="46.09886" lon="8.69353">
        <ele>269.12</ele>
        <time>2026-02-02T13:23:35.569000Z</time>
      </trkpt>
      <trkpt lat="46.09905" lon="8.69365">
        <ele>264.35</ele>
        <time>2026-02-02T13:23:40.463000Z</time>
      </trkpt>
      <trkpt lat="46.09922" lon="8.69385">
        <ele>254.13</ele>
        <time>2026-02-02T13:23:45.484000Z</time>
      </trkpt>
      <trkpt lat="46.09948" lon="8.69434">
        <ele>238.67</ele>
        <time>2026-02-02T13:23:55.102000Z</time>
      </trkpt>
      <trkpt lat="46.09958" lon="8.69449">
        <ele>234.89</ele>
        <time>2026-02-02T13:23:58.507000Z</time>
      </trkpt>
      <trkpt lat="46.09968" lon="8.69456">
        <ele>237.29</ele>
        <time>2026-02-02T13:24:01.010000Z</time>
      </trkpt>
      <trkpt lat="46.0998" lon="8.6946">
        <ele>240.04</ele>
        <time>2026-02-02T13:24:03.895000Z</time>
      </trkpt>
      <trkpt lat="46.10004" lon="8.69466">
        <ele>245.21</ele>
        <time>2026-02-02T13:24:09.371000Z</time>
      </trkpt>
      <trkpt lat="46.10013" lon="8.69469">
        <ele>245.39</ele>
        <time>2026-02-02T13:24:11.217000Z</time>
      </trkpt>
      <trkpt lat="46.10025" lon="8.69474">
        <ele>245.64</ele>
        <time>2026-02-02T13:24:13.794000Z</time>
      </trkpt>
      <trkpt lat="46.10036" lon="8.69485">
        <ele>245.91</ele>
        <time>2026-02-02T13:24:16.587000Z</time>
      </trkpt>
      <trkpt lat="46.10049" lon="8.695">
        <ele>246.21</ele>
        <time>2026-02-02T13:24:19.911000Z</time>
      </trkpt>
      <trkpt lat="46.10063" lon="8.69528">
        <ele>239.57</ele>
        <time>2026-02-02T13:24:24.910000Z</time>
      </trkpt>
      <trkpt lat="46.10078" lon="8.69565">
        <ele>231.47</ele>
        <time>2026-02-02T13:24:31.015000Z</time>
      </trkpt>
      <trkpt lat="46.10132" lon="8.6966">
        <ele>217.67</ele>
        <time>2026-02-02T13:24:48.532000Z</time>
      </trkpt>
      <trkpt lat="46.10144" lon="8.69674">
        <ele>217.98</ele>
        <time>2026-02-02T13:24:51.907000Z</time>
      </trkpt>
      <trkpt lat="46.10155" lon="8.6968">
        <ele>218.22</ele>
        <time>2026-02-02T13:24:54.389000Z</time>
      </trkpt>
      <trkpt lat="46.10162" lon="8.69681">
        <ele>218.34</ele>
        <time>2026-02-02T13:24:55.946000Z</time>
      </trkpt>
      <trkpt lat="46.10176" lon="8.69675">
        <ele>221.9</ele>
        <time>2026-02-02T13:25:15.811000Z</time>
      </trkpt>
      <trkpt lat="46.10176" lon="8.69675">
        <ele>221.9</ele>
        <time>2026-02-02T13:25:15.811000Z</time>
      </trkpt>
      <trkpt lat="46.10189" lon="8.69668">
        <ele>227.71</ele>
        <time>2026-02-02T13:25:36.403000Z</time>
      </trkpt>
      <trkpt lat="46.10193" lon="8.69666">
        <ele>230.42</ele>
        <time>2026-02-02T13:25:37.525000Z</time>
      </trkpt>
      <trkpt lat="46.10198" lon="8.69664">
        <ele>233.22</ele>
        <time>2026-02-02T13:25:38.683000Z</time>
      </trkpt>
      <trkpt lat="46.10212" lon="8.69657">
        <ele>242.37</ele>
        <time>2026-02-02T13:26:01.585000Z</time>
      </trkpt>
      <trkpt lat="46.10212" lon="8.69657">
        <ele>242.37</ele>
        <time>2026-02-02T13:26:01.585000Z</time>
      </trkpt>
      <trkpt lat="46.10216" lon="8.69656">
        <ele>244.68</ele>
        <time>2026-02-02T13:26:02.563000Z</time>
      </trkpt>
      <trkpt lat="46.10221" lon="8.69658">
        <ele>246.37</ele>
        <time>2026-02-02T13:26:03.836000Z</time>
      </trkpt>
      <trkpt lat="46.1024" lon="8.69677">
        <ele>244.82</ele>
        <time>2026-02-02T13:26:08.565000Z</time>
      </trkpt>
      <trkpt lat="46.10249" lon="8.69687">
        <ele>242.75</ele>
        <time>2026-02-02T13:26:10.835000Z</time>
      </trkpt>
      <trkpt lat="46.10265" lon="8.69703">
        <ele>240.69</ele>
        <time>2026-02-02T13:26:14.853000Z</time>
      </trkpt>
      <trkpt lat="46.10274" lon="8.69708">
        <ele>239.31</ele>
        <time>2026-02-02T13:26:16.942000Z</time>
      </trkpt>
      <trkpt lat="46.10284" lon="8.69711">
        <ele>243.84</ele>
        <time>2026-02-02T13:26:18.965000Z</time>
      </trkpt>
      <trkpt lat="46.10304" lon="8.69714">
        <ele>253.28</ele>
        <time>2026-02-02T13:26:23.169000Z</time>
      </trkpt>
      <trkpt lat="46.10341" lon="8.69713">
        <ele>270.29</ele>
        <time>2026-02-02T13:26:30.748000Z</time>
      </trkpt>
      <trkpt lat="46.10369" lon="8.69715">
        <ele>278.44</ele>
        <time>2026-02-02T13:26:36.510000Z</time>
      </trkpt>
      <trkpt lat="46.10386" lon="8.69722">
        <ele>280.87</ele>
        <time>2026-02-02T13:26:39.988000Z</time>
      </trkpt>
      <trkpt lat="46.10415" lon="8.69743">
        <ele>278.27</ele>
        <time>2026-02-02T13:26:46.759000Z</time>
      </trkpt>
      <trkpt lat="46.10451" lon="8.69761">
        <ele>275.32</ele>
        <time>2026-02-02T13:26:54.394000Z</time>
      </trkpt>
      <trkpt lat="46.10465" lon="8.6977">
        <ele>274.12</ele>
        <time>2026-02-02T13:26:57.555000Z</time>
      </trkpt>
      <trkpt lat="46.10473" lon="8.69779">
        <ele>270.67</ele>
        <time>2026-02-02T13:26:59.705000Z</time>
      </trkpt>
      <trkpt lat="46.10495" lon="8.69813">
        <ele>260.33</ele>
        <time>2026-02-02T13:27:06.212000Z</time>
      </trkpt>
      <trkpt lat="46.10506" lon="8.69821">
        <ele>260.77</ele>
        <time>2026-02-02T13:27:08.795000Z</time>
      </trkpt>
      <trkpt lat="46.10519" lon="8.69826">
        <ele>261.27</ele>
        <time>2026-02-02T13:27:11.674000Z</time>
      </trkpt>
      <trkpt lat="46.10529" lon="8.69832">
        <ele>261.64</ele>
        <time>2026-02-02T13:27:13.865000Z</time>
      </trkpt>
      <trkpt lat="46.1054" lon="8.69839">
        <ele>262.05</ele>
        <time>2026-02-02T13:27:16.178000Z</time>
      </trkpt>
      <trkpt lat="46.10548" lon="8.69847">
        <ele>262.38</ele>
        <time>2026-02-02T13:27:18.171000Z</time>
      </trkpt>
      <trkpt lat="46.1056" lon="8.69863">
        <ele>258.16</ele>
        <time>2026-02-02T13:27:21.626000Z</time>
      </trkpt>
      <trkpt lat="46.10579" lon="8.699">
        <ele>250.14</ele>
        <time>2026-02-02T13:27:28.183000Z</time>
      </trkpt>
      <trkpt lat="46.10595" lon="8.69918">
        <ele>245.26</ele>
        <time>2026-02-02T13:27:32.303000Z</time>
      </trkpt>
      <trkpt lat="46.1065" lon="8.69961">
        <ele>247.58</ele>
        <time>2026-02-02T13:27:45.132000Z</time>
      </trkpt>
      <trkpt lat="46.10691" lon="8.69992">
        <ele>252.76</ele>
        <time>2026-02-02T13:27:54.618000Z</time>
      </trkpt>
      <trkpt lat="46.10695" lon="8.69995">
        <ele>252.43</ele>
        <time>2026-02-02T13:27:55.477000Z</time>
      </trkpt>
      <trkpt lat="46.10701" lon="8.7">
        <ele>251.79</ele>
        <time>2026-02-02T13:27:56.971000Z</time>
      </trkpt>
      <trkpt lat="46.10713" lon="8.70008">
        <ele>251.15</ele>
        <time>2026-02-02T13:27:59.801000Z</time>
      </trkpt>
      <trkpt lat="46.10751" lon="8.70024">
        <ele>253.27</ele>
        <time>2026-02-02T13:28:09.433000Z</time>
      </trkpt>
      <trkpt lat="46.1078" lon="8.70034">
        <ele>254.89</ele>
        <time>2026-02-02T13:28:16.803000Z</time>
      </trkpt>
      <trkpt lat="46.10796" lon="8.70044">
        <ele>252.75</ele>
        <time>2026-02-02T13:28:20.422000Z</time>
      </trkpt>
      <trkpt lat="46.10805" lon="8.70052">
        <ele>251.52</ele>
        <time>2026-02-02T13:28:22.508000Z</time>
      </trkpt>
      <trkpt lat="46.10871" lon="8.70114">
        <ele>242.12</ele>
        <time>2026-02-02T13:28:38.475000Z</time>
      </trkpt>
      <trkpt lat="46.10893" lon="8.70131">
        <ele>242.39</ele>
        <time>2026-02-02T13:28:43.667000Z</time>
      </trkpt>
      <trkpt lat="46.1091" lon="8.70145">
        <ele>242.59</ele>
        <time>2026-02-02T13:28:47.628000Z</time>
      </trkpt>
      <trkpt lat="46.10911" lon="8.70145">
        <ele>242.68</ele>
        <time>2026-02-02T13:28:47.790000Z</time>
      </trkpt>
      <trkpt lat="46.10975" lon="8.70193">
        <ele>242.76</ele>
        <time>2026-02-02T13:29:03.970000Z</time>
      </trkpt>
      <trkpt lat="46.11005" lon="8.70218">
        <ele>242.84</ele>
        <time>2026-02-02T13:29:11.641000Z</time>
      </trkpt>
      <trkpt lat="46.11062" lon="8.70274">
        <ele>243.0</ele>
        <time>2026-02-02T13:29:27.043000Z</time>
      </trkpt>
      <trkpt lat="46.11115" lon="8.70322">
        <ele>243.09</ele>
        <time>2026-02-02T13:29:40.940000Z</time>
      </trkpt>
      <trkpt lat="46.11128" lon="8.70334">
        <ele>243.18</ele>
        <time>2026-02-02T13:29:44.539000Z</time>
      </trkpt>
      <trkpt lat="46.11168" lon="8.70373">
        <ele>241.31</ele>
        <time>2026-02-02T13:29:54.422000Z</time>
      </trkpt>
      <trkpt lat="46.11185" lon="8.70397">
        <ele>240.4</ele>
        <time>2026-02-02T13:29:59.295000Z</time>
      </trkpt>
      <trkpt lat="46.11203" lon="8.70435">
        <ele>231.13</ele>
        <time>2026-02-02T13:30:05.821000Z</time>
      </trkpt>
      <trkpt lat="46.11208" lon="8.70449">
        <ele>227.95</ele>
        <time>2026-02-02T13:30:08.049000Z</time>
      </trkpt>
      <trkpt lat="46.11213" lon="8.7046">
        <ele>225.22</ele>
        <time>2026-02-02T13:30:09.950000Z</time>
      </trkpt>
      <trkpt lat="46.11221" lon="8.70478">
        <ele>221.19</ele>
        <time>2026-02-02T13:30:13.029000Z</time>
      </trkpt>
      <trkpt lat="46.11236" lon="8.70513">
        <ele>221.22</ele>
        <time>2026-02-02T13:30:19.458000Z</time>
      </trkpt>
      <trkpt lat="46.11244" lon="8.70528">
        <ele>221.24</ele>
        <time>2026-02-02T13:30:22.266000Z</time>
      </trkpt>
      <trkpt lat="46.11256" lon="8.70549">
        <ele>221.26</ele>
        <time>2026-02-02T13:30:26.688000Z</time>
      </trkpt>
      <trkpt lat="46.11274" lon="8.70572">
        <ele>221.07</ele>
        <time>2026-02-02T13:30:31.942000Z</time>
      </trkpt>
      <trkpt lat="46.11291" lon="8.70589">
        <ele>220.04</ele>
        <time>2026-02-02T13:30:35.652000Z</time>
      </trkpt>
      <trkpt lat="46.11296" lon="8.70595">
        <ele>219.74</ele>
        <time>2026-02-02T13:30:36.991000Z</time>
      </trkpt>
      <trkpt lat="46.11312" lon="8.70607">
        <ele>220.06</ele>
        <time>2026-02-02T13:30:40.584000Z</time>
      </trkpt>
      <trkpt lat="46.11328" lon="8.70614">
        <ele>220.36</ele>
        <time>2026-02-02T13:30:43.985000Z</time>
      </trkpt>
      <trkpt lat="46.1135" lon="8.70615">
        <ele>222.82</ele>
        <time>2026-02-02T13:30:49.393000Z</time>
      </trkpt>
      <trkpt lat="46.11391" lon="8.70615">
        <ele>227.53</ele>
        <time>2026-02-02T13:30:59.777000Z</time>
      </trkpt>
      <trkpt lat="46.11402" lon="8.70617">
        <ele>228.65</ele>
        <time>2026-02-02T13:31:02.577000Z</time>
      </trkpt>
      <trkpt lat="46.1142" lon="8.7062">
        <ele>230.22</ele>
        <time>2026-02-02T13:31:07.030000Z</time>
      </trkpt>
      <trkpt lat="46.11424" lon="8.70621">
        <ele>230.48</ele>
        <time>2026-02-02T13:31:07.993000Z</time>
      </trkpt>
      <trkpt lat="46.11447" lon="8.70629">
        <ele>232.16</ele>
        <time>2026-02-02T13:31:13.357000Z</time>
      </trkpt>
      <trkpt lat="46.11464" lon="8.70643">
        <ele>233.54</ele>
        <time>2026-02-02T13:31:17.829000Z</time>
      </trkpt>
      <trkpt lat="46.11487" lon="8.70666">
        <ele>235.35</ele>
        <time>2026-02-02T13:31:23.957000Z</time>
      </trkpt>
      <trkpt lat="46.11531" lon="8.70712">
        <ele>234.38</ele>
        <time>2026-02-02T13:31:34.804000Z</time>
      </trkpt>
      <trkpt lat="46.11544" lon="8.70722">
        <ele>234.1</ele>
        <time>2026-02-02T13:31:37.855000Z</time>
      </trkpt>
      <trkpt lat="46.116" lon="8.70751">
        <ele>233.04</ele>
        <time>2026-02-02T13:31:49.706000Z</time>
      </trkpt>
      <trkpt lat="46.1163" lon="8.70768">
        <ele>232.47</ele>
        <time>2026-02-02T13:31:56.110000Z</time>
      </trkpt>
      <trkpt lat="46.11719" lon="8.7084">
        <ele>230.65</ele>
        <time>2026-02-02T13:32:16.598000Z</time>
      </trkpt>
      <trkpt lat="46.11761" lon="8.70872">
        <ele>230.26</ele>
        <time>2026-02-02T13:32:26.037000Z</time>
      </trkpt>
      <trkpt lat="46.11766" lon="8.70876">
        <ele>229.88</ele>
        <time>2026-02-02T13:32:27.335000Z</time>
      </trkpt>
      <trkpt lat="46.11802" lon="8.70907">
        <ele>227.65</ele>
        <time>2026-02-02T13:32:34.992000Z</time>
      </trkpt>
      <trkpt lat="46.11809" lon="8.70913">
        <ele>227.26</ele>
        <time>2026-02-02T13:32:36.367000Z</time>
      </trkpt>
      <trkpt lat="46.11822" lon="8.70928">
        <ele>226.09</ele>
        <time>2026-02-02T13:32:39.456000Z</time>
      </trkpt>
      <trkpt lat="46.11849" lon="8.70959">
        <ele>222.32</ele>
        <time>2026-02-02T13:32:45.788000Z</time>
      </trkpt>
      <trkpt lat="46.11866" lon="8.7098">
        <ele>222.83</ele>
        <time>2026-02-02T13:32:50.171000Z</time>
      </trkpt>
      <trkpt lat="46.11875" lon="8.70996">
        <ele>223.63</ele>
        <time>2026-02-02T13:32:53.402000Z</time>
      </trkpt>
      <trkpt lat="46.11882" lon="8.71009">
        <ele>224.25</ele>
        <time>2026-02-02T13:32:55.961000Z</time>
      </trkpt>
      <trkpt lat="46.11893" lon="8.71029">
        <ele>223.84</ele>
        <time>2026-02-02T13:32:59.579000Z</time>
      </trkpt>
      <trkpt lat="46.119" lon="8.71038">
        <ele>223.65</ele>
        <time>2026-02-02T13:33:01.342000Z</time>
      </trkpt>
      <trkpt lat="46.11901" lon="8.71039">
        <ele>223.63</ele>
        <time>2026-02-02T13:33:01.646000Z</time>
      </trkpt>
      <trkpt lat="46.11914" lon="8.71054">
        <ele>222.72</ele>
        <time>2026-02-02T13:33:04.665000Z</time>
      </trkpt>
      <trkpt lat="46.11928" lon="8.7107">
        <ele>222.62</ele>
        <time>2026-02-02T13:33:08.291000Z</time>
      </trkpt>
      <trkpt lat="46.11933" lon="8.71075">
        <ele>223.1</ele>
        <time>2026-02-02T13:33:09.495000Z</time>
      </trkpt>
      <trkpt lat="46.11943" lon="8.71086">
        <ele>223.48</ele>
        <time>2026-02-02T13:33:12.020000Z</time>
      </trkpt>
      <trkpt lat="46.11957" lon="8.711">
        <ele>223.66</ele>
        <time>2026-02-02T13:33:15.416000Z</time>
      </trkpt>
      <trkpt lat="46.11969" lon="8.71109">
        <ele>223.79</ele>
        <time>2026-02-02T13:33:18.108000Z</time>
      </trkpt>
      <trkpt lat="46.11972" lon="8.71112">
        <ele>223.8</ele>
        <time>2026-02-02T13:33:18.747000Z</time>
      </trkpt>
      <trkpt lat="46.11986" lon="8.71119">
        <ele>224.11</ele>
        <time>2026-02-02T13:33:21.783000Z</time>
      </trkpt>
      <trkpt lat="46.12004" lon="8.71127">
        <ele>224.27</ele>
        <time>2026-02-02T13:33:25.710000Z</time>
      </trkpt>
      <trkpt lat="46.12033" lon="8.71127">
        <ele>226.78</ele>
        <time>2026-02-02T13:33:32.825000Z</time>
      </trkpt>
      <trkpt lat="46.12049" lon="8.71126">
        <ele>229.06</ele>
        <time>2026-02-02T13:33:43.981000Z</time>
      </trkpt>
      <trkpt lat="46.12063" lon="8.71127">
        <ele>229.48</ele>
        <time>2026-02-02T13:33:46.984000Z</time>
      </trkpt>
      <trkpt lat="46.12075" lon="8.71132">
        <ele>229.89</ele>
        <time>2026-02-02T13:33:49.855000Z</time>
      </trkpt>
      <trkpt lat="46.12086" lon="8.71138">
        <ele>230.25</ele>
        <time>2026-02-02T13:33:52.399000Z</time>
      </trkpt>
      <trkpt lat="46.12101" lon="8.71152">
        <ele>230.77</ele>
        <time>2026-02-02T13:33:56.295000Z</time>
      </trkpt>
      <trkpt lat="46.12111" lon="8.71161">
        <ele>231.35</ele>
        <time>2026-02-02T13:33:59.301000Z</time>
      </trkpt>
      <trkpt lat="46.12154" lon="8.71202">
        <ele>232.13</ele>
        <time>2026-02-02T13:34:10.829000Z</time>
      </trkpt>
      <trkpt lat="46.12157" lon="8.71205">
        <ele>232.9</ele>
        <time>2026-02-02T13:34:11.811000Z</time>
      </trkpt>
      <trkpt lat="46.12184" lon="8.71231">
        <ele>233.55</ele>
        <time>2026-02-02T13:34:18.977000Z</time>
      </trkpt>
      <trkpt lat="46.12207" lon="8.71242">
        <ele>234.03</ele>
        <time>2026-02-02T13:34:24.433000Z</time>
      </trkpt>
      <trkpt lat="46.12214" lon="8.71245">
        <ele>234.66</ele>
        <time>2026-02-02T13:34:26.009000Z</time>
      </trkpt>
      <trkpt lat="46.12234" lon="8.71257">
        <ele>233.15</ele>
        <time>2026-02-02T13:34:30.427000Z</time>
      </trkpt>
      <trkpt lat="46.12255" lon="8.71276">
        <ele>231.43</ele>
        <time>2026-02-02T13:34:35.437000Z</time>
      </trkpt>
      <trkpt lat="46.12275" lon="8.71298">
        <ele>229.7</ele>
        <time>2026-02-02T13:34:40.513000Z</time>
      </trkpt>
      <trkpt lat="46.12291" lon="8.71319">
        <ele>228.2</ele>
        <time>2026-02-02T13:34:44.918000Z</time>
      </trkpt>
      <trkpt lat="46.12306" lon="8.71344">
        <ele>226.71</ele>
        <time>2026-02-02T13:34:49.558000Z</time>
      </trkpt>
      <trkpt lat="46.12324" lon="8.71378">
        <ele>224.08</ele>
        <time>2026-02-02T13:34:55.534000Z</time>
      </trkpt>
      <trkpt lat="46.12336" lon="8.71401">
        <ele>221.45</ele>
        <time>2026-02-02T13:34:59.624000Z</time>
      </trkpt>
      <trkpt lat="46.1235" lon="8.71428">
        <ele>220.65</ele>
        <time>2026-02-02T13:35:05.520000Z</time>
      </trkpt>
      <trkpt lat="46.12367" lon="8.71457">
        <ele>219.75</ele>
        <time>2026-02-02T13:35:12.077000Z</time>
      </trkpt>
      <trkpt lat="46.12382" lon="8.71474">
        <ele>219.11</ele>
        <time>2026-02-02T13:35:16.793000Z</time>
      </trkpt>
      <trkpt lat="46.124" lon="8.71487">
        <ele>222.17</ele>
        <time>2026-02-02T13:35:21.735000Z</time>
      </trkpt>
      <trkpt lat="46.12414" lon="8.71495">
        <ele>224.53</ele>
        <time>2026-02-02T13:35:25.545000Z</time>
      </trkpt>
      <trkpt lat="46.12449" lon="8.71508">
        <ele>230.03</ele>
        <time>2026-02-02T13:35:34.453000Z</time>
      </trkpt>
      <trkpt lat="46.12459" lon="8.71513">
        <ele>231.7</ele>
        <time>2026-02-02T13:35:37.229000Z</time>
      </trkpt>
      <trkpt lat="46.12534" lon="8.71544">
        <ele>234.75</ele>
        <time>2026-02-02T13:35:56.486000Z</time>
      </trkpt>
      <trkpt lat="46.12569" lon="8.71558">
        <ele>233.59</ele>
        <time>2026-02-02T13:36:03.841000Z</time>
      </trkpt>
      <trkpt lat="46.1259" lon="8.71565">
        <ele>231.93</ele>
        <time>2026-02-02T13:36:08.304000Z</time>
      </trkpt>
      <trkpt lat="46.12613" lon="8.7157">
        <ele>232.83</ele>
        <time>2026-02-02T13:36:13.487000Z</time>
      </trkpt>
      <trkpt lat="46.12627" lon="8.7157">
        <ele>233.38</ele>
        <time>2026-02-02T13:36:16.650000Z</time>
      </trkpt>
      <trkpt lat="46.12694" lon="8.71559">
        <ele>235.98</ele>
        <time>2026-02-02T13:36:31.720000Z</time>
      </trkpt>
      <trkpt lat="46.12717" lon="8.71561">
        <ele>236.81</ele>
        <time>2026-02-02T13:36:36.678000Z</time>
      </trkpt>
      <trkpt lat="46.12742" lon="8.71571">
        <ele>234.94</ele>
        <time>2026-02-02T13:36:42.460000Z</time>
      </trkpt>
      <trkpt lat="46.12764" lon="8.71583">
        <ele>233.19</ele>
        <time>2026-02-02T13:36:47.839000Z</time>
      </trkpt>
      <trkpt lat="46.12777" lon="8.71587">
        <ele>232.23</ele>
        <time>2026-02-02T13:36:50.812000Z</time>
      </trkpt>
      <trkpt lat="46.12813" lon="8.71587">
        <ele>235.95</ele>
        <time>2026-02-02T13:36:58.763000Z</time>
      </trkpt>
      <trkpt lat="46.12822" lon="8.71589">
        <ele>236.11</ele>
        <time>2026-02-02T13:37:00.738000Z</time>
      </trkpt>
      <trkpt lat="46.12827" lon="8.71591">
        <ele>235.68</ele>
        <time>2026-02-02T13:37:02.171000Z</time>
      </trkpt>
      <trkpt lat="46.12842" lon="8.716">
        <ele>234.31</ele>
        <time>2026-02-02T13:37:06.772000Z</time>
      </trkpt>
      <trkpt lat="46.12875" lon="8.71631">
        <ele>231.05</ele>
        <time>2026-02-02T13:37:17.681000Z</time>
      </trkpt>
      <trkpt lat="46.12899" lon="8.71649">
        <ele>235.94</ele>
        <time>2026-02-02T13:37:25.441000Z</time>
      </trkpt>
      <trkpt lat="46.1292" lon="8.71661">
        <ele>239.91</ele>
        <time>2026-02-02T13:37:31.732000Z</time>
      </trkpt>
      <trkpt lat="46.12935" lon="8.71667">
        <ele>242.64</ele>
        <time>2026-02-02T13:37:36.064000Z</time>
      </trkpt>
      <trkpt lat="46.1296" lon="8.71673">
        <ele>246.79</ele>
        <time>2026-02-02T13:37:43.121000Z</time>
      </trkpt>
      <trkpt lat="46.12982" lon="8.71677">
        <ele>250.94</ele>
        <time>2026-02-02T13:37:49.598000Z</time>
      </trkpt>
      <trkpt lat="46.12995" lon="8.71681">
        <ele>252.58</ele>
        <time>2026-02-02T13:37:52.235000Z</time>
      </trkpt>
      <trkpt lat="46.13009" lon="8.71687">
        <ele>254.41</ele>
        <time>2026-02-02T13:37:55.219000Z</time>
      </trkpt>
      <trkpt lat="46.13023" lon="8.71696">
        <ele>252.52</ele>
        <time>2026-02-02T13:37:58.263000Z</time>
      </trkpt>
      <trkpt lat="46.13046" lon="8.71717">
        <ele>249.05</ele>
        <time>2026-02-02T13:38:03.878000Z</time>
      </trkpt>
      <trkpt lat="46.13063" lon="8.71725">
        <ele>246.82</ele>
        <time>2026-02-02T13:38:07.521000Z</time>
      </trkpt>
      <trkpt lat="46.13092" lon="8.71729">
        <ele>251.52</ele>
        <time>2026-02-02T13:38:13.602000Z</time>
      </trkpt>
      <trkpt lat="46.13109" lon="8.71736">
        <ele>254.16</ele>
        <time>2026-02-02T13:38:17.041000Z</time>
      </trkpt>
      <trkpt lat="46.13125" lon="8.71747">
        <ele>254.01</ele>
        <time>2026-02-02T13:38:20.742000Z</time>
      </trkpt>
      <trkpt lat="46.13174" lon="8.71786">
        <ele>250.26</ele>
        <time>2026-02-02T13:38:32.218000Z</time>
      </trkpt>
      <trkpt lat="46.13196" lon="8.718">
        <ele>247.29</ele>
        <time>2026-02-02T13:38:37.055000Z</time>
      </trkpt>
      <trkpt lat="46.13232" lon="8.7182">
        <ele>242.44</ele>
        <time>2026-02-02T13:38:44.964000Z</time>
      </trkpt>
      <trkpt lat="46.13257" lon="8.7184">
        <ele>238.95</ele>
        <time>2026-02-02T13:38:50.719000Z</time>
      </trkpt>
      <trkpt lat="46.13307" lon="8.71887">
        <ele>221.48</ele>
        <time>2026-02-02T13:39:03.037000Z</time>
      </trkpt>
      <trkpt lat="46.13323" lon="8.71902">
        <ele>217.63</ele>
        <time>2026-02-02T13:39:06.934000Z</time>
      </trkpt>
      <trkpt lat="46.13339" lon="8.71918">
        <ele>215.78</ele>
        <time>2026-02-02T13:39:10.463000Z</time>
      </trkpt>
      <trkpt lat="46.13361" lon="8.71943">
        <ele>217.27</ele>
        <time>2026-02-02T13:39:16.772000Z</time>
      </trkpt>
      <trkpt lat="46.1338" lon="8.71956">
        <ele>218.36</ele>
        <time>2026-02-02T13:39:21.416000Z</time>
      </trkpt>
      <trkpt lat="46.13396" lon="8.71964">
        <ele>219.24</ele>
        <time>2026-02-02T13:39:25.326000Z</time>
      </trkpt>
      <trkpt lat="46.13411" lon="8.71966">
        <ele>222.98</ele>
        <time>2026-02-02T13:39:28.693000Z</time>
      </trkpt>
      <trkpt lat="46.13443" lon="8.71968">
        <ele>231.07</ele>
        <time>2026-02-02T13:39:35.944000Z</time>
      </trkpt>
      <trkpt lat="46.1346" lon="8.71971">
        <ele>235.28</ele>
        <time>2026-02-02T13:39:39.725000Z</time>
      </trkpt>
      <trkpt lat="46.13488" lon="8.71983">
        <ele>242.4</ele>
        <time>2026-02-02T13:39:46.243000Z</time>
      </trkpt>
      <trkpt lat="46.13504" lon="8.71996">
        <ele>241.27</ele>
        <time>2026-02-02T13:39:50.411000Z</time>
      </trkpt>
      <trkpt lat="46.13523" lon="8.72014">
        <ele>239.92</ele>
        <time>2026-02-02T13:39:55.388000Z</time>
      </trkpt>
      <trkpt lat="46.13554" lon="8.72045">
        <ele>237.59</ele>
        <time>2026-02-02T13:40:03.995000Z</time>
      </trkpt>
      <trkpt lat="46.13601" lon="8.72095">
        <ele>234.07</ele>
        <time>2026-02-02T13:40:17.049000Z</time>
      </trkpt>
      <trkpt lat="46.13615" lon="8.72112">
        <ele>233.76</ele>
        <time>2026-02-02T13:40:20.617000Z</time>
      </trkpt>
      <trkpt lat="46.1368" lon="8.72205">
        <ele>232.17</ele>
        <time>2026-02-02T13:40:39.015000Z</time>
      </trkpt>
      <trkpt lat="46.1381" lon="8.72354">
        <ele>230.25</ele>
        <time>2026-02-02T13:41:12.250000Z</time>
      </trkpt>
      <trkpt lat="46.13853" lon="8.72403">
        <ele>228.34</ele>
        <time>2026-02-02T13:41:23.415000Z</time>
      </trkpt>
      <trkpt lat="46.13863" lon="8.72414">
        <ele>229.33</ele>
        <time>2026-02-02T13:41:26.137000Z</time>
      </trkpt>
      <trkpt lat="46.13883" lon="8.72441">
        <ele>231.56</ele>
        <time>2026-02-02T13:41:32.246000Z</time>
      </trkpt>
      <trkpt lat="46.13899" lon="8.72463">
        <ele>232.48</ele>
        <time>2026-02-02T13:41:37.068000Z</time>
      </trkpt>
      <trkpt lat="46.13936" lon="8.72514">
        <ele>234.28</ele>
        <time>2026-02-02T13:41:46.454000Z</time>
      </trkpt>
      <trkpt lat="46.13985" lon="8.72583">
        <ele>224.1</ele>
        <time>2026-02-02T13:41:58.990000Z</time>
      </trkpt>
      <trkpt lat="46.14018" lon="8.7262">
        <ele>217.84</ele>
        <time>2026-02-02T13:42:06.750000Z</time>
      </trkpt>
      <trkpt lat="46.14045" lon="8.72638">
        <ele>223.67</ele>
        <time>2026-02-02T13:42:46.443000Z</time>
      </trkpt>
      <trkpt lat="46.14062" lon="8.72653">
        <ele>227.69</ele>
        <time>2026-02-02T13:43:13.910000Z</time>
      </trkpt>
      <trkpt lat="46.1407" lon="8.72662">
        <ele>227.46</ele>
        <time>2026-02-02T13:43:15.898000Z</time>
      </trkpt>
      <trkpt lat="46.14104" lon="8.72728">
        <ele>226.12</ele>
        <time>2026-02-02T13:43:27.402000Z</time>
      </trkpt>
      <trkpt lat="46.1412" lon="8.72763">
        <ele>232.53</ele>
        <time>2026-02-02T13:43:33.182000Z</time>
      </trkpt>
      <trkpt lat="46.14148" lon="8.72813">
        <ele>235.23</ele>
        <time>2026-02-02T13:43:42.139000Z</time>
      </trkpt>
      <trkpt lat="46.1416" lon="8.72828">
        <ele>234.23</ele>
        <time>2026-02-02T13:43:45.392000Z</time>
      </trkpt>
      <trkpt lat="46.14174" lon="8.7284">
        <ele>233.28</ele>
        <time>2026-02-02T13:43:48.630000Z</time>
      </trkpt>
      <trkpt lat="46.14212" lon="8.72867">
        <ele>244.82</ele>
        <time>2026-02-02T13:44:46.263000Z</time>
      </trkpt>
      <trkpt lat="46.14348" lon="8.72956">
        <ele>271.52</ele>
        <time>2026-02-02T13:48:08.236000Z</time>
      </trkpt>
      <trkpt lat="46.14412" lon="8.73">
        <ele>266.75</ele>
        <time>2026-02-02T13:48:21.438000Z</time>
      </trkpt>
      <trkpt lat="46.14445" lon="8.7303">
        <ele>255.67</ele>
        <time>2026-02-02T13:48:28.683000Z</time>
      </trkpt>
      <trkpt lat="46.14459" lon="8.73048">
        <ele>250.52</ele>
        <time>2026-02-02T13:48:32.056000Z</time>
      </trkpt>
      <trkpt lat="46.14467" lon="8.73058">
        <ele>248.48</ele>
        <time>2026-02-02T13:48:33.989000Z</time>
      </trkpt>
      <trkpt lat="46.1449" lon="8.73084">
        <ele>246.45</ele>
        <time>2026-02-02T13:48:39.457000Z</time>
      </trkpt>
      <trkpt lat="46.14503" lon="8.73093">
        <ele>246.29</ele>
        <time>2026-02-02T13:48:42.057000Z</time>
      </trkpt>
      <trkpt lat="46.14516" lon="8.73097">
        <ele>249.21</ele>
        <time>2026-02-02T13:48:44.526000Z</time>
      </trkpt>
      <trkpt lat="46.14543" lon="8.73103">
        <ele>255.0</ele>
        <time>2026-02-02T13:48:49.441000Z</time>
      </trkpt>
      <trkpt lat="46.14556" lon="8.73109">
        <ele>258.07</ele>
        <time>2026-02-02T13:48:52.052000Z</time>
      </trkpt>
      <trkpt lat="46.14577" lon="8.73124">
        <ele>256.87</ele>
        <time>2026-02-02T13:48:56.360000Z</time>
      </trkpt>
      <trkpt lat="46.14591" lon="8.73137">
        <ele>256.01</ele>
        <time>2026-02-02T13:48:59.464000Z</time>
      </trkpt>
      <trkpt lat="46.14612" lon="8.73165">
        <ele>250.49</ele>
        <time>2026-02-02T13:49:04.630000Z</time>
      </trkpt>
      <trkpt lat="46.14622" lon="8.73181">
        <ele>247.49</ele>
        <time>2026-02-02T13:49:07.454000Z</time>
      </trkpt>
      <trkpt lat="46.14655" lon="8.73254">
        <ele>235.77</ele>
        <time>2026-02-02T13:49:18.541000Z</time>
      </trkpt>
      <trkpt lat="46.14667" lon="8.73271">
        <ele>237.04</ele>
        <time>2026-02-02T13:49:21.499000Z</time>
      </trkpt>
      <trkpt lat="46.14753" lon="8.7338">
        <ele>246.11</ele>
        <time>2026-02-02T13:49:42.496000Z</time>
      </trkpt>
      <trkpt lat="46.14771" lon="8.73405">
        <ele>248.63</ele>
        <time>2026-02-02T13:49:48.912000Z</time>
      </trkpt>
      <trkpt lat="46.14789" lon="8.73429">
        <ele>251.15</ele>
        <time>2026-02-02T13:49:55.270000Z</time>
      </trkpt>
      <trkpt lat="46.148" lon="8.73448">
        <ele>250.04</ele>
        <time>2026-02-02T13:49:58.905000Z</time>
      </trkpt>
      <trkpt lat="46.14808" lon="8.73465">
        <ele>249.14</ele>
        <time>2026-02-02T13:50:01.833000Z</time>
      </trkpt>
      <trkpt lat="46.14814" lon="8.73482">
        <ele>248.29</ele>
        <time>2026-02-02T13:50:04.609000Z</time>
      </trkpt>
      <trkpt lat="46.14839" lon="8.73569">
        <ele>244.11</ele>
        <time>2026-02-02T13:50:18.377000Z</time>
      </trkpt>
      <trkpt lat="46.14858" lon="8.7364">
        <ele>282.17</ele>
        <time>2026-02-02T13:50:29.644000Z</time>
      </trkpt>
      <trkpt lat="46.14868" lon="8.73695">
        <ele>286.87</ele>
        <time>2026-02-02T13:50:37.944000Z</time>
      </trkpt>
      <trkpt lat="46.14875" lon="8.73735">
        <ele>283.77</ele>
        <time>2026-02-02T13:50:43.921000Z</time>
      </trkpt>
      <trkpt lat="46.14886" lon="8.73803">
        <ele>247.42</ele>
        <time>2026-02-02T13:50:54.267000Z</time>
      </trkpt>
      <trkpt lat="46.149" lon="8.73893">
        <ele>258.02</ele>
        <time>2026-02-02T13:51:07.682000Z</time>
      </trkpt>
      <trkpt lat="46.14902" lon="8.73907">
        <ele>259.73</ele>
        <time>2026-02-02T13:51:09.839000Z</time>
      </trkpt>
      <trkpt lat="46.14902" lon="8.73923">
        <ele>257.2</ele>
        <time>2026-02-02T13:51:12.227000Z</time>
      </trkpt>
      <trkpt lat="46.14899" lon="8.73961">
        <ele>251.39</ele>
        <time>2026-02-02T13:51:17.695000Z</time>
      </trkpt>
      <trkpt lat="46.14897" lon="8.73979">
        <ele>248.06</ele>
        <time>2026-02-02T13:51:20.661000Z</time>
      </trkpt>
      <trkpt lat="46.14899" lon="8.73995">
        <ele>250.53</ele>
        <time>2026-02-02T13:51:23.134000Z</time>
      </trkpt>
      <trkpt lat="46.14903" lon="8.74008">
        <ele>252.79</ele>
        <time>2026-02-02T13:51:25.419000Z</time>
      </trkpt>
      <trkpt lat="46.14934" lon="8.74064">
        <ele>279.42</ele>
        <time>2026-02-02T13:51:35.873000Z</time>
      </trkpt>
      <trkpt lat="46.1494" lon="8.74078">
        <ele>275.14</ele>
        <time>2026-02-02T13:51:38.189000Z</time>
      </trkpt>
      <trkpt lat="46.14946" lon="8.74105">
        <ele>267.58</ele>
        <time>2026-02-02T13:51:42.297000Z</time>
      </trkpt>
      <trkpt lat="46.1495" lon="8.74156">
        <ele>254.06</ele>
        <time>2026-02-02T13:51:49.776000Z</time>
      </trkpt>
      <trkpt lat="46.14953" lon="8.74169">
        <ele>254.99</ele>
        <time>2026-02-02T13:51:51.698000Z</time>
      </trkpt>
      <trkpt lat="46.14958" lon="8.7418">
        <ele>255.93</ele>
        <time>2026-02-02T13:51:53.615000Z</time>
      </trkpt>
      <trkpt lat="46.14964" lon="8.74192">
        <ele>256.99</ele>
        <time>2026-02-02T13:51:55.807000Z</time>
      </trkpt>
      <trkpt lat="46.14993" lon="8.74241">
        <ele>254.37</ele>
        <time>2026-02-02T13:52:05.191000Z</time>
      </trkpt>
      <trkpt lat="46.15004" lon="8.74268">
        <ele>252.84</ele>
        <time>2026-02-02T13:52:09.490000Z</time>
      </trkpt>
      <trkpt lat="46.15013" lon="8.74295">
        <ele>251.32</ele>
        <time>2026-02-02T13:52:13.757000Z</time>
      </trkpt>
      <trkpt lat="46.1502" lon="8.74338">
        <ele>249.1</ele>
        <time>2026-02-02T13:52:20.026000Z</time>
      </trkpt>
      <trkpt lat="46.15035" lon="8.7441">
        <ele>246.83</ele>
        <time>2026-02-02T13:52:30.549000Z</time>
      </trkpt>
      <trkpt lat="46.15038" lon="8.74425">
        <ele>244.56</ele>
        <time>2026-02-02T13:52:32.911000Z</time>
      </trkpt>
      <trkpt lat="46.15041" lon="8.74486">
        <ele>237.76</ele>
        <time>2026-02-02T13:52:41.497000Z</time>
      </trkpt>
      <trkpt lat="46.15044" lon="8.74503">
        <ele>233.25</ele>
        <time>2026-02-02T13:52:43.986000Z</time>
      </trkpt>
      <trkpt lat="46.15049" lon="8.74523">
        <ele>227.97</ele>
        <time>2026-02-02T13:52:46.927000Z</time>
      </trkpt>
      <trkpt lat="46.15103" lon="8.74645">
        <ele>237.56</ele>
        <time>2026-02-02T13:53:07.349000Z</time>
      </trkpt>
      <trkpt lat="46.15116" lon="8.74713">
        <ele>236.42</ele>
        <time>2026-02-02T13:53:17.314000Z</time>
      </trkpt>
      <trkpt lat="46.15146" lon="8.74812">
        <ele>234.68</ele>
        <time>2026-02-02T13:53:32.554000Z</time>
      </trkpt>
      <trkpt lat="46.15149" lon="8.74825">
        <ele>234.45</ele>
        <time>2026-02-02T13:53:34.562000Z</time>
      </trkpt>
      <trkpt lat="46.15149" lon="8.74831">
        <ele>234.38</ele>
        <time>2026-02-02T13:53:35.296000Z</time>
      </trkpt>
      <trkpt lat="46.15149" lon="8.74837">
        <ele>233.23</ele>
        <time>2026-02-02T13:53:36.325000Z</time>
      </trkpt>
      <trkpt lat="46.15148" lon="8.74849">
        <ele>230.25</ele>
        <time>2026-02-02T13:53:38.075000Z</time>
      </trkpt>
      <trkpt lat="46.15145" lon="8.74861">
        <ele>227.1</ele>
        <time>2026-02-02T13:53:39.911000Z</time>
      </trkpt>
      <trkpt lat="46.15142" lon="8.74871">
        <ele>224.51</ele>
        <time>2026-02-02T13:53:41.429000Z</time>
      </trkpt>
      <trkpt lat="46.15122" lon="8.74906">
        <ele>216.37</ele>
        <time>2026-02-02T13:53:48.024000Z</time>
      </trkpt>
      <trkpt lat="46.15115" lon="8.74924">
        <ele>214.12</ele>
        <time>2026-02-02T13:53:50.928000Z</time>
      </trkpt>
      <trkpt lat="46.15112" lon="8.74935">
        <ele>212.76</ele>
        <time>2026-02-02T13:53:52.722000Z</time>
      </trkpt>
      <trkpt lat="46.15108" lon="8.74963">
        <ele>212.72</ele>
        <time>2026-02-02T13:53:57.047000Z</time>
      </trkpt>
      <trkpt lat="46.15106" lon="8.74981">
        <ele>212.69</ele>
        <time>2026-02-02T13:53:59.923000Z</time>
      </trkpt>
      <trkpt lat="46.15106" lon="8.75003">
        <ele>212.66</ele>
        <time>2026-02-02T13:54:03.298000Z</time>
      </trkpt>
      <trkpt lat="46.15109" lon="8.75031">
        <ele>212.62</ele>
        <time>2026-02-02T13:54:07.630000Z</time>
      </trkpt>
      <trkpt lat="46.15114" lon="8.75056">
        <ele>214.41</ele>
        <time>2026-02-02T13:54:11.673000Z</time>
      </trkpt>
      <trkpt lat="46.15143" lon="8.75185">
        <ele>219.54</ele>
        <time>2026-02-02T13:54:32.666000Z</time>
      </trkpt>
      <trkpt lat="46.15151" lon="8.7522">
        <ele>218.82</ele>
        <time>2026-02-02T13:54:38.307000Z</time>
      </trkpt>
      <trkpt lat="46.15161" lon="8.75249">
        <ele>218.19</ele>
        <time>2026-02-02T13:54:43.305000Z</time>
      </trkpt>
      <trkpt lat="46.15168" lon="8.75275">
        <ele>217.63</ele>
        <time>2026-02-02T13:54:47.671000Z</time>
      </trkpt>
      <trkpt lat="46.15175" lon="8.75311">
        <ele>216.89</ele>
        <time>2026-02-02T13:54:53.486000Z</time>
      </trkpt>
      <trkpt lat="46.15179" lon="8.75326">
        <ele>216.59</ele>
        <time>2026-02-02T13:54:55.845000Z</time>
      </trkpt>
      <trkpt lat="46.15187" lon="8.7534">
        <ele>216.25</ele>
        <time>2026-02-02T13:54:58.719000Z</time>
      </trkpt>
      <trkpt lat="46.15201" lon="8.75357">
        <ele>218.75</ele>
        <time>2026-02-02T13:55:02.791000Z</time>
      </trkpt>
      <trkpt lat="46.15237" lon="8.75407">
        <ele>225.57</ele>
        <time>2026-02-02T13:55:13.903000Z</time>
      </trkpt>
      <trkpt lat="46.15244" lon="8.75427">
        <ele>226.91</ele>
        <time>2026-02-02T13:55:17.309000Z</time>
      </trkpt>
      <trkpt lat="46.15247" lon="8.75433">
        <ele>228.25</ele>
        <time>2026-02-02T13:55:18.576000Z</time>
      </trkpt>
      <trkpt lat="46.15254" lon="8.75463">
        <ele>228.58</ele>
        <time>2026-02-02T13:55:23.420000Z</time>
      </trkpt>
      <trkpt lat="46.15267" lon="8.75502">
        <ele>229.03</ele>
        <time>2026-02-02T13:55:30.020000Z</time>
      </trkpt>
      <trkpt lat="46.15279" lon="8.75535">
        <ele>229.42</ele>
        <time>2026-02-02T13:55:35.887000Z</time>
      </trkpt>
      <trkpt lat="46.15305" lon="8.75597">
        <ele>226.9</ele>
        <time>2026-02-02T13:55:47.016000Z</time>
      </trkpt>
      <trkpt lat="46.15318" lon="8.75634">
        <ele>224.44</ele>
        <time>2026-02-02T13:55:53.358000Z</time>
      </trkpt>
      <trkpt lat="46.15324" lon="8.7565">
        <ele>223.32</ele>
        <time>2026-02-02T13:55:56.221000Z</time>
      </trkpt>
      <trkpt lat="46.15328" lon="8.7566">
        <ele>222.4</ele>
        <time>2026-02-02T13:55:57.914000Z</time>
      </trkpt>
      <trkpt lat="46.15333" lon="8.75675">
        <ele>221.16</ele>
        <time>2026-02-02T13:56:00.170000Z</time>
      </trkpt>
      <trkpt lat="46.15336" lon="8.75686">
        <ele>220.25</ele>
        <time>2026-02-02T13:56:01.838000Z</time>
      </trkpt>
      <trkpt lat="46.15338" lon="8.75705">
        <ele>218.77</ele>
        <time>2026-02-02T13:56:04.548000Z</time>
      </trkpt>
      <trkpt lat="46.15339" lon="8.75722">
        <ele>217.43</ele>
        <time>2026-02-02T13:56:06.988000Z</time>
      </trkpt>
      <trkpt lat="46.15339" lon="8.75781">
        <ele>212.87</ele>
        <time>2026-02-02T13:56:15.300000Z</time>
      </trkpt>
      <trkpt lat="46.15341" lon="8.75799">
        <ele>211.52</ele>
        <time>2026-02-02T13:56:17.777000Z</time>
      </trkpt>
      <trkpt lat="46.15344" lon="8.75814">
        <ele>210.45</ele>
        <time>2026-02-02T13:56:20.071000Z</time>
      </trkpt>
      <trkpt lat="46.15347" lon="8.75826">
        <ele>209.81</ele>
        <time>2026-02-02T13:56:22.240000Z</time>
      </trkpt>
      <trkpt lat="46.15353" lon="8.75843">
        <ele>208.82</ele>
        <time>2026-02-02T13:56:25.572000Z</time>
      </trkpt>
      <trkpt lat="46.15382" lon="8.75897">
        <ele>215.17</ele>
        <time>2026-02-02T13:56:37.301000Z</time>
      </trkpt>
      <trkpt lat="46.15393" lon="8.75919">
        <ele>218.32</ele>
        <time>2026-02-02T13:56:42.484000Z</time>
      </trkpt>
      <trkpt lat="46.154" lon="8.75937">
        <ele>222.75</ele>
        <time>2026-02-02T13:56:46.731000Z</time>
      </trkpt>
      <trkpt lat="46.15393" lon="8.75919">
        <ele>218.32</ele>
        <time>2026-02-02T13:56:49.669000Z</time>
      </trkpt>
      <trkpt lat="46.15382" lon="8.75897">
        <ele>215.17</ele>
        <time>2026-02-02T13:56:53.441000Z</time>
      </trkpt>
      <trkpt lat="46.15353" lon="8.75843">
        <ele>208.82</ele>
        <time>2026-02-02T13:57:03.038000Z</time>
      </trkpt>
      <trkpt lat="46.15347" lon="8.75826">
        <ele>209.81</ele>
        <time>2026-02-02T13:57:05.764000Z</time>
      </trkpt>
      <trkpt lat="46.15344" lon="8.75814">
        <ele>210.45</ele>
        <time>2026-02-02T13:57:07.539000Z</time>
      </trkpt>
      <trkpt lat="46.15342" lon="8.7582">
        <ele>209.38</ele>
        <time>2026-02-02T13:57:08.437000Z</time>
      </trkpt>
      <trkpt lat="46.15342" lon="8.75826">
        <ele>208.37</ele>
        <time>2026-02-02T13:57:09.340000Z</time>
      </trkpt>
      <trkpt lat="46.15346" lon="8.75839">
        <ele>207.59</ele>
        <time>2026-02-02T13:57:11.380000Z</time>
      </trkpt>
      <trkpt lat="46.15359" lon="8.75868">
        <ele>210.61</ele>
        <time>2026-02-02T13:57:17.345000Z</time>
      </trkpt>
      <trkpt lat="46.1537" lon="8.75885">
        <ele>212.59</ele>
        <time>2026-02-02T13:57:21.249000Z</time>
      </trkpt>
      <trkpt lat="46.15387" lon="8.7592">
        <ele>216.34</ele>
        <time>2026-02-02T13:57:28.657000Z</time>
      </trkpt>
      <trkpt lat="46.1542" lon="8.75998">
        <ele>224.34</ele>
        <time>2026-02-02T13:57:44.471000Z</time>
      </trkpt>
      <trkpt lat="46.15425" lon="8.76013">
        <ele>222.87</ele>
        <time>2026-02-02T13:57:47.115000Z</time>
      </trkpt>
      <trkpt lat="46.15428" lon="8.76028">
        <ele>221.33</ele>
        <time>2026-02-02T13:57:49.868000Z</time>
      </trkpt>
      <trkpt lat="46.15429" lon="8.76056">
        <ele>218.64</ele>
        <time>2026-02-02T13:57:54.670000Z</time>
      </trkpt>
      <trkpt lat="46.1543" lon="8.7606">
        <ele>218.22</ele>
        <time>2026-02-02T13:57:55.421000Z</time>
      </trkpt>
      <trkpt lat="46.15432" lon="8.76061">
        <ele>218.11</ele>
        <time>2026-02-02T13:57:55.899000Z</time>
      </trkpt>
      <trkpt lat="46.15421" lon="8.76176">
        <ele>206.44</ele>
        <time>2026-02-02T13:58:12.324000Z</time>
      </trkpt>
      <trkpt lat="46.15419" lon="8.76181">
        <ele>206.76</ele>
        <time>2026-02-02T13:58:13.105000Z</time>
      </trkpt>
      <trkpt lat="46.15418" lon="8.76186">
        <ele>207.07</ele>
        <time>2026-02-02T13:58:13.849000Z</time>
      </trkpt>
      <trkpt lat="46.15413" lon="8.76196">
        <ele>207.8</ele>
        <time>2026-02-02T13:58:15.582000Z</time>
      </trkpt>
      <trkpt lat="46.15402" lon="8.7621">
        <ele>209.07</ele>
        <time>2026-02-02T13:58:18.630000Z</time>
      </trkpt>
      <trkpt lat="46.15394" lon="8.76217">
        <ele>209.54</ele>
        <time>2026-02-02T13:58:20.563000Z</time>
      </trkpt>
      <trkpt lat="46.15382" lon="8.76221">
        <ele>208.14</ele>
        <time>2026-02-02T13:58:23.075000Z</time>
      </trkpt>
      <trkpt lat="46.15372" lon="8.76222">
        <ele>207.07</ele>
        <time>2026-02-02T13:58:25.005000Z</time>
      </trkpt>
      <trkpt lat="46.15361" lon="8.76218">
        <ele>205.75</ele>
        <time>2026-02-02T13:58:27.375000Z</time>
      </trkpt>
      <trkpt lat="46.15353" lon="8.76218">
        <ele>204.92</ele>
        <time>2026-02-02T13:58:28.876000Z</time>
      </trkpt>
      <trkpt lat="46.15342" lon="8.76221">
        <ele>203.61</ele>
        <time>2026-02-02T13:58:31.212000Z</time>
      </trkpt>
      <trkpt lat="46.1533" lon="8.76227">
        <ele>202.17</ele>
        <time>2026-02-02T13:58:33.818000Z</time>
      </trkpt>
      <trkpt lat="46.15319" lon="8.76238">
        <ele>200.62</ele>
        <time>2026-02-02T13:58:36.591000Z</time>
      </trkpt>
      <trkpt lat="46.15309" lon="8.76254">
        <ele>198.95</ele>
        <time>2026-02-02T13:58:39.574000Z</time>
      </trkpt>
      <trkpt lat="46.15301" lon="8.76272">
        <ele>198.24</ele>
        <time>2026-02-02T13:58:42.515000Z</time>
      </trkpt>
      <trkpt lat="46.15297" lon="8.76289">
        <ele>199.16</ele>
        <time>2026-02-02T13:58:45.038000Z</time>
      </trkpt>
      <trkpt lat="46.15297" lon="8.76309">
        <ele>200.16</ele>
        <time>2026-02-02T13:58:47.793000Z</time>
      </trkpt>
      <trkpt lat="46.153" lon="8.76329">
        <ele>201.24</ele>
        <time>2026-02-02T13:58:50.775000Z</time>
      </trkpt>
      <trkpt lat="46.15305" lon="8.76346">
        <ele>202.17</ele>
        <time>2026-02-02T13:58:53.350000Z</time>
      </trkpt>
      <trkpt lat="46.15312" lon="8.76362">
        <ele>202.91</ele>
        <time>2026-02-02T13:58:56.019000Z</time>
      </trkpt>
      <trkpt lat="46.15309" lon="8.7635">
        <ele>201.74</ele>
        <time>2026-02-02T13:59:04.819000Z</time>
      </trkpt>
      <trkpt lat="46.15312" lon="8.76362">
        <ele>202.91</ele>
        <time>2026-02-02T13:59:14.450000Z</time>
      </trkpt>
      <trkpt lat="46.15336" lon="8.76398">
        <ele>208.43</ele>
        <time>2026-02-02T13:59:22.040000Z</time>
      </trkpt>
      <trkpt lat="46.15426" lon="8.76545">
        <ele>208.86</ele>
        <time>2026-02-02T13:59:52.338000Z</time>
      </trkpt>
      <trkpt lat="46.15439" lon="8.76567">
        <ele>208.6</ele>
        <time>2026-02-02T13:59:56.729000Z</time>
      </trkpt>
      <trkpt lat="46.15453" lon="8.76596">
        <ele>208.27</ele>
        <time>2026-02-02T14:00:02.285000Z</time>
      </trkpt>
      <trkpt lat="46.15482" lon="8.76654">
        <ele>207.15</ele>
        <time>2026-02-02T14:00:13.226000Z</time>
      </trkpt>
      <trkpt lat="46.15484" lon="8.76658">
        <ele>206.96</ele>
        <time>2026-02-02T14:00:14.653000Z</time>
      </trkpt>
      <trkpt lat="46.15487" lon="8.76667">
        <ele>206.78</ele>
        <time>2026-02-02T14:00:17.720000Z</time>
      </trkpt>
      <trkpt lat="46.15484" lon="8.76679">
        <ele>205.02</ele>
        <time>2026-02-02T14:00:20.887000Z</time>
      </trkpt>
      <trkpt lat="46.15474" lon="8.76702">
        <ele>201.1</ele>
        <time>2026-02-02T14:00:27.932000Z</time>
      </trkpt>
      <trkpt lat="46.1547" lon="8.76712">
        <ele>199.48</ele>
        <time>2026-02-02T14:00:30.998000Z</time>
      </trkpt>
      <trkpt lat="46.15464" lon="8.76728">
        <ele>197.13</ele>
        <time>2026-02-02T14:00:35.699000Z</time>
      </trkpt>
      <trkpt lat="46.15456" lon="8.76748">
        <ele>196.06</ele>
        <time>2026-02-02T14:00:41.435000Z</time>
      </trkpt>
      <trkpt lat="46.15439" lon="8.76782">
        <ele>194.15</ele>
        <time>2026-02-02T14:00:51.968000Z</time>
      </trkpt>
      <trkpt lat="46.1543" lon="8.768">
        <ele>193.68</ele>
        <time>2026-02-02T14:00:58.070000Z</time>
      </trkpt>
      <trkpt lat="46.15407" lon="8.76848">
        <ele>194.41</ele>
        <time>2026-02-02T14:01:14.354000Z</time>
      </trkpt>
      <trkpt lat="46.15391" lon="8.76882">
        <ele>194.31</ele>
        <time>2026-02-02T14:01:25.787000Z</time>
      </trkpt>
      <trkpt lat="46.15369" lon="8.76926">
        <ele>194.68</ele>
        <time>2026-02-02T14:01:40.636000Z</time>
      </trkpt>
      <trkpt lat="46.15352" lon="8.76959">
        <ele>195.59</ele>
        <time>2026-02-02T14:01:52.105000Z</time>
      </trkpt>
      <trkpt lat="46.15338" lon="8.76987">
        <ele>196.38</ele>
        <time>2026-02-02T14:02:01.628000Z</time>
      </trkpt>
      <trkpt lat="46.15275" lon="8.77088">
        <ele>194.51</ele>
        <time>2026-02-02T14:02:39.382000Z</time>
      </trkpt>
      <trkpt lat="46.15254" lon="8.77124">
        <ele>197.03</ele>
        <time>2026-02-02T14:02:54.066000Z</time>
      </trkpt>
      <trkpt lat="46.15252" lon="8.77128">
        <ele>197.3</ele>
        <time>2026-02-02T14:02:55.499000Z</time>
      </trkpt>
      <trkpt lat="46.15251" lon="8.77126">
        <ele>197.19</ele>
        <time>2026-02-02T14:02:55.833000Z</time>
      </trkpt>
      <trkpt lat="46.15248" lon="8.77125">
        <ele>196.97</ele>
        <time>2026-02-02T14:02:56.470000Z</time>
      </trkpt>
      <trkpt lat="46.15245" lon="8.77127">
        <ele>196.81</ele>
        <time>2026-02-02T14:02:57.131000Z</time>
      </trkpt>
      <trkpt lat="46.15243" lon="8.7713">
        <ele>197.12</ele>
        <time>2026-02-02T14:02:57.802000Z</time>
      </trkpt>
      <trkpt lat="46.15243" lon="8.77132">
        <ele>197.26</ele>
        <time>2026-02-02T14:02:58.150000Z</time>
      </trkpt>
      <trkpt lat="46.15244" lon="8.77136">
        <ele>197.61</ele>
        <time>2026-02-02T14:02:58.984000Z</time>
      </trkpt>
      <trkpt lat="46.15245" lon="8.77138">
        <ele>197.78</ele>
        <time>2026-02-02T14:02:59.410000Z</time>
      </trkpt>
      <trkpt lat="46.1525" lon="8.77138">
        <ele>198.16</ele>
        <time>2026-02-02T14:03:00.657000Z</time>
      </trkpt>
      <trkpt lat="46.15249" lon="8.77156">
        <ele>198.82</ele>
        <time>2026-02-02T14:03:03.771000Z</time>
      </trkpt>
      <trkpt lat="46.15249" lon="8.77166">
        <ele>199.19</ele>
        <time>2026-02-02T14:03:05.470000Z</time>
      </trkpt>
      <trkpt lat="46.15253" lon="8.77197">
        <ele>200.38</ele>
        <time>2026-02-02T14:03:10.789000Z</time>
      </trkpt>
      <trkpt lat="46.15256" lon="8.77208">
        <ele>200.84</ele>
        <time>2026-02-02T14:03:12.902000Z</time>
      </trkpt>
      <trkpt lat="46.1526" lon="8.77221">
        <ele>201.23</ele>
        <time>2026-02-02T14:03:15.318000Z</time>
      </trkpt>
      <trkpt lat="46.15272" lon="8.77246">
        <ele>202.15</ele>
        <time>2026-02-02T14:03:20.515000Z</time>
      </trkpt>
      <trkpt lat="46.15287" lon="8.7726">
        <ele>202.92</ele>
        <time>2026-02-02T14:03:24.856000Z</time>
      </trkpt>
      <trkpt lat="46.15318" lon="8.7727">
        <ele>204.36</ele>
        <time>2026-02-02T14:03:32.745000Z</time>
      </trkpt>
      <trkpt lat="46.15343" lon="8.77278">
        <ele>205.39</ele>
        <time>2026-02-02T14:03:39.065000Z</time>
      </trkpt>
      <trkpt lat="46.15414" lon="8.77299">
        <ele>204.53</ele>
        <time>2026-02-02T14:03:55.227000Z</time>
      </trkpt>
      <trkpt lat="46.15424" lon="8.77301">
        <ele>204.42</ele>
        <time>2026-02-02T14:03:57.443000Z</time>
      </trkpt>
      <trkpt lat="46.15425" lon="8.77308">
        <ele>204.23</ele>
        <time>2026-02-02T14:03:58.566000Z</time>
      </trkpt>
      <trkpt lat="46.15427" lon="8.77311">
        <ele>204.14</ele>
        <time>2026-02-02T14:03:59.138000Z</time>
      </trkpt>
      <trkpt lat="46.15431" lon="8.77314">
        <ele>204.04</ele>
        <time>2026-02-02T14:04:00.261000Z</time>
      </trkpt>
      <trkpt lat="46.15434" lon="8.77314">
        <ele>203.99</ele>
        <time>2026-02-02T14:04:00.842000Z</time>
      </trkpt>
      <trkpt lat="46.15438" lon="8.7731">
        <ele>204.16</ele>
        <time>2026-02-02T14:04:01.946000Z</time>
      </trkpt>
      <trkpt lat="46.1544" lon="8.77303">
        <ele>204.32</ele>
        <time>2026-02-02T14:04:03.054000Z</time>
      </trkpt>
      <trkpt lat="46.15439" lon="8.77296">
        <ele>204.49</ele>
        <time>2026-02-02T14:04:04.158000Z</time>
      </trkpt>
      <trkpt lat="46.15435" lon="8.77292">
        <ele>204.5</ele>
        <time>2026-02-02T14:04:05.263000Z</time>
      </trkpt>
      <trkpt lat="46.15455" lon="8.77224">
        <ele>206.7</ele>
        <time>2026-02-02T14:04:17.788000Z</time>
      </trkpt>
      <trkpt lat="46.15458" lon="8.77214">
        <ele>207.04</ele>
        <time>2026-02-02T14:04:19.677000Z</time>
      </trkpt>
      <trkpt lat="46.15462" lon="8.77206">
        <ele>207.32</ele>
        <time>2026-02-02T14:04:21.255000Z</time>
      </trkpt>
      <trkpt lat="46.15474" lon="8.77186">
        <ele>208.16</ele>
        <time>2026-02-02T14:04:25.950000Z</time>
      </trkpt>
      <trkpt lat="46.1548" lon="8.77179">
        <ele>208.63</ele>
        <time>2026-02-02T14:04:27.831000Z</time>
      </trkpt>
      <trkpt lat="46.15493" lon="8.77166">
        <ele>209.72</ele>
        <time>2026-02-02T14:04:31.683000Z</time>
      </trkpt>
      <trkpt lat="46.15508" lon="8.77155">
        <ele>210.96</ele>
        <time>2026-02-02T14:04:36.026000Z</time>
      </trkpt>
      <trkpt lat="46.15545" lon="8.77141">
        <ele>211.21</ele>
        <time>2026-02-02T14:04:44.479000Z</time>
      </trkpt>
      <trkpt lat="46.15547" lon="8.7715">
        <ele>211.04</ele>
        <time>2026-02-02T14:04:45.780000Z</time>
      </trkpt>
      <trkpt lat="46.15551" lon="8.77159">
        <ele>210.81</ele>
        <time>2026-02-02T14:04:47.581000Z</time>
      </trkpt>
      <trkpt lat="46.15574" lon="8.77192">
        <ele>209.92</ele>
        <time>2026-02-02T14:04:54.790000Z</time>
      </trkpt>
      <trkpt lat="46.1561" lon="8.7724">
        <ele>209.84</ele>
        <time>2026-02-02T14:05:05.636000Z</time>
      </trkpt>
      <trkpt lat="46.15617" lon="8.77251">
        <ele>209.7</ele>
        <time>2026-02-02T14:05:08.046000Z</time>
      </trkpt>
      <trkpt lat="46.15634" lon="8.77274">
        <ele>209.51</ele>
        <time>2026-02-02T14:05:13.145000Z</time>
      </trkpt>
      <trkpt lat="46.15638" lon="8.7728">
        <ele>209.49</ele>
        <time>2026-02-02T14:05:14.432000Z</time>
      </trkpt>
      <trkpt lat="46.15642" lon="8.77284">
        <ele>209.55</ele>
        <time>2026-02-02T14:05:15.407000Z</time>
      </trkpt>
      <trkpt lat="46.15682" lon="8.77338">
        <ele>209.6</ele>
        <time>2026-02-02T14:05:27.744000Z</time>
      </trkpt>
      <trkpt lat="46.15699" lon="8.77357">
        <ele>209.95</ele>
        <time>2026-02-02T14:05:32.480000Z</time>
      </trkpt>
      <trkpt lat="46.1572" lon="8.7738">
        <ele>210.43</ele>
        <time>2026-02-02T14:05:38.272000Z</time>
      </trkpt>
      <trkpt lat="46.15763" lon="8.77416">
        <ele>211.5</ele>
        <time>2026-02-02T14:05:49.440000Z</time>
      </trkpt>
      <trkpt lat="46.15853" lon="8.77475">
        <ele>212.37</ele>
        <time>2026-02-02T14:06:11.367000Z</time>
      </trkpt>
      <trkpt lat="46.15891" lon="8.77497">
        <ele>212.73</ele>
        <time>2026-02-02T14:06:20.486000Z</time>
      </trkpt>
      <trkpt lat="46.15911" lon="8.77507">
        <ele>212.94</ele>
        <time>2026-02-02T14:06:25.119000Z</time>
      </trkpt>
      <trkpt lat="46.15949" lon="8.77519">
        <ele>212.78</ele>
        <time>2026-02-02T14:06:33.813000Z</time>
      </trkpt>
      <trkpt lat="46.16004" lon="8.77527">
        <ele>212.56</ele>
        <time>2026-02-02T14:06:46.073000Z</time>
      </trkpt>
      <trkpt lat="46.16021" lon="8.77527">
        <ele>212.49</ele>
        <time>2026-02-02T14:06:49.853000Z</time>
      </trkpt>
      <trkpt lat="46.16035" lon="8.77525">
        <ele>213.09</ele>
        <time>2026-02-02T14:06:53.292000Z</time>
      </trkpt>
      <trkpt lat="46.16035" lon="8.77531">
        <ele>213.15</ele>
        <time>2026-02-02T14:06:54.080000Z</time>
      </trkpt>
      <trkpt lat="46.16028" lon="8.77535">
        <ele>212.71</ele>
        <time>2026-02-02T14:06:55.637000Z</time>
      </trkpt>
      <trkpt lat="46.16024" lon="8.77541">
        <ele>212.36</ele>
        <time>2026-02-02T14:06:56.867000Z</time>
      </trkpt>
      <trkpt lat="46.16016" lon="8.77569">
        <ele>211.17</ele>
        <time>2026-02-02T14:07:01.058000Z</time>
      </trkpt>
      <trkpt lat="46.16012" lon="8.77602">
        <ele>209.85</ele>
        <time>2026-02-02T14:07:05.686000Z</time>
      </trkpt>
      <trkpt lat="46.1601" lon="8.77635">
        <ele>208.5</ele>
        <time>2026-02-02T14:07:10.452000Z</time>
      </trkpt>
      <trkpt lat="46.16011" lon="8.77697">
        <ele>209.01</ele>
        <time>2026-02-02T14:07:19.911000Z</time>
      </trkpt>
      <trkpt lat="46.16012" lon="8.77739">
        <ele>209.19</ele>
        <time>2026-02-02T14:07:26.407000Z</time>
      </trkpt>
      <trkpt lat="46.16012" lon="8.77751">
        <ele>209.33</ele>
        <time>2026-02-02T14:07:28.383000Z</time>
      </trkpt>
      <trkpt lat="46.16013" lon="8.77759">
        <ele>209.41</ele>
        <time>2026-02-02T14:07:29.590000Z</time>
      </trkpt>
      <trkpt lat="46.1602" lon="8.77774">
        <ele>209.53</ele>
        <time>2026-02-02T14:07:32.343000Z</time>
      </trkpt>
      <trkpt lat="46.16014" lon="8.77804">
        <ele>209.91</ele>
        <time>2026-02-02T14:07:37.210000Z</time>
      </trkpt>
      <trkpt lat="46.16017" lon="8.77878">
        <ele>209.22</ele>
        <time>2026-02-02T14:07:48.573000Z</time>
      </trkpt>
      <trkpt lat="46.16018" lon="8.77916">
        <ele>209.0</ele>
        <time>2026-02-02T14:07:54.499000Z</time>
      </trkpt>
      <trkpt lat="46.16021" lon="8.77951">
        <ele>208.78</ele>
        <time>2026-02-02T14:07:59.824000Z</time>
      </trkpt>
      <trkpt lat="46.16026" lon="8.77976">
        <ele>208.62</ele>
        <time>2026-02-02T14:08:03.835000Z</time>
      </trkpt>
      <trkpt lat="46.16034" lon="8.77998">
        <ele>208.47</ele>
        <time>2026-02-02T14:08:07.637000Z</time>
      </trkpt>
      <trkpt lat="46.16041" lon="8.78008">
        <ele>208.38</ele>
        <time>2026-02-02T14:08:09.852000Z</time>
      </trkpt>
      <trkpt lat="46.16046" lon="8.78016">
        <ele>207.97</ele>
        <time>2026-02-02T14:08:11.450000Z</time>
      </trkpt>
      <trkpt lat="46.16061" lon="8.78031">
        <ele>206.82</ele>
        <time>2026-02-02T14:08:15.130000Z</time>
      </trkpt>
      <trkpt lat="46.16079" lon="8.78042">
        <ele>205.6</ele>
        <time>2026-02-02T14:08:19.009000Z</time>
      </trkpt>
      <trkpt lat="46.16111" lon="8.78053">
        <ele>203.45</ele>
        <time>2026-02-02T14:08:25.830000Z</time>
      </trkpt>
      <trkpt lat="46.16128" lon="8.78057">
        <ele>203.48</ele>
        <time>2026-02-02T14:08:29.521000Z</time>
      </trkpt>
      <trkpt lat="46.16139" lon="8.78065">
        <ele>203.51</ele>
        <time>2026-02-02T14:08:32.358000Z</time>
      </trkpt>
      <trkpt lat="46.16148" lon="8.78081">
        <ele>203.53</ele>
        <time>2026-02-02T14:08:35.469000Z</time>
      </trkpt>
      <trkpt lat="46.16162" lon="8.78113">
        <ele>203.59</ele>
        <time>2026-02-02T14:08:41.373000Z</time>
      </trkpt>
      <trkpt lat="46.16171" lon="8.78125">
        <ele>203.61</ele>
        <time>2026-02-02T14:08:43.962000Z</time>
      </trkpt>
      <trkpt lat="46.1617" lon="8.78127">
        <ele>203.63</ele>
        <time>2026-02-02T14:08:44.294000Z</time>
      </trkpt>
      <trkpt lat="46.16169" lon="8.78133">
        <ele>203.68</ele>
        <time>2026-02-02T14:08:45.261000Z</time>
      </trkpt>
      <trkpt lat="46.16169" lon="8.78139">
        <ele>203.73</ele>
        <time>2026-02-02T14:08:46.121000Z</time>
      </trkpt>
      <trkpt lat="46.16169" lon="8.78143">
        <ele>203.77</ele>
        <time>2026-02-02T14:08:46.874000Z</time>
      </trkpt>
      <trkpt lat="46.16172" lon="8.78145">
        <ele>203.79</ele>
        <time>2026-02-02T14:08:47.650000Z</time>
      </trkpt>
      <trkpt lat="46.16177" lon="8.78154">
        <ele>203.81</ele>
        <time>2026-02-02T14:08:49.357000Z</time>
      </trkpt>
      <trkpt lat="46.1618" lon="8.7816">
        <ele>203.77</ele>
        <time>2026-02-02T14:08:50.599000Z</time>
      </trkpt>
      <trkpt lat="46.16183" lon="8.78172">
        <ele>203.69</ele>
        <time>2026-02-02T14:08:52.449000Z</time>
      </trkpt>
      <trkpt lat="46.16185" lon="8.78178">
        <ele>203.65</ele>
        <time>2026-02-02T14:08:53.539000Z</time>
      </trkpt>
      <trkpt lat="46.1619" lon="8.78183">
        <ele>203.6</ele>
        <time>2026-02-02T14:08:54.885000Z</time>
      </trkpt>
      <trkpt lat="46.16194" lon="8.78192">
        <ele>203.54</ele>
        <time>2026-02-02T14:08:56.482000Z</time>
      </trkpt>
      <trkpt lat="46.16197" lon="8.782">
        <ele>203.48</ele>
        <time>2026-02-02T14:08:57.925000Z</time>
      </trkpt>
      <trkpt lat="46.162" lon="8.78236">
        <ele>203.17</ele>
        <time>2026-02-02T14:09:03.479000Z</time>
      </trkpt>
      <trkpt lat="46.16203" lon="8.78246">
        <ele>203.08</ele>
        <time>2026-02-02T14:09:05.112000Z</time>
      </trkpt>
      <trkpt lat="46.16206" lon="8.78268">
        <ele>202.91</ele>
        <time>2026-02-02T14:09:08.529000Z</time>
      </trkpt>
      <trkpt lat="46.16207" lon="8.78272">
        <ele>202.92</ele>
        <time>2026-02-02T14:09:09.160000Z</time>
      </trkpt>
      <trkpt lat="46.16156" lon="8.78361">
        <ele>203.57</ele>
        <time>2026-02-02T14:09:26.956000Z</time>
      </trkpt>
      <trkpt lat="46.16172" lon="8.78384">
        <ele>203.19</ele>
        <time>2026-02-02T14:09:31.539000Z</time>
      </trkpt>
      <trkpt lat="46.16195" lon="8.7842">
        <ele>202.3</ele>
        <time>2026-02-02T14:09:38.345000Z</time>
      </trkpt>
      <trkpt lat="46.16243" lon="8.78496">
        <ele>201.42</ele>
        <time>2026-02-02T14:09:52.669000Z</time>
      </trkpt>
      <trkpt lat="46.16256" lon="8.78519">
        <ele>201.08</ele>
        <time>2026-02-02T14:09:56.722000Z</time>
      </trkpt>
      <trkpt lat="46.16256" lon="8.7852">
        <ele>201.07</ele>
        <time>2026-02-02T14:09:56.962000Z</time>
      </trkpt>
      <trkpt lat="46.1626" lon="8.78525">
        <ele>201.06</ele>
        <time>2026-02-02T14:09:58.013000Z</time>
      </trkpt>
      <trkpt lat="46.16265" lon="8.7853">
        <ele>201.22</ele>
        <time>2026-02-02T14:09:59.458000Z</time>
      </trkpt>
      <trkpt lat="46.16293" lon="8.78575">
        <ele>202.25</ele>
        <time>2026-02-02T14:10:08.758000Z</time>
      </trkpt>
      <trkpt lat="46.1634" lon="8.78648">
        <ele>203.45</ele>
        <time>2026-02-02T14:10:24.112000Z</time>
      </trkpt>
      <trkpt lat="46.16355" lon="8.78673">
        <ele>203.85</ele>
        <time>2026-02-02T14:10:29.198000Z</time>
      </trkpt>
      <trkpt lat="46.16359" lon="8.78682">
        <ele>203.98</ele>
        <time>2026-02-02T14:10:30.835000Z</time>
      </trkpt>
      <trkpt lat="46.16357" lon="8.7869">
        <ele>203.97</ele>
        <time>2026-02-02T14:10:32.079000Z</time>
      </trkpt>
      <trkpt lat="46.16353" lon="8.78704">
        <ele>203.99</ele>
        <time>2026-02-02T14:10:34.500000Z</time>
      </trkpt>
      <trkpt lat="46.16346" lon="8.78726">
        <ele>203.99</ele>
        <time>2026-02-02T14:10:38.146000Z</time>
      </trkpt>
      <trkpt lat="46.16342" lon="8.78739">
        <ele>203.94</ele>
        <time>2026-02-02T14:10:40.469000Z</time>
      </trkpt>
      <trkpt lat="46.16337" lon="8.7874">
        <ele>203.92</ele>
        <time>2026-02-02T14:10:41.448000Z</time>
      </trkpt>
      <trkpt lat="46.16311" lon="8.7882">
        <ele>204.0</ele>
        <time>2026-02-02T14:10:55.275000Z</time>
      </trkpt>
      <trkpt lat="46.16301" lon="8.78848">
        <ele>204.32</ele>
        <time>2026-02-02T14:11:00.028000Z</time>
      </trkpt>
      <trkpt lat="46.16273" lon="8.78938">
        <ele>205.41</ele>
        <time>2026-02-02T14:11:15.198000Z</time>
      </trkpt>
      <trkpt lat="46.16266" lon="8.78958">
        <ele>205.38</ele>
        <time>2026-02-02T14:11:18.709000Z</time>
      </trkpt>
      <trkpt lat="46.16263" lon="8.78968">
        <ele>205.34</ele>
        <time>2026-02-02T14:11:20.460000Z</time>
      </trkpt>
      <trkpt lat="46.1625" lon="8.78994">
        <ele>205.28</ele>
        <time>2026-02-02T14:11:25.343000Z</time>
      </trkpt>
      <trkpt lat="46.16241" lon="8.79005">
        <ele>205.11</ele>
        <time>2026-02-02T14:11:27.986000Z</time>
      </trkpt>
      <trkpt lat="46.16199" lon="8.79038">
        <ele>204.41</ele>
        <time>2026-02-02T14:11:38.597000Z</time>
      </trkpt>
      <trkpt lat="46.16192" lon="8.79047">
        <ele>204.27</ele>
        <time>2026-02-02T14:11:40.794000Z</time>
      </trkpt>
      <trkpt lat="46.16188" lon="8.79058">
        <ele>204.17</ele>
        <time>2026-02-02T14:11:42.654000Z</time>
      </trkpt>
      <trkpt lat="46.16186" lon="8.79064">
        <ele>204.06</ele>
        <time>2026-02-02T14:11:43.612000Z</time>
      </trkpt>
      <trkpt lat="46.16185" lon="8.79071">
        <ele>203.93</ele>
        <time>2026-02-02T14:11:44.792000Z</time>
      </trkpt>
      <trkpt lat="46.16186" lon="8.79076">
        <ele>203.86</ele>
        <time>2026-02-02T14:11:45.490000Z</time>
      </trkpt>
      <trkpt lat="46.16189" lon="8.79079">
        <ele>203.89</ele>
        <time>2026-02-02T14:11:46.372000Z</time>
      </trkpt>
      <trkpt lat="46.16183" lon="8.79102">
        <ele>203.51</ele>
        <time>2026-02-02T14:11:50.272000Z</time>
      </trkpt>
      <trkpt lat="46.16128" lon="8.79291">
        <ele>199.74</ele>
        <time>2026-02-02T14:12:21.795000Z</time>
      </trkpt>
      <trkpt lat="46.16121" lon="8.79312">
        <ele>198.9</ele>
        <time>2026-02-02T14:12:25.110000Z</time>
      </trkpt>
      <trkpt lat="46.16087" lon="8.79425">
        <ele>201.39</ele>
        <time>2026-02-02T14:12:44.110000Z</time>
      </trkpt>
      <trkpt lat="46.16079" lon="8.79451">
        <ele>201.68</ele>
        <time>2026-02-02T14:12:48.322000Z</time>
      </trkpt>
      <trkpt lat="46.16076" lon="8.79465">
        <ele>201.84</ele>
        <time>2026-02-02T14:12:50.708000Z</time>
      </trkpt>
      <trkpt lat="46.16074" lon="8.7948">
        <ele>201.99</ele>
        <time>2026-02-02T14:12:52.960000Z</time>
      </trkpt>
      <trkpt lat="46.16074" lon="8.79505">
        <ele>202.01</ele>
        <time>2026-02-02T14:12:56.829000Z</time>
      </trkpt>
      <trkpt lat="46.16076" lon="8.79518">
        <ele>202.02</ele>
        <time>2026-02-02T14:12:58.816000Z</time>
      </trkpt>
      <trkpt lat="46.1608" lon="8.79535">
        <ele>202.03</ele>
        <time>2026-02-02T14:13:01.584000Z</time>
      </trkpt>
      <trkpt lat="46.16104" lon="8.79634">
        <ele>203.0</ele>
        <time>2026-02-02T14:13:17.829000Z</time>
      </trkpt>
      <trkpt lat="46.16107" lon="8.79646">
        <ele>203.0</ele>
        <time>2026-02-02T14:13:19.749000Z</time>
      </trkpt>
      <trkpt lat="46.16111" lon="8.79661">
        <ele>202.81</ele>
        <time>2026-02-02T14:13:22.172000Z</time>
      </trkpt>
      <trkpt lat="46.16147" lon="8.79858">
        <ele>200.43</ele>
        <time>2026-02-02T14:13:53.591000Z</time>
      </trkpt>
      <trkpt lat="46.16094" lon="8.79879">
        <ele>202.14</ele>
        <time>2026-02-02T14:14:05.834000Z</time>
      </trkpt>
      <trkpt lat="46.1602" lon="8.79908">
        <ele>203.39</ele>
        <time>2026-02-02T14:14:22.811000Z</time>
      </trkpt>
      <trkpt lat="46.16019" lon="8.79911">
        <ele>203.52</ele>
        <time>2026-02-02T14:14:23.483000Z</time>
      </trkpt>
      <trkpt lat="46.16018" lon="8.79915">
        <ele>203.65</ele>
        <time>2026-02-02T14:14:24.154000Z</time>
      </trkpt>
      <trkpt lat="46.16018" lon="8.79922">
        <ele>203.8</ele>
        <time>2026-02-02T14:14:25.252000Z</time>
      </trkpt>
      <trkpt lat="46.16019" lon="8.79932">
        <ele>204.12</ele>
        <time>2026-02-02T14:14:27.112000Z</time>
      </trkpt>
      <trkpt lat="46.16028" lon="8.79976">
        <ele>205.59</ele>
        <time>2026-02-02T14:14:34.905000Z</time>
      </trkpt>
      <trkpt lat="46.16039" lon="8.80027">
        <ele>207.06</ele>
        <time>2026-02-02T14:14:44.198000Z</time>
      </trkpt>
      <trkpt lat="46.16038" lon="8.80069">
        <ele>208.3</ele>
        <time>2026-02-02T14:14:51.330000Z</time>
      </trkpt>
      <trkpt lat="46.16036" lon="8.80088">
        <ele>207.86</ele>
        <time>2026-02-02T14:14:54.357000Z</time>
      </trkpt>
      <trkpt lat="46.16017" lon="8.80248">
        <ele>204.26</ele>
        <time>2026-02-02T14:15:19.340000Z</time>
      </trkpt>
      <trkpt lat="46.16015" lon="8.80262">
        <ele>203.71</ele>
        <time>2026-02-02T14:15:21.327000Z</time>
      </trkpt>
      <trkpt lat="46.16046" lon="8.80269">
        <ele>203.25</ele>
        <time>2026-02-02T14:15:28.202000Z</time>
      </trkpt>
      <trkpt lat="46.16067" lon="8.80273">
        <ele>202.88</ele>
        <time>2026-02-02T14:15:33.043000Z</time>
      </trkpt>
      <trkpt lat="46.16114" lon="8.80282">
        <ele>202.75</ele>
        <time>2026-02-02T14:15:43.589000Z</time>
      </trkpt>
      <trkpt lat="46.16201" lon="8.80289">
        <ele>202.51</ele>
        <time>2026-02-02T14:16:02.875000Z</time>
      </trkpt>
      <trkpt lat="46.16215" lon="8.8029">
        <ele>201.78</ele>
        <time>2026-02-02T14:16:05.693000Z</time>
      </trkpt>
      <trkpt lat="46.16248" lon="8.80292">
        <ele>200.87</ele>
        <time>2026-02-02T14:16:13.039000Z</time>
      </trkpt>
      <trkpt lat="46.16338" lon="8.80293">
        <ele>198.37</ele>
        <time>2026-02-02T14:16:33.175000Z</time>
      </trkpt>
      <trkpt lat="46.16364" lon="8.80293">
        <ele>200.0</ele>
        <time>2026-02-02T14:16:38.891000Z</time>
      </trkpt>
      <trkpt lat="46.16435" lon="8.80294">
        <ele>201.64</ele>
        <time>2026-02-02T14:16:54.708000Z</time>
      </trkpt>
      <trkpt lat="46.16446" lon="8.80294">
        <ele>202.11</ele>
        <time>2026-02-02T14:16:57.416000Z</time>
      </trkpt>
      <trkpt lat="46.16446" lon="8.803">
        <ele>201.9</ele>
        <time>2026-02-02T14:16:58.395000Z</time>
      </trkpt>
      <trkpt lat="46.16465" lon="8.80303">
        <ele>202.44</ele>
        <time>2026-02-02T14:17:02.707000Z</time>
      </trkpt>
      <trkpt lat="46.16471" lon="8.80307">
        <ele>202.62</ele>
        <time>2026-02-02T14:17:04.109000Z</time>
      </trkpt>
      <trkpt lat="46.16481" lon="8.80317">
        <ele>202.99</ele>
        <time>2026-02-02T14:17:06.915000Z</time>
      </trkpt>
      <trkpt lat="46.16489" lon="8.80324">
        <ele>202.89</ele>
        <time>2026-02-02T14:17:08.996000Z</time>
      </trkpt>
      <trkpt lat="46.16515" lon="8.80348">
        <ele>202.3</ele>
        <time>2026-02-02T14:17:15.833000Z</time>
      </trkpt>
      <trkpt lat="46.16531" lon="8.80361">
        <ele>201.22</ele>
        <time>2026-02-02T14:17:19.523000Z</time>
      </trkpt>
      <trkpt lat="46.16545" lon="8.80366">
        <ele>200.32</ele>
        <time>2026-02-02T14:17:22.521000Z</time>
      </trkpt>
      <trkpt lat="46.16565" lon="8.80369">
        <ele>199.68</ele>
        <time>2026-02-02T14:17:26.900000Z</time>
      </trkpt>
      <trkpt lat="46.16576" lon="8.80366">
        <ele>199.31</ele>
        <time>2026-02-02T14:17:29.375000Z</time>
      </trkpt>
      <trkpt lat="46.16656" lon="8.80307">
        <ele>201.67</ele>
        <time>2026-02-02T14:17:49.403000Z</time>
      </trkpt>
      <trkpt lat="46.16705" lon="8.80269">
        <ele>201.69</ele>
        <time>2026-02-02T14:18:01.846000Z</time>
      </trkpt>
      <trkpt lat="46.16762" lon="8.80226">
        <ele>203.79</ele>
        <time>2026-02-02T14:18:16.002000Z</time>
      </trkpt>
      <trkpt lat="46.16792" lon="8.80202">
        <ele>203.29</ele>
        <time>2026-02-02T14:18:23.690000Z</time>
      </trkpt>
      <trkpt lat="46.16798" lon="8.80201">
        <ele>203.2</ele>
        <time>2026-02-02T14:18:25.070000Z</time>
      </trkpt>
      <trkpt lat="46.16803" lon="8.80198">
        <ele>203.12</ele>
        <time>2026-02-02T14:18:26.307000Z</time>
      </trkpt>
      <trkpt lat="46.16838" lon="8.80171">
        <ele>202.56</ele>
        <time>2026-02-02T14:18:34.976000Z</time>
      </trkpt>
      <trkpt lat="46.16897" lon="8.80126">
        <ele>201.81</ele>
        <time>2026-02-02T14:18:49.873000Z</time>
      </trkpt>
      <trkpt lat="46.168914083708785" lon="8.801073027939509">
        <ele>202.071044921875</ele>
        <time>2026-02-02T14:18:53.858000Z</time>
      </trkpt>
      <trkpt lat="46.16896032983891" lon="8.801013612249221">
        <ele>202.2125244140625</ele>
        <time>2026-02-02T14:18:55.675000Z</time>
      </trkpt>
      <trkpt lat="46.16892" lon="8.80096">
        <ele>202.39</ele>
        <time>2026-02-02T14:18:56.873000Z</time>
      </trkpt>
      <trkpt lat="46.16888" lon="8.80086">
        <ele>202.94</ele>
        <time>2026-02-02T14:18:58.930000Z</time>
      </trkpt>
      <trkpt lat="46.16885" lon="8.80071">
        <ele>203.4</ele>
        <time>2026-02-02T14:19:01.322000Z</time>
      </trkpt>
      <trkpt lat="46.16881" lon="8.8005">
        <ele>203.87</ele>
        <time>2026-02-02T14:19:04.554000Z</time>
      </trkpt>
      <trkpt lat="46.16865" lon="8.79968">
        <ele>203.44</ele>
        <time>2026-02-02T14:19:17.721000Z</time>
      </trkpt>
      <trkpt lat="46.16843" lon="8.79854">
        <ele>202.56</ele>
        <time>2026-02-02T14:19:35.886000Z</time>
      </trkpt>
      <trkpt lat="46.16832" lon="8.79799">
        <ele>202.96</ele>
        <time>2026-02-02T14:19:44.690000Z</time>
      </trkpt>
      <trkpt lat="46.1682" lon="8.79739">
        <ele>202.66</ele>
        <time>2026-02-02T14:19:54.320000Z</time>
      </trkpt>
      <trkpt lat="46.16794" lon="8.79597">
        <ele>201.89</ele>
        <time>2026-02-02T14:20:17.040000Z</time>
      </trkpt>
      <trkpt lat="46.16776" lon="8.79504">
        <ele>202.05</ele>
        <time>2026-02-02T14:20:31.842000Z</time>
      </trkpt>
      <trkpt lat="46.16773" lon="8.79488">
        <ele>202.09</ele>
        <time>2026-02-02T14:20:34.367000Z</time>
      </trkpt>
      <trkpt lat="46.16772" lon="8.79482">
        <ele>202.12</ele>
        <time>2026-02-02T14:20:35.234000Z</time>
      </trkpt>
      <trkpt lat="46.16761" lon="8.79425">
        <ele>204.19</ele>
        <time>2026-02-02T14:20:45.326000Z</time>
      </trkpt>
      <trkpt lat="46.1676" lon="8.79416">
        <ele>204.47</ele>
        <time>2026-02-02T14:20:46.734000Z</time>
      </trkpt>
      <trkpt lat="46.16758" lon="8.79407">
        <ele>204.77</ele>
        <time>2026-02-02T14:20:48.229000Z</time>
      </trkpt>
      <trkpt lat="46.16757" lon="8.79402">
        <ele>204.9</ele>
        <time>2026-02-02T14:20:48.957000Z</time>
      </trkpt>
      <trkpt lat="46.16761" lon="8.79398">
        <ele>205.33</ele>
        <time>2026-02-02T14:20:49.993000Z</time>
      </trkpt>
      <trkpt lat="46.16751" lon="8.79346">
        <ele>206.39</ele>
        <time>2026-02-02T14:20:58.204000Z</time>
      </trkpt>
      <trkpt lat="46.16732" lon="8.79252">
        <ele>208.31</ele>
        <time>2026-02-02T14:21:13.365000Z</time>
      </trkpt>
      <trkpt lat="46.16704" lon="8.79194">
        <ele>209.77</ele>
        <time>2026-02-02T14:21:24.110000Z</time>
      </trkpt>
      <trkpt lat="46.16696" lon="8.79171">
        <ele>210.58</ele>
        <time>2026-02-02T14:21:28.238000Z</time>
      </trkpt>
      <trkpt lat="46.1669" lon="8.79146">
        <ele>210.89</ele>
        <time>2026-02-02T14:21:32.277000Z</time>
      </trkpt>
      <trkpt lat="46.16686" lon="8.79147">
        <ele>211.01</ele>
        <time>2026-02-02T14:21:33.158000Z</time>
      </trkpt>
      <trkpt lat="46.16681" lon="8.79114">
        <ele>211.53</ele>
        <time>2026-02-02T14:21:38.300000Z</time>
      </trkpt>
      <trkpt lat="46.16686" lon="8.79073">
        <ele>212.76</ele>
        <time>2026-02-02T14:21:45.405000Z</time>
      </trkpt>
      <trkpt lat="46.16698" lon="8.79031">
        <ele>213.35</ele>
        <time>2026-02-02T14:21:52.374000Z</time>
      </trkpt>
      <trkpt lat="46.16702" lon="8.79021">
        <ele>213.48</ele>
        <time>2026-02-02T14:21:54.119000Z</time>
      </trkpt>
      <trkpt lat="46.16715" lon="8.78987">
        <ele>214.49</ele>
        <time>2026-02-02T14:22:00.086000Z</time>
      </trkpt>
      <trkpt lat="46.16735" lon="8.7896">
        <ele>215.53</ele>
        <time>2026-02-02T14:22:06.211000Z</time>
      </trkpt>
      <trkpt lat="46.16752" lon="8.78945">
        <ele>216.31</ele>
        <time>2026-02-02T14:22:10.801000Z</time>
      </trkpt>
      <trkpt lat="46.16761" lon="8.7894">
        <ele>216.67</ele>
        <time>2026-02-02T14:22:12.874000Z</time>
      </trkpt>
      <trkpt lat="46.16775" lon="8.78933">
        <ele>217.08</ele>
        <time>2026-02-02T14:22:16.113000Z</time>
      </trkpt>
      <trkpt lat="46.16791" lon="8.78934">
        <ele>217.11</ele>
        <time>2026-02-02T14:22:19.700000Z</time>
      </trkpt>
      <trkpt lat="46.16809" lon="8.78933">
        <ele>217.15</ele>
        <time>2026-02-02T14:22:23.622000Z</time>
      </trkpt>
      <trkpt lat="46.16834" lon="8.78927">
        <ele>217.2</ele>
        <time>2026-02-02T14:22:29.401000Z</time>
      </trkpt>
      <trkpt lat="46.16844" lon="8.78922">
        <ele>217.22</ele>
        <time>2026-02-02T14:22:31.626000Z</time>
      </trkpt>
      <trkpt lat="46.16849" lon="8.78918">
        <ele>217.23</ele>
        <time>2026-02-02T14:22:32.910000Z</time>
      </trkpt>
      <trkpt lat="46.16855" lon="8.78922">
        <ele>217.32</ele>
        <time>2026-02-02T14:22:34.441000Z</time>
      </trkpt>
      <trkpt lat="46.16868" lon="8.78923">
        <ele>217.52</ele>
        <time>2026-02-02T14:22:37.335000Z</time>
      </trkpt>
      <trkpt lat="46.16876" lon="8.78922">
        <ele>217.6</ele>
        <time>2026-02-02T14:22:39.146000Z</time>
      </trkpt>
      <trkpt lat="46.16889" lon="8.78922">
        <ele>217.92</ele>
        <time>2026-02-02T14:22:42.067000Z</time>
      </trkpt>
      <trkpt lat="46.16892" lon="8.78922">
        <ele>217.99</ele>
        <time>2026-02-02T14:22:42.788000Z</time>
      </trkpt>
      <trkpt lat="46.16966" lon="8.78919">
        <ele>222.29</ele>
        <time>2026-02-02T14:23:01.096000Z</time>
      </trkpt>
      <trkpt lat="46.1697" lon="8.78916">
        <ele>222.54</ele>
        <time>2026-02-02T14:23:02.334000Z</time>
      </trkpt>
      <trkpt lat="46.16972" lon="8.78913">
        <ele>222.54</ele>
        <time>2026-02-02T14:23:02.815000Z</time>
      </trkpt>
      <trkpt lat="46.16972" lon="8.78907">
        <ele>222.51</ele>
        <time>2026-02-02T14:23:03.756000Z</time>
      </trkpt>
      <trkpt lat="46.16972" lon="8.78834">
        <ele>222.23</ele>
        <time>2026-02-02T14:23:15.001000Z</time>
      </trkpt>
      <trkpt lat="46.16973" lon="8.78754">
        <ele>220.91</ele>
        <time>2026-02-02T14:23:27.373000Z</time>
      </trkpt>
      <trkpt lat="46.16974" lon="8.78676">
        <ele>219.59</ele>
        <time>2026-02-02T14:23:39.353000Z</time>
      </trkpt>
      <trkpt lat="46.16975" lon="8.78575">
        <ele>221.38</ele>
        <time>2026-02-02T14:23:56.529000Z</time>
      </trkpt>
      <trkpt lat="46.16975" lon="8.78573">
        <ele>223.18</ele>
        <time>2026-02-02T14:23:57.052000Z</time>
      </trkpt>
      <trkpt lat="46.16976" lon="8.78542">
        <ele>223.41</ele>
        <time>2026-02-02T14:24:01.694000Z</time>
      </trkpt>
      <trkpt lat="46.16976" lon="8.78506">
        <ele>222.85</ele>
        <time>2026-02-02T14:24:07.391000Z</time>
      </trkpt>
      <trkpt lat="46.16978" lon="8.78403">
        <ele>221.14</ele>
        <time>2026-02-02T14:24:23.184000Z</time>
      </trkpt>
      <trkpt lat="46.16978" lon="8.78341">
        <ele>221.39</ele>
        <time>2026-02-02T14:24:32.705000Z</time>
      </trkpt>
      <trkpt lat="46.16979" lon="8.78274">
        <ele>222.37</ele>
        <time>2026-02-02T14:24:42.995000Z</time>
      </trkpt>
      <trkpt lat="46.16979" lon="8.78215">
        <ele>223.34</ele>
        <time>2026-02-02T14:24:51.935000Z</time>
      </trkpt>
      <trkpt lat="46.1698" lon="8.78189">
        <ele>223.82</ele>
        <time>2026-02-02T14:24:56.027000Z</time>
      </trkpt>
      <trkpt lat="46.1698" lon="8.78135">
        <ele>224.87</ele>
        <time>2026-02-02T14:25:04.301000Z</time>
      </trkpt>
      <trkpt lat="46.16981" lon="8.78121">
        <ele>225.24</ele>
        <time>2026-02-02T14:25:06.518000Z</time>
      </trkpt>
      <trkpt lat="46.16984" lon="8.78004">
        <ele>226.83</ele>
        <time>2026-02-02T14:25:24.560000Z</time>
      </trkpt>
      <trkpt lat="46.16986" lon="8.77968">
        <ele>227.53</ele>
        <time>2026-02-02T14:25:30.136000Z</time>
      </trkpt>
      <trkpt lat="46.16991" lon="8.77902">
        <ele>228.22</ele>
        <time>2026-02-02T14:25:40.317000Z</time>
      </trkpt>
      <trkpt lat="46.16992" lon="8.77866">
        <ele>227.92</ele>
        <time>2026-02-02T14:25:45.894000Z</time>
      </trkpt>
      <trkpt lat="46.16993" lon="8.77844">
        <ele>227.62</ele>
        <time>2026-02-02T14:25:49.297000Z</time>
      </trkpt>
      <trkpt lat="46.16996" lon="8.77832">
        <ele>227.61</ele>
        <time>2026-02-02T14:25:51.219000Z</time>
      </trkpt>
      <trkpt lat="46.16997" lon="8.7781">
        <ele>227.33</ele>
        <time>2026-02-02T14:25:54.495000Z</time>
      </trkpt>
      <trkpt lat="46.17" lon="8.77802">
        <ele>227.31</ele>
        <time>2026-02-02T14:25:56.002000Z</time>
      </trkpt>
      <trkpt lat="46.17002" lon="8.77794">
        <ele>227.29</ele>
        <time>2026-02-02T14:25:57.410000Z</time>
      </trkpt>
      <trkpt lat="46.17005" lon="8.77773">
        <ele>226.96</ele>
        <time>2026-02-02T14:26:00.272000Z</time>
      </trkpt>
      <trkpt lat="46.17008" lon="8.77751">
        <ele>226.63</ele>
        <time>2026-02-02T14:26:03.348000Z</time>
      </trkpt>
      <trkpt lat="46.17013" lon="8.77715">
        <ele>226.04</ele>
        <time>2026-02-02T14:26:08.413000Z</time>
      </trkpt>
      <trkpt lat="46.17017" lon="8.77698">
        <ele>225.76</ele>
        <time>2026-02-02T14:26:10.863000Z</time>
      </trkpt>
      <trkpt lat="46.1702" lon="8.77687">
        <ele>225.58</ele>
        <time>2026-02-02T14:26:12.559000Z</time>
      </trkpt>
      <trkpt lat="46.17023" lon="8.77678">
        <ele>224.94</ele>
        <time>2026-02-02T14:26:13.932000Z</time>
      </trkpt>
      <trkpt lat="46.17051" lon="8.7757">
        <ele>224.94</ele>
        <time>2026-02-02T14:26:29.862000Z</time>
      </trkpt>
      <trkpt lat="46.17067" lon="8.77506">
        <ele>224.31</ele>
        <time>2026-02-02T14:26:39.295000Z</time>
      </trkpt>
      <trkpt lat="46.17083" lon="8.7744">
        <ele>224.73</ele>
        <time>2026-02-02T14:26:48.940000Z</time>
      </trkpt>
      <trkpt lat="46.17096" lon="8.77372">
        <ele>224.3</ele>
        <time>2026-02-02T14:26:58.667000Z</time>
      </trkpt>
      <trkpt lat="46.17102" lon="8.77337">
        <ele>223.87</ele>
        <time>2026-02-02T14:27:03.697000Z</time>
      </trkpt>
      <trkpt lat="46.1711" lon="8.77293">
        <ele>222.12</ele>
        <time>2026-02-02T14:27:09.360000Z</time>
      </trkpt>
      <trkpt lat="46.17123" lon="8.77226">
        <ele>220.38</ele>
        <time>2026-02-02T14:27:18.037000Z</time>
      </trkpt>
      <trkpt lat="46.17132" lon="8.77184">
        <ele>219.05</ele>
        <time>2026-02-02T14:27:23.681000Z</time>
      </trkpt>
      <trkpt lat="46.17136" lon="8.7717">
        <ele>218.57</ele>
        <time>2026-02-02T14:27:25.511000Z</time>
      </trkpt>
      <trkpt lat="46.17144" lon="8.77142">
        <ele>217.39</ele>
        <time>2026-02-02T14:27:29.809000Z</time>
      </trkpt>
      <trkpt lat="46.17154" lon="8.77113">
        <ele>216.11</ele>
        <time>2026-02-02T14:27:34.450000Z</time>
      </trkpt>
      <trkpt lat="46.17166" lon="8.77082">
        <ele>213.47</ele>
        <time>2026-02-02T14:27:39.508000Z</time>
      </trkpt>
      <trkpt lat="46.17192" lon="8.77028">
        <ele>212.16</ele>
        <time>2026-02-02T14:27:48.691000Z</time>
      </trkpt>
      <trkpt lat="46.17218" lon="8.76985">
        <ele>213.1</ele>
        <time>2026-02-02T14:27:57.500000Z</time>
      </trkpt>
      <trkpt lat="46.17225" lon="8.76976">
        <ele>213.64</ele>
        <time>2026-02-02T14:27:59.601000Z</time>
      </trkpt>
      <trkpt lat="46.17251" lon="8.76941">
        <ele>214.17</ele>
        <time>2026-02-02T14:28:07.480000Z</time>
      </trkpt>
      <trkpt lat="46.17324" lon="8.76847">
        <ele>216.03</ele>
        <time>2026-02-02T14:28:29.251000Z</time>
      </trkpt>
      <trkpt lat="46.17367" lon="8.76793">
        <ele>217.88</ele>
        <time>2026-02-02T14:28:41.967000Z</time>
      </trkpt>
      <trkpt lat="46.17464" lon="8.76637">
        <ele>216.35</ele>
        <time>2026-02-02T14:29:14.236000Z</time>
      </trkpt>
      <trkpt lat="46.17481" lon="8.76611">
        <ele>216.17</ele>
        <time>2026-02-02T14:29:19.799000Z</time>
      </trkpt>
      <trkpt lat="46.1755" lon="8.76535">
        <ele>215.29</ele>
        <time>2026-02-02T14:29:39.131000Z</time>
      </trkpt>
      <trkpt lat="46.17562" lon="8.76517">
        <ele>215.12</ele>
        <time>2026-02-02T14:29:42.861000Z</time>
      </trkpt>
      <trkpt lat="46.17595" lon="8.76451">
        <ele>214.55</ele>
        <time>2026-02-02T14:29:55.461000Z</time>
      </trkpt>
      <trkpt lat="46.17609" lon="8.76434">
        <ele>214.37</ele>
        <time>2026-02-02T14:29:59.481000Z</time>
      </trkpt>
      <trkpt lat="46.17612" lon="8.76432">
        <ele>214.59</ele>
        <time>2026-02-02T14:30:00.179000Z</time>
      </trkpt>
      <trkpt lat="46.17618" lon="8.76425">
        <ele>214.81</ele>
        <time>2026-02-02T14:30:02.003000Z</time>
      </trkpt>
      <trkpt lat="46.17668" lon="8.76386">
        <ele>217.11</ele>
        <time>2026-02-02T14:30:14.534000Z</time>
      </trkpt>
      <trkpt lat="46.17697" lon="8.76361">
        <ele>218.51</ele>
        <time>2026-02-02T14:30:22.136000Z</time>
      </trkpt>
      <trkpt lat="46.17709" lon="8.76348">
        <ele>219.11</ele>
        <time>2026-02-02T14:30:25.455000Z</time>
      </trkpt>
      <trkpt lat="46.1773" lon="8.76321">
        <ele>219.57</ele>
        <time>2026-02-02T14:30:31.743000Z</time>
      </trkpt>
      <trkpt lat="46.17769" lon="8.76262">
        <ele>219.02</ele>
        <time>2026-02-02T14:30:44.279000Z</time>
      </trkpt>
      <trkpt lat="46.17779" lon="8.76249">
        <ele>218.89</ele>
        <time>2026-02-02T14:30:47.191000Z</time>
      </trkpt>
      <trkpt lat="46.17795" lon="8.76232">
        <ele>218.69</ele>
        <time>2026-02-02T14:30:51.745000Z</time>
      </trkpt>
      <trkpt lat="46.17884" lon="8.76155">
        <ele>217.68</ele>
        <time>2026-02-02T14:31:14.711000Z</time>
      </trkpt>
      <trkpt lat="46.17894" lon="8.76144">
        <ele>217.56</ele>
        <time>2026-02-02T14:31:17.480000Z</time>
      </trkpt>
      <trkpt lat="46.17912" lon="8.76124">
        <ele>217.33</ele>
        <time>2026-02-02T14:31:22.667000Z</time>
      </trkpt>
      <trkpt lat="46.17929" lon="8.76101">
        <ele>217.11</ele>
        <time>2026-02-02T14:31:27.784000Z</time>
      </trkpt>
      <trkpt lat="46.17955" lon="8.76056">
        <ele>219.24</ele>
        <time>2026-02-02T14:31:36.857000Z</time>
      </trkpt>
      <trkpt lat="46.1797" lon="8.76028">
        <ele>222.75</ele>
        <time>2026-02-02T14:31:42.356000Z</time>
      </trkpt>
      <trkpt lat="46.17979" lon="8.7601">
        <ele>222.07</ele>
        <time>2026-02-02T14:31:45.703000Z</time>
      </trkpt>
      <trkpt lat="46.18002" lon="8.75953">
        <ele>219.96</ele>
        <time>2026-02-02T14:31:55.852000Z</time>
      </trkpt>
      <trkpt lat="46.18012" lon="8.75935">
        <ele>219.22</ele>
        <time>2026-02-02T14:31:59.398000Z</time>
      </trkpt>
      <trkpt lat="46.18018" lon="8.75928">
        <ele>218.86</ele>
        <time>2026-02-02T14:32:01.125000Z</time>
      </trkpt>
      <trkpt lat="46.1803" lon="8.75916">
        <ele>218.94</ele>
        <time>2026-02-02T14:32:04.374000Z</time>
      </trkpt>
      <trkpt lat="46.18113" lon="8.7584">
        <ele>219.53</ele>
        <time>2026-02-02T14:32:26.332000Z</time>
      </trkpt>
      <trkpt lat="46.18129" lon="8.75821">
        <ele>219.65</ele>
        <time>2026-02-02T14:32:31.005000Z</time>
      </trkpt>
      <trkpt lat="46.18188" lon="8.75744">
        <ele>220.12</ele>
        <time>2026-02-02T14:32:48.648000Z</time>
      </trkpt>
      <trkpt lat="46.18195" lon="8.75734">
        <ele>221.38</ele>
        <time>2026-02-02T14:32:50.929000Z</time>
      </trkpt>
      <trkpt lat="46.18203" lon="8.75716">
        <ele>223.2</ele>
        <time>2026-02-02T14:32:54.124000Z</time>
      </trkpt>
      <trkpt lat="46.18222" lon="8.75661">
        <ele>225.72</ele>
        <time>2026-02-02T14:33:03.676000Z</time>
      </trkpt>
      <trkpt lat="46.18226" lon="8.75651">
        <ele>225.64</ele>
        <time>2026-02-02T14:33:05.465000Z</time>
      </trkpt>
      <trkpt lat="46.18236" lon="8.75634">
        <ele>225.48</ele>
        <time>2026-02-02T14:33:08.899000Z</time>
      </trkpt>
      <trkpt lat="46.18247" lon="8.75619">
        <ele>225.34</ele>
        <time>2026-02-02T14:33:12.203000Z</time>
      </trkpt>
      <trkpt lat="46.18257" lon="8.75605">
        <ele>225.2</ele>
        <time>2026-02-02T14:33:15.353000Z</time>
      </trkpt>
      <trkpt lat="46.18272" lon="8.75588">
        <ele>225.01</ele>
        <time>2026-02-02T14:33:19.605000Z</time>
      </trkpt>
      <trkpt lat="46.18338" lon="8.75521">
        <ele>228.99</ele>
        <time>2026-02-02T14:33:37.448000Z</time>
      </trkpt>
      <trkpt lat="46.18372" lon="8.75491">
        <ele>231.03</ele>
        <time>2026-02-02T14:33:46.489000Z</time>
      </trkpt>
      <trkpt lat="46.18379" lon="8.75484">
        <ele>231.42</ele>
        <time>2026-02-02T14:33:48.204000Z</time>
      </trkpt>
      <trkpt lat="46.18389" lon="8.7547">
        <ele>232.14</ele>
        <time>2026-02-02T14:33:51.369000Z</time>
      </trkpt>
      <trkpt lat="46.18421" lon="8.75419">
        <ele>232.83</ele>
        <time>2026-02-02T14:34:02.031000Z</time>
      </trkpt>
      <trkpt lat="46.1844" lon="8.75375">
        <ele>229.01</ele>
        <time>2026-02-02T14:34:09.962000Z</time>
      </trkpt>
      <trkpt lat="46.1845" lon="8.75359">
        <ele>228.67</ele>
        <time>2026-02-02T14:34:13.258000Z</time>
      </trkpt>
      <trkpt lat="46.18463" lon="8.75344">
        <ele>228.27</ele>
        <time>2026-02-02T14:34:17.080000Z</time>
      </trkpt>
      <trkpt lat="46.18492" lon="8.75324">
        <ele>227.53</ele>
        <time>2026-02-02T14:34:24.188000Z</time>
      </trkpt>
      <trkpt lat="46.185" lon="8.75317">
        <ele>227.33</ele>
        <time>2026-02-02T14:34:26.149000Z</time>
      </trkpt>
      <trkpt lat="46.18513" lon="8.753">
        <ele>226.91</ele>
        <time>2026-02-02T14:34:30.170000Z</time>
      </trkpt>
      <trkpt lat="46.18516" lon="8.75297">
        <ele>226.87</ele>
        <time>2026-02-02T14:34:30.924000Z</time>
      </trkpt>
      <trkpt lat="46.18534" lon="8.75271">
        <ele>229.29</ele>
        <time>2026-02-02T14:34:47.792000Z</time>
      </trkpt>
      <trkpt lat="46.18537" lon="8.75267">
        <ele>229.93</ele>
        <time>2026-02-02T14:34:50.737000Z</time>
      </trkpt>
      <trkpt lat="46.18543" lon="8.75263">
        <ele>230.97</ele>
        <time>2026-02-02T14:34:55.417000Z</time>
      </trkpt>
      <trkpt lat="46.18552" lon="8.75261">
        <ele>232.23</ele>
        <time>2026-02-02T14:35:01.127000Z</time>
      </trkpt>
      <trkpt lat="46.18562" lon="8.75263">
        <ele>233.69</ele>
        <time>2026-02-02T14:35:07.741000Z</time>
      </trkpt>
      <trkpt lat="46.18568" lon="8.75267">
        <ele>234.78</ele>
        <time>2026-02-02T14:35:12.708000Z</time>
      </trkpt>
      <trkpt lat="46.18574" lon="8.75273">
        <ele>235.8</ele>
        <time>2026-02-02T14:35:17.289000Z</time>
      </trkpt>
      <trkpt lat="46.18581" lon="8.75287">
        <ele>238.06</ele>
        <time>2026-02-02T14:35:34.168000Z</time>
      </trkpt>
      <trkpt lat="46.18585" lon="8.75299">
        <ele>239.79</ele>
        <time>2026-02-02T14:35:46.385000Z</time>
      </trkpt>
      <trkpt lat="46.18589" lon="8.75311">
        <ele>241.52</ele>
        <time>2026-02-02T14:35:59.988000Z</time>
      </trkpt>
      <trkpt lat="46.18591" lon="8.75321">
        <ele>242.79</ele>
        <time>2026-02-02T14:36:09.099000Z</time>
      </trkpt>
      <trkpt lat="46.186" lon="8.75323">
        <ele>244.38</ele>
        <time>2026-02-02T14:36:21.490000Z</time>
      </trkpt>
      <trkpt lat="46.18605" lon="8.75323">
        <ele>245.2</ele>
        <time>2026-02-02T14:36:27.845000Z</time>
      </trkpt>
      <trkpt lat="46.18638" lon="8.75317">
        <ele>246.83</ele>
        <time>2026-02-02T14:36:35.186000Z</time>
      </trkpt>
      <trkpt lat="46.18655" lon="8.75314">
        <ele>248.23</ele>
        <time>2026-02-02T14:36:39.412000Z</time>
      </trkpt>
      <trkpt lat="46.18665" lon="8.75308">
        <ele>249.18</ele>
        <time>2026-02-02T14:36:42.307000Z</time>
      </trkpt>
      <trkpt lat="46.18675" lon="8.75298">
        <ele>250.15</ele>
        <time>2026-02-02T14:36:45.239000Z</time>
      </trkpt>
      <trkpt lat="46.1868" lon="8.75288">
        <ele>250.84</ele>
        <time>2026-02-02T14:36:47.255000Z</time>
      </trkpt>
      <trkpt lat="46.18682" lon="8.75282">
        <ele>250.94</ele>
        <time>2026-02-02T14:36:48.319000Z</time>
      </trkpt>
      <trkpt lat="46.18685" lon="8.75281">
        <ele>250.96</ele>
        <time>2026-02-02T14:36:49.250000Z</time>
      </trkpt>
      <trkpt lat="46.18686" lon="8.7528">
        <ele>251.12</ele>
        <time>2026-02-02T14:36:49.797000Z</time>
      </trkpt>
      <trkpt lat="46.18688" lon="8.75271">
        <ele>251.68</ele>
        <time>2026-02-02T14:36:51.707000Z</time>
      </trkpt>
      <trkpt lat="46.18689" lon="8.75224">
        <ele>254.68</ele>
        <time>2026-02-02T14:37:01.903000Z</time>
      </trkpt>
      <trkpt lat="46.18689" lon="8.75193">
        <ele>253.13</ele>
        <time>2026-02-02T14:37:06.324000Z</time>
      </trkpt>
      <trkpt lat="46.18687" lon="8.75189">
        <ele>252.89</ele>
        <time>2026-02-02T14:37:06.985000Z</time>
      </trkpt>
      <trkpt lat="46.18683" lon="8.75187">
        <ele>252.77</ele>
        <time>2026-02-02T14:37:07.910000Z</time>
      </trkpt>
      <trkpt lat="46.18683" lon="8.7517">
        <ele>252.54</ele>
        <time>2026-02-02T14:37:10.399000Z</time>
      </trkpt>
      <trkpt lat="46.18685" lon="8.74933">
        <ele>244.73</ele>
        <time>2026-02-02T14:37:47.526000Z</time>
      </trkpt>
      <trkpt lat="46.1869" lon="8.749">
        <ele>251.45</ele>
        <time>2026-02-02T14:37:52.832000Z</time>
      </trkpt>
      <trkpt lat="46.18712" lon="8.74783">
        <ele>255.86</ele>
        <time>2026-02-02T14:38:11.528000Z</time>
      </trkpt>
      <trkpt lat="46.18713" lon="8.74767">
        <ele>256.88</ele>
        <time>2026-02-02T14:38:13.897000Z</time>
      </trkpt>
      <trkpt lat="46.18713" lon="8.74763">
        <ele>256.74</ele>
        <time>2026-02-02T14:38:14.541000Z</time>
      </trkpt>
      <trkpt lat="46.1871" lon="8.7473">
        <ele>256.45</ele>
        <time>2026-02-02T14:38:19.085000Z</time>
      </trkpt>
      <trkpt lat="46.18698" lon="8.74637">
        <ele>255.65</ele>
        <time>2026-02-02T14:38:32.200000Z</time>
      </trkpt>
      <trkpt lat="46.18696" lon="8.74609">
        <ele>256.72</ele>
        <time>2026-02-02T14:38:37.025000Z</time>
      </trkpt>
      <trkpt lat="46.18695" lon="8.74579">
        <ele>257.89</ele>
        <time>2026-02-02T14:38:42.244000Z</time>
      </trkpt>
      <trkpt lat="46.18695" lon="8.74549">
        <ele>258.86</ele>
        <time>2026-02-02T14:38:47.271000Z</time>
      </trkpt>
      <trkpt lat="46.18695" lon="8.74528">
        <ele>259.07</ele>
        <time>2026-02-02T14:38:50.557000Z</time>
      </trkpt>
      <trkpt lat="46.18694" lon="8.74512">
        <ele>259.23</ele>
        <time>2026-02-02T14:38:53.073000Z</time>
      </trkpt>
      <trkpt lat="46.18697" lon="8.74512">
        <ele>259.95</ele>
        <time>2026-02-02T14:38:57.563000Z</time>
      </trkpt>
      <trkpt lat="46.18694" lon="8.74512">
        <ele>259.23</ele>
        <time>2026-02-02T14:39:00.121000Z</time>
      </trkpt>
      <trkpt lat="46.18693" lon="8.74504">
        <ele>259.02</ele>
        <time>2026-02-02T14:39:01.428000Z</time>
      </trkpt>
      <trkpt lat="46.1869" lon="8.74493">
        <ele>258.75</ele>
        <time>2026-02-02T14:39:03.191000Z</time>
      </trkpt>
      <trkpt lat="46.1868" lon="8.74469">
        <ele>258.07</ele>
        <time>2026-02-02T14:39:07.477000Z</time>
      </trkpt>
      <trkpt lat="46.18673" lon="8.74451">
        <ele>258.14</ele>
        <time>2026-02-02T14:39:10.705000Z</time>
      </trkpt>
      <trkpt lat="46.18669" lon="8.74438">
        <ele>258.17</ele>
        <time>2026-02-02T14:39:12.797000Z</time>
      </trkpt>
      <trkpt lat="46.18668" lon="8.74432">
        <ele>258.2</ele>
        <time>2026-02-02T14:39:13.653000Z</time>
      </trkpt>
      <trkpt lat="46.18667" lon="8.74419">
        <ele>258.35</ele>
        <time>2026-02-02T14:39:15.787000Z</time>
      </trkpt>
      <trkpt lat="46.18667" lon="8.7441">
        <ele>258.45</ele>
        <time>2026-02-02T14:39:17.097000Z</time>
      </trkpt>
      <trkpt lat="46.18667" lon="8.74391">
        <ele>258.76</ele>
        <time>2026-02-02T14:39:20.013000Z</time>
      </trkpt>
      <trkpt lat="46.18667" lon="8.74291">
        <ele>260.57</ele>
        <time>2026-02-02T14:39:37.220000Z</time>
      </trkpt>
      <trkpt lat="46.18666" lon="8.74265">
        <ele>262.38</ele>
        <time>2026-02-02T14:39:41.606000Z</time>
      </trkpt>
      <trkpt lat="46.18667" lon="8.74236">
        <ele>263.05</ele>
        <time>2026-02-02T14:39:46.072000Z</time>
      </trkpt>
      <trkpt lat="46.18667" lon="8.74184">
        <ele>264.89</ele>
        <time>2026-02-02T14:39:54.957000Z</time>
      </trkpt>
      <trkpt lat="46.18667" lon="8.74131">
        <ele>266.74</ele>
        <time>2026-02-02T14:40:03.992000Z</time>
      </trkpt>
      <trkpt lat="46.18666" lon="8.74103">
        <ele>267.47</ele>
        <time>2026-02-02T14:40:08.308000Z</time>
      </trkpt>
      <trkpt lat="46.18665" lon="8.74083">
        <ele>267.2</ele>
        <time>2026-02-02T14:40:11.437000Z</time>
      </trkpt>
      <trkpt lat="46.18662" lon="8.74063">
        <ele>266.83</ele>
        <time>2026-02-02T14:40:14.451000Z</time>
      </trkpt>
      <trkpt lat="46.18658" lon="8.74044">
        <ele>266.68</ele>
        <time>2026-02-02T14:40:17.393000Z</time>
      </trkpt>
      <trkpt lat="46.18653" lon="8.7403">
        <ele>266.45</ele>
        <time>2026-02-02T14:40:19.933000Z</time>
      </trkpt>
      <trkpt lat="46.18647" lon="8.74016">
        <ele>265.73</ele>
        <time>2026-02-02T14:40:22.158000Z</time>
      </trkpt>
      <trkpt lat="46.18645" lon="8.74005">
        <ele>265.51</ele>
        <time>2026-02-02T14:40:23.860000Z</time>
      </trkpt>
      <trkpt lat="46.18644" lon="8.73981">
        <ele>264.99</ele>
        <time>2026-02-02T14:40:27.609000Z</time>
      </trkpt>
      <trkpt lat="46.18644" lon="8.73964">
        <ele>265.75</ele>
        <time>2026-02-02T14:40:30.212000Z</time>
      </trkpt>
      <trkpt lat="46.18644" lon="8.73891">
        <ele>266.5</ele>
        <time>2026-02-02T14:40:41.349000Z</time>
      </trkpt>
      <trkpt lat="46.18643" lon="8.73807">
        <ele>267.98</ele>
        <time>2026-02-02T14:40:54.372000Z</time>
      </trkpt>
      <trkpt lat="46.18643" lon="8.73771">
        <ele>270.02</ele>
        <time>2026-02-02T14:41:01.172000Z</time>
      </trkpt>
      <trkpt lat="46.18642" lon="8.7372">
        <ele>271.61</ele>
        <time>2026-02-02T14:41:09.881000Z</time>
      </trkpt>
      <trkpt lat="46.18642" lon="8.73711">
        <ele>273.2</ele>
        <time>2026-02-02T14:41:11.412000Z</time>
      </trkpt>
      <trkpt lat="46.18641" lon="8.73692">
        <ele>273.94</ele>
        <time>2026-02-02T14:41:14.601000Z</time>
      </trkpt>
      <trkpt lat="46.18634" lon="8.73525">
        <ele>276.42</ele>
        <time>2026-02-02T14:41:40.327000Z</time>
      </trkpt>
      <trkpt lat="46.18633" lon="8.73473">
        <ele>279.73</ele>
        <time>2026-02-02T14:41:48.253000Z</time>
      </trkpt>
      <trkpt lat="46.18642" lon="8.73389">
        <ele>283.06</ele>
        <time>2026-02-02T14:42:02.871000Z</time>
      </trkpt>
      <trkpt lat="46.18642" lon="8.73376">
        <ele>283.56</ele>
        <time>2026-02-02T14:42:05.085000Z</time>
      </trkpt>
      <trkpt lat="46.18642" lon="8.73371">
        <ele>283.26</ele>
        <time>2026-02-02T14:42:05.851000Z</time>
      </trkpt>
      <trkpt lat="46.1864" lon="8.73356">
        <ele>282.39</ele>
        <time>2026-02-02T14:42:07.954000Z</time>
      </trkpt>
      <trkpt lat="46.18638" lon="8.7334">
        <ele>281.38</ele>
        <time>2026-02-02T14:42:10.255000Z</time>
      </trkpt>
      <trkpt lat="46.18628" lon="8.73284">
        <ele>280.72</ele>
        <time>2026-02-02T14:42:19.171000Z</time>
      </trkpt>
      <trkpt lat="46.18623" lon="8.7326">
        <ele>280.32</ele>
        <time>2026-02-02T14:42:23.036000Z</time>
      </trkpt>
      <trkpt lat="46.18614" lon="8.73217">
        <ele>279.93</ele>
        <time>2026-02-02T14:42:29.845000Z</time>
      </trkpt>
      <trkpt lat="46.18608" lon="8.73184">
        <ele>279.54</ele>
        <time>2026-02-02T14:42:35.058000Z</time>
      </trkpt>
      <trkpt lat="46.18606" lon="8.73174">
        <ele>279.63</ele>
        <time>2026-02-02T14:42:36.751000Z</time>
      </trkpt>
      <trkpt lat="46.18603" lon="8.73159">
        <ele>279.72</ele>
        <time>2026-02-02T14:42:39.031000Z</time>
      </trkpt>
      <trkpt lat="46.18601" lon="8.73146">
        <ele>279.83</ele>
        <time>2026-02-02T14:42:41.186000Z</time>
      </trkpt>
      <trkpt lat="46.18595" lon="8.73119">
        <ele>279.41</ele>
        <time>2026-02-02T14:42:45.598000Z</time>
      </trkpt>
      <trkpt lat="46.18588" lon="8.73094">
        <ele>279.02</ele>
        <time>2026-02-02T14:42:49.667000Z</time>
      </trkpt>
      <trkpt lat="46.18584" lon="8.73084">
        <ele>278.83</ele>
        <time>2026-02-02T14:42:51.492000Z</time>
      </trkpt>
      <trkpt lat="46.1858" lon="8.73073">
        <ele>278.61</ele>
        <time>2026-02-02T14:42:53.404000Z</time>
      </trkpt>
      <trkpt lat="46.18574" lon="8.73048">
        <ele>279.19</ele>
        <time>2026-02-02T14:42:57.385000Z</time>
      </trkpt>
      <trkpt lat="46.18573" lon="8.73029">
        <ele>279.64</ele>
        <time>2026-02-02T14:43:00.439000Z</time>
      </trkpt>
      <trkpt lat="46.18573" lon="8.72993">
        <ele>280.48</ele>
        <time>2026-02-02T14:43:05.967000Z</time>
      </trkpt>
      <trkpt lat="46.18572" lon="8.72955">
        <ele>281.44</ele>
        <time>2026-02-02T14:43:11.703000Z</time>
      </trkpt>
      <trkpt lat="46.18572" lon="8.72951">
        <ele>281.52</ele>
        <time>2026-02-02T14:43:12.347000Z</time>
      </trkpt>
      <trkpt lat="46.18571" lon="8.72907">
        <ele>282.45</ele>
        <time>2026-02-02T14:43:19.242000Z</time>
      </trkpt>
      <trkpt lat="46.1857" lon="8.72885">
        <ele>283.22</ele>
        <time>2026-02-02T14:43:23.015000Z</time>
      </trkpt>
      <trkpt lat="46.18574" lon="8.72884">
        <ele>284.43</ele>
        <time>2026-02-02T14:43:28.692000Z</time>
      </trkpt>
      <trkpt lat="46.1857" lon="8.72885">
        <ele>283.22</ele>
        <time>2026-02-02T14:43:29.772000Z</time>
      </trkpt>
      <trkpt lat="46.18569" lon="8.72827">
        <ele>286.1</ele>
        <time>2026-02-02T14:43:39.605000Z</time>
      </trkpt>
      <trkpt lat="46.18566" lon="8.72709">
        <ele>290.11</ele>
        <time>2026-02-02T14:43:59.917000Z</time>
      </trkpt>
      <trkpt lat="46.18563" lon="8.72605">
        <ele>292.33</ele>
        <time>2026-02-02T14:44:17.699000Z</time>
      </trkpt>
      <trkpt lat="46.18563" lon="8.72587">
        <ele>294.55</ele>
        <time>2026-02-02T14:44:20.770000Z</time>
      </trkpt>
      <trkpt lat="46.18564" lon="8.72563">
        <ele>295.89</ele>
        <time>2026-02-02T14:44:24.851000Z</time>
      </trkpt>
      <trkpt lat="46.18569" lon="8.72521">
        <ele>298.31</ele>
        <time>2026-02-02T14:44:32.204000Z</time>
      </trkpt>
      <trkpt lat="46.18592" lon="8.72355">
        <ele>309.39</ele>
        <time>2026-02-02T14:45:01.280000Z</time>
      </trkpt>
      <trkpt lat="46.18594" lon="8.72333">
        <ele>309.8</ele>
        <time>2026-02-02T14:45:05.118000Z</time>
      </trkpt>
      <trkpt lat="46.18595" lon="8.72303">
        <ele>310.32</ele>
        <time>2026-02-02T14:45:10.111000Z</time>
      </trkpt>
      <trkpt lat="46.18594" lon="8.72288">
        <ele>311.6</ele>
        <time>2026-02-02T14:45:13.178000Z</time>
      </trkpt>
      <trkpt lat="46.18593" lon="8.72269">
        <ele>312.69</ele>
        <time>2026-02-02T14:45:16.787000Z</time>
      </trkpt>
      <trkpt lat="46.18589" lon="8.72253">
        <ele>313.63</ele>
        <time>2026-02-02T14:45:19.842000Z</time>
      </trkpt>
      <trkpt lat="46.18586" lon="8.72243">
        <ele>313.19</ele>
        <time>2026-02-02T14:45:21.432000Z</time>
      </trkpt>
      <trkpt lat="46.18577" lon="8.72229">
        <ele>312.45</ele>
        <time>2026-02-02T14:45:24.033000Z</time>
      </trkpt>
      <trkpt lat="46.18547" lon="8.72188">
        <ele>310.14</ele>
        <time>2026-02-02T14:45:32.383000Z</time>
      </trkpt>
      <trkpt lat="46.1854" lon="8.72176">
        <ele>309.81</ele>
        <time>2026-02-02T14:45:34.857000Z</time>
      </trkpt>
      <trkpt lat="46.18534" lon="8.72165">
        <ele>309.64</ele>
        <time>2026-02-02T14:45:37.015000Z</time>
      </trkpt>
      <trkpt lat="46.18532" lon="8.72158">
        <ele>309.36</ele>
        <time>2026-02-02T14:45:38.088000Z</time>
      </trkpt>
      <trkpt lat="46.18528" lon="8.72133">
        <ele>308.86</ele>
        <time>2026-02-02T14:45:42.026000Z</time>
      </trkpt>
      <trkpt lat="46.18526" lon="8.72109">
        <ele>310.24</ele>
        <time>2026-02-02T14:45:46.620000Z</time>
      </trkpt>
      <trkpt lat="46.18525" lon="8.72089">
        <ele>311.42</ele>
        <time>2026-02-02T14:45:50.537000Z</time>
      </trkpt>
      <trkpt lat="46.18523" lon="8.72063">
        <ele>313.07</ele>
        <time>2026-02-02T14:45:55.600000Z</time>
      </trkpt>
      <trkpt lat="46.18523" lon="8.72046">
        <ele>314.18</ele>
        <time>2026-02-02T14:45:58.875000Z</time>
      </trkpt>
      <trkpt lat="46.18522" lon="8.72039">
        <ele>314.14</ele>
        <time>2026-02-02T14:45:59.906000Z</time>
      </trkpt>
      <trkpt lat="46.18519" lon="8.72033">
        <ele>314.08</ele>
        <time>2026-02-02T14:46:00.993000Z</time>
      </trkpt>
      <trkpt lat="46.18512" lon="8.72012">
        <ele>314.81</ele>
        <time>2026-02-02T14:46:04.930000Z</time>
      </trkpt>
      <trkpt lat="46.18509" lon="8.71999">
        <ele>315.26</ele>
        <time>2026-02-02T14:46:07.414000Z</time>
      </trkpt>
      <trkpt lat="46.18501" lon="8.71962">
        <ele>317.37</ele>
        <time>2026-02-02T14:46:14.084000Z</time>
      </trkpt>
      <trkpt lat="46.18494" lon="8.71941">
        <ele>318.62</ele>
        <time>2026-02-02T14:46:18.042000Z</time>
      </trkpt>
      <trkpt lat="46.18488" lon="8.71927">
        <ele>319.31</ele>
        <time>2026-02-02T14:46:20.901000Z</time>
      </trkpt>
      <trkpt lat="46.18476" lon="8.71896">
        <ele>320.75</ele>
        <time>2026-02-02T14:46:26.945000Z</time>
      </trkpt>
      <trkpt lat="46.18472" lon="8.71884">
        <ele>321.33</ele>
        <time>2026-02-02T14:46:29.312000Z</time>
      </trkpt>
      <trkpt lat="46.18449" lon="8.71819">
        <ele>322.29</ele>
        <time>2026-02-02T14:46:40.493000Z</time>
      </trkpt>
      <trkpt lat="46.1844" lon="8.71791">
        <ele>322.55</ele>
        <time>2026-02-02T14:46:45.226000Z</time>
      </trkpt>
      <trkpt lat="46.1843" lon="8.71763">
        <ele>323.11</ele>
        <time>2026-02-02T14:46:49.997000Z</time>
      </trkpt>
      <trkpt lat="46.18419" lon="8.7174">
        <ele>321.24</ele>
        <time>2026-02-02T14:46:53.907000Z</time>
      </trkpt>
      <trkpt lat="46.18412" lon="8.71729">
        <ele>320.08</ele>
        <time>2026-02-02T14:46:56.013000Z</time>
      </trkpt>
      <trkpt lat="46.18402" lon="8.71707">
        <ele>316.26</ele>
        <time>2026-02-02T14:46:59.762000Z</time>
      </trkpt>
      <trkpt lat="46.18397" lon="8.71693">
        <ele>314.04</ele>
        <time>2026-02-02T14:47:01.942000Z</time>
      </trkpt>
      <trkpt lat="46.18394" lon="8.71675">
        <ele>311.27</ele>
        <time>2026-02-02T14:47:04.650000Z</time>
      </trkpt>
      <trkpt lat="46.18393" lon="8.71663">
        <ele>309.5</ele>
        <time>2026-02-02T14:47:06.390000Z</time>
      </trkpt>
      <trkpt lat="46.18393" lon="8.71653">
        <ele>308.44</ele>
        <time>2026-02-02T14:47:07.799000Z</time>
      </trkpt>
      <trkpt lat="46.18395" lon="8.71643">
        <ele>309.56</ele>
        <time>2026-02-02T14:47:09.206000Z</time>
      </trkpt>
      <trkpt lat="46.18409" lon="8.71603">
        <ele>314.64</ele>
        <time>2026-02-02T14:47:15.563000Z</time>
      </trkpt>
      <trkpt lat="46.18412" lon="8.71592">
        <ele>316.76</ele>
        <time>2026-02-02T14:47:26.953000Z</time>
      </trkpt>
      <trkpt lat="46.18417" lon="8.71584">
        <ele>318.55</ele>
        <time>2026-02-02T14:47:36.642000Z</time>
      </trkpt>
      <trkpt lat="46.18432" lon="8.71565">
        <ele>324.68</ele>
        <time>2026-02-02T14:48:04.427000Z</time>
      </trkpt>
      <trkpt lat="46.18435" lon="8.71558">
        <ele>326.56</ele>
        <time>2026-02-02T14:48:12.918000Z</time>
      </trkpt>
      <trkpt lat="46.18437" lon="8.71553">
        <ele>327.82</ele>
        <time>2026-02-02T14:48:18.127000Z</time>
      </trkpt>
      <trkpt lat="46.18438" lon="8.71543">
        <ele>330.41</ele>
        <time>2026-02-02T14:48:28.162000Z</time>
      </trkpt>
      <trkpt lat="46.18436" lon="8.71533">
        <ele>330.5</ele>
        <time>2026-02-02T14:48:29.774000Z</time>
      </trkpt>
      <trkpt lat="46.18409" lon="8.71448">
        <ele>330.93</ele>
        <time>2026-02-02T14:48:44.099000Z</time>
      </trkpt>
      <trkpt lat="46.18405" lon="8.71437">
        <ele>331.36</ele>
        <time>2026-02-02T14:48:45.878000Z</time>
      </trkpt>
      <trkpt lat="46.18386" lon="8.7138">
        <ele>331.9</ele>
        <time>2026-02-02T14:48:55.715000Z</time>
      </trkpt>
      <trkpt lat="46.18376" lon="8.71355">
        <ele>332.14</ele>
        <time>2026-02-02T14:49:00.147000Z</time>
      </trkpt>
      <trkpt lat="46.18342" lon="8.71282">
        <ele>326.93</ele>
        <time>2026-02-02T14:49:13.629000Z</time>
      </trkpt>
      <trkpt lat="46.18331" lon="8.71259">
        <ele>327.01</ele>
        <time>2026-02-02T14:49:19.080000Z</time>
      </trkpt>
      <trkpt lat="46.1832" lon="8.71227">
        <ele>327.1</ele>
        <time>2026-02-02T14:49:26.059000Z</time>
      </trkpt>
      <trkpt lat="46.18291" lon="8.71119">
        <ele>343.98</ele>
        <time>2026-02-02T14:49:48.657000Z</time>
      </trkpt>
      <trkpt lat="46.18289" lon="8.71114">
        <ele>343.68</ele>
        <time>2026-02-02T14:49:49.715000Z</time>
      </trkpt>
      <trkpt lat="46.18284" lon="8.71106">
        <ele>343.12</ele>
        <time>2026-02-02T14:49:51.725000Z</time>
      </trkpt>
      <trkpt lat="46.18277" lon="8.71102">
        <ele>342.55</ele>
        <time>2026-02-02T14:49:53.909000Z</time>
      </trkpt>
      <trkpt lat="46.18247" lon="8.71089">
        <ele>333.35</ele>
        <time>2026-02-02T14:50:01.101000Z</time>
      </trkpt>
      <trkpt lat="46.18236" lon="8.71082">
        <ele>329.73</ele>
        <time>2026-02-02T14:50:03.940000Z</time>
      </trkpt>
      <trkpt lat="46.18221" lon="8.71069">
        <ele>324.74</ele>
        <time>2026-02-02T14:50:07.846000Z</time>
      </trkpt>
      <trkpt lat="46.18209" lon="8.71054">
        <ele>320.26</ele>
        <time>2026-02-02T14:50:11.591000Z</time>
      </trkpt>
      <trkpt lat="46.18206" lon="8.71049">
        <ele>319.39</ele>
        <time>2026-02-02T14:50:12.655000Z</time>
      </trkpt>
      <trkpt lat="46.18196" lon="8.71033">
        <ele>318.55</ele>
        <time>2026-02-02T14:50:15.802000Z</time>
      </trkpt>
      <trkpt lat="46.18189" lon="8.71016">
        <ele>317.33</ele>
        <time>2026-02-02T14:50:18.840000Z</time>
      </trkpt>
      <trkpt lat="46.18168" lon="8.70939">
        <ele>314.64</ele>
        <time>2026-02-02T14:50:31.590000Z</time>
      </trkpt>
      <trkpt lat="46.18164" lon="8.70917">
        <ele>316.07</ele>
        <time>2026-02-02T14:50:35.188000Z</time>
      </trkpt>
      <trkpt lat="46.18163" lon="8.70897">
        <ele>317.27</ele>
        <time>2026-02-02T14:50:38.213000Z</time>
      </trkpt>
      <trkpt lat="46.18162" lon="8.70824">
        <ele>321.69</ele>
        <time>2026-02-02T14:50:49.508000Z</time>
      </trkpt>
      <trkpt lat="46.18161" lon="8.70813">
        <ele>321.76</ele>
        <time>2026-02-02T14:50:51.248000Z</time>
      </trkpt>
      <trkpt lat="46.18158" lon="8.7079">
        <ele>321.89</ele>
        <time>2026-02-02T14:50:54.781000Z</time>
      </trkpt>
      <trkpt lat="46.18148" lon="8.70743">
        <ele>322.19</ele>
        <time>2026-02-02T14:51:02.422000Z</time>
      </trkpt>
      <trkpt lat="46.18145" lon="8.70722">
        <ele>322.32</ele>
        <time>2026-02-02T14:51:05.684000Z</time>
      </trkpt>
      <trkpt lat="46.18142" lon="8.7067">
        <ele>325.39</ele>
        <time>2026-02-02T14:51:13.723000Z</time>
      </trkpt>
      <trkpt lat="46.18139" lon="8.70631">
        <ele>329.79</ele>
        <time>2026-02-02T14:51:19.679000Z</time>
      </trkpt>
      <trkpt lat="46.18135" lon="8.70614">
        <ele>330.1</ele>
        <time>2026-02-02T14:51:22.440000Z</time>
      </trkpt>
      <trkpt lat="46.1809" lon="8.70462">
        <ele>320.97</ele>
        <time>2026-02-02T14:51:47.955000Z</time>
      </trkpt>
      <trkpt lat="46.18085" lon="8.70441">
        <ele>321.7</ele>
        <time>2026-02-02T14:51:51.444000Z</time>
      </trkpt>
      <trkpt lat="46.18081" lon="8.70417">
        <ele>322.5</ele>
        <time>2026-02-02T14:51:55.167000Z</time>
      </trkpt>
      <trkpt lat="46.18077" lon="8.70367">
        <ele>324.14</ele>
        <time>2026-02-02T14:52:03.003000Z</time>
      </trkpt>
      <trkpt lat="46.18074" lon="8.70321">
        <ele>324.04</ele>
        <time>2026-02-02T14:52:10.126000Z</time>
      </trkpt>
      <trkpt lat="46.1807" lon="8.70291">
        <ele>323.97</ele>
        <time>2026-02-02T14:52:14.741000Z</time>
      </trkpt>
      <trkpt lat="46.18067" lon="8.70281">
        <ele>323.94</ele>
        <time>2026-02-02T14:52:16.442000Z</time>
      </trkpt>
      <trkpt lat="46.18065" lon="8.70276">
        <ele>323.93</ele>
        <time>2026-02-02T14:52:17.391000Z</time>
      </trkpt>
      <trkpt lat="46.1806" lon="8.70269">
        <ele>323.91</ele>
        <time>2026-02-02T14:52:18.945000Z</time>
      </trkpt>
      <trkpt lat="46.18053" lon="8.70264">
        <ele>323.89</ele>
        <time>2026-02-02T14:52:20.552000Z</time>
      </trkpt>
      <trkpt lat="46.18044" lon="8.70259">
        <ele>321.57</ele>
        <time>2026-02-02T14:52:22.650000Z</time>
      </trkpt>
      <trkpt lat="46.18036" lon="8.70257">
        <ele>322.12</ele>
        <time>2026-02-02T14:52:24.690000Z</time>
      </trkpt>
      <trkpt lat="46.17988" lon="8.70249">
        <ele>325.5</ele>
        <time>2026-02-02T14:52:36.523000Z</time>
      </trkpt>
      <trkpt lat="46.17934" lon="8.7024">
        <ele>328.89</ele>
        <time>2026-02-02T14:52:49.915000Z</time>
      </trkpt>
      <trkpt lat="46.17923" lon="8.7024">
        <ele>330.62</ele>
        <time>2026-02-02T14:52:57.377000Z</time>
      </trkpt>
      <trkpt lat="46.17904" lon="8.70243">
        <ele>333.12</ele>
        <time>2026-02-02T14:53:09.796000Z</time>
      </trkpt>
      <trkpt lat="46.17898" lon="8.70245">
        <ele>334.03</ele>
        <time>2026-02-02T14:53:14.332000Z</time>
      </trkpt>
      <trkpt lat="46.1788" lon="8.70255">
        <ele>336.12</ele>
        <time>2026-02-02T14:53:19.727000Z</time>
      </trkpt>
      <trkpt lat="46.17875" lon="8.70256">
        <ele>336.67</ele>
        <time>2026-02-02T14:53:21.138000Z</time>
      </trkpt>
      <trkpt lat="46.1787" lon="8.70254">
        <ele>337.08</ele>
        <time>2026-02-02T14:53:22.428000Z</time>
      </trkpt>
      <trkpt lat="46.17868" lon="8.7025">
        <ele>337.81</ele>
        <time>2026-02-02T14:53:27.216000Z</time>
      </trkpt>
      <trkpt lat="46.17867" lon="8.70237">
        <ele>339.52</ele>
        <time>2026-02-02T14:53:39.181000Z</time>
      </trkpt>
      <trkpt lat="46.17866" lon="8.70234">
        <ele>339.99</ele>
        <time>2026-02-02T14:53:39.768000Z</time>
      </trkpt>
      <trkpt lat="46.17862" lon="8.70178">
        <ele>344.33</ele>
        <time>2026-02-02T14:54:05.668000Z</time>
      </trkpt>
      <trkpt lat="46.1786" lon="8.70155">
        <ele>348.66</ele>
        <time>2026-02-02T14:54:16.301000Z</time>
      </trkpt>
      <trkpt lat="46.17861" lon="8.70148">
        <ele>349.46</ele>
        <time>2026-02-02T14:54:19.811000Z</time>
      </trkpt>
      <trkpt lat="46.17863" lon="8.70132">
        <ele>349.15</ele>
        <time>2026-02-02T14:54:22.314000Z</time>
      </trkpt>
      <trkpt lat="46.17868" lon="8.70105">
        <ele>347.32</ele>
        <time>2026-02-02T14:54:26.166000Z</time>
      </trkpt>
      <trkpt lat="46.17877" lon="8.70054">
        <ele>343.2</ele>
        <time>2026-02-02T14:54:35.458000Z</time>
      </trkpt>
      <trkpt lat="46.17877" lon="8.70048">
        <ele>342.74</ele>
        <time>2026-02-02T14:54:36.505000Z</time>
      </trkpt>
      <trkpt lat="46.17876" lon="8.70042">
        <ele>342.36</ele>
        <time>2026-02-02T14:54:37.480000Z</time>
      </trkpt>
      <trkpt lat="46.17871" lon="8.70034">
        <ele>345.09</ele>
        <time>2026-02-02T14:54:39.306000Z</time>
      </trkpt>
      <trkpt lat="46.17865" lon="8.70031">
        <ele>347.56</ele>
        <time>2026-02-02T14:54:40.948000Z</time>
      </trkpt>
      <trkpt lat="46.17861" lon="8.70031">
        <ele>348.95</ele>
        <time>2026-02-02T14:54:41.906000Z</time>
      </trkpt>
      <trkpt lat="46.17857" lon="8.70033">
        <ele>350.59</ele>
        <time>2026-02-02T14:54:43.010000Z</time>
      </trkpt>
      <trkpt lat="46.1785" lon="8.70039">
        <ele>351.98</ele>
        <time>2026-02-02T14:54:45.053000Z</time>
      </trkpt>
      <trkpt lat="46.17845" lon="8.70051">
        <ele>354.11</ele>
        <time>2026-02-02T14:54:58.767000Z</time>
      </trkpt>
      <trkpt lat="46.17844" lon="8.70055">
        <ele>354.83</ele>
        <time>2026-02-02T14:54:59.437000Z</time>
      </trkpt>
      <trkpt lat="46.17841" lon="8.70067">
        <ele>355.55</ele>
        <time>2026-02-02T14:55:01.978000Z</time>
      </trkpt>
      <trkpt lat="46.17838" lon="8.70078">
        <ele>356.13</ele>
        <time>2026-02-02T14:55:04.033000Z</time>
      </trkpt>
      <trkpt lat="46.17835" lon="8.70082">
        <ele>356.79</ele>
        <time>2026-02-02T14:55:08.724000Z</time>
      </trkpt>
      <trkpt lat="46.17827" lon="8.70092">
        <ele>358.73</ele>
        <time>2026-02-02T14:55:22.762000Z</time>
      </trkpt>
      <trkpt lat="46.17821" lon="8.70096">
        <ele>360.09</ele>
        <time>2026-02-02T14:55:32.459000Z</time>
      </trkpt>
      <trkpt lat="46.17813" lon="8.70097">
        <ele>361.66</ele>
        <time>2026-02-02T14:55:43.748000Z</time>
      </trkpt>
      <trkpt lat="46.17797" lon="8.70095">
        <ele>364.05</ele>
        <time>2026-02-02T14:56:04.921000Z</time>
      </trkpt>
      <trkpt lat="46.17789" lon="8.70093">
        <ele>365.91</ele>
        <time>2026-02-02T14:56:16.513000Z</time>
      </trkpt>
      <trkpt lat="46.1778" lon="8.70092">
        <ele>367.89</ele>
        <time>2026-02-02T14:56:28.778000Z</time>
      </trkpt>
      <trkpt lat="46.1777" lon="8.70091">
        <ele>367.33</ele>
        <time>2026-02-02T14:56:30.648000Z</time>
      </trkpt>
      <trkpt lat="46.17742" lon="8.70095">
        <ele>365.58</ele>
        <time>2026-02-02T14:56:36.510000Z</time>
      </trkpt>
      <trkpt lat="46.17723" lon="8.70098">
        <ele>361.33</ele>
        <time>2026-02-02T14:56:40.315000Z</time>
      </trkpt>
      <trkpt lat="46.17692" lon="8.70104">
        <ele>357.08</ele>
        <time>2026-02-02T14:56:46.658000Z</time>
      </trkpt>
      <trkpt lat="46.17685" lon="8.70104">
        <ele>355.95</ele>
        <time>2026-02-02T14:56:48.024000Z</time>
      </trkpt>
      <trkpt lat="46.17679" lon="8.70102">
        <ele>352.88</ele>
        <time>2026-02-02T14:56:49.414000Z</time>
      </trkpt>
      <trkpt lat="46.1767" lon="8.70096">
        <ele>348.05</ele>
        <time>2026-02-02T14:56:51.623000Z</time>
      </trkpt>
      <trkpt lat="46.17663" lon="8.70085">
        <ele>345.15</ele>
        <time>2026-02-02T14:56:53.685000Z</time>
      </trkpt>
      <trkpt lat="46.17661" lon="8.70076">
        <ele>344.89</ele>
        <time>2026-02-02T14:56:58.271000Z</time>
      </trkpt>
      <trkpt lat="46.17659" lon="8.70066">
        <ele>344.62</ele>
        <time>2026-02-02T14:57:02.923000Z</time>
      </trkpt>
      <trkpt lat="46.1766" lon="8.70055">
        <ele>345.28</ele>
        <time>2026-02-02T14:57:08.242000Z</time>
      </trkpt>
      <trkpt lat="46.17663" lon="8.70024">
        <ele>349.92</ele>
        <time>2026-02-02T14:57:22.698000Z</time>
      </trkpt>
      <trkpt lat="46.17663" lon="8.70011">
        <ele>351.19</ele>
        <time>2026-02-02T14:57:28.905000Z</time>
      </trkpt>
      <trkpt lat="46.17663" lon="8.70007">
        <ele>352.45</ele>
        <time>2026-02-02T14:57:30.601000Z</time>
      </trkpt>
      <trkpt lat="46.17663" lon="8.69999">
        <ele>353.22</ele>
        <time>2026-02-02T14:57:31.946000Z</time>
      </trkpt>
      <trkpt lat="46.17661" lon="8.69981">
        <ele>354.15</ele>
        <time>2026-02-02T14:57:35.025000Z</time>
      </trkpt>
      <trkpt lat="46.17658" lon="8.6996">
        <ele>355.24</ele>
        <time>2026-02-02T14:57:38.631000Z</time>
      </trkpt>
      <trkpt lat="46.17655" lon="8.69938">
        <ele>356.37</ele>
        <time>2026-02-02T14:57:42.541000Z</time>
      </trkpt>
      <trkpt lat="46.17653" lon="8.69923">
        <ele>357.25</ele>
        <time>2026-02-02T14:57:45.371000Z</time>
      </trkpt>
      <trkpt lat="46.17652" lon="8.69893">
        <ele>360.32</ele>
        <time>2026-02-02T14:57:59.656000Z</time>
      </trkpt>
      <trkpt lat="46.17652" lon="8.6987">
        <ele>362.26</ele>
        <time>2026-02-02T14:58:04.146000Z</time>
      </trkpt>
      <trkpt lat="46.1765" lon="8.69851">
        <ele>363.82</ele>
        <time>2026-02-02T14:58:07.755000Z</time>
      </trkpt>
      <trkpt lat="46.17647" lon="8.6984">
        <ele>363.79</ele>
        <time>2026-02-02T14:58:09.584000Z</time>
      </trkpt>
      <trkpt lat="46.17645" lon="8.69831">
        <ele>363.77</ele>
        <time>2026-02-02T14:58:11.081000Z</time>
      </trkpt>
      <trkpt lat="46.17616" lon="8.69756">
        <ele>363.54</ele>
        <time>2026-02-02T14:58:24.310000Z</time>
      </trkpt>
      <trkpt lat="46.17613" lon="8.6974">
        <ele>363.49</ele>
        <time>2026-02-02T14:58:26.853000Z</time>
      </trkpt>
      <trkpt lat="46.17614" lon="8.69731">
        <ele>365.53</ele>
        <time>2026-02-02T14:58:35.544000Z</time>
      </trkpt>
      <trkpt lat="46.17618" lon="8.69718">
        <ele>368.87</ele>
        <time>2026-02-02T14:58:48.848000Z</time>
      </trkpt>
      <trkpt lat="46.17627" lon="8.69692">
        <ele>377.22</ele>
        <time>2026-02-02T14:59:18.029000Z</time>
      </trkpt>
      <trkpt lat="46.1764" lon="8.69658">
        <ele>385.58</ele>
        <time>2026-02-02T14:59:55.064000Z</time>
      </trkpt>
      <trkpt lat="46.17646" lon="8.69644">
        <ele>390.16</ele>
        <time>2026-02-02T15:00:11.307000Z</time>
      </trkpt>
      <trkpt lat="46.17648" lon="8.69632">
        <ele>393.58</ele>
        <time>2026-02-02T15:00:23.339000Z</time>
      </trkpt>
      <trkpt lat="46.17647" lon="8.69626">
        <ele>395.13</ele>
        <time>2026-02-02T15:00:28.799000Z</time>
      </trkpt>
      <trkpt lat="46.17646" lon="8.69622">
        <ele>396.31</ele>
        <time>2026-02-02T15:00:32.983000Z</time>
      </trkpt>
      <trkpt lat="46.17642" lon="8.69612">
        <ele>398.24</ele>
        <time>2026-02-02T15:00:44.337000Z</time>
      </trkpt>
      <trkpt lat="46.17619" lon="8.69581">
        <ele>396.78</ele>
        <time>2026-02-02T15:00:50.673000Z</time>
      </trkpt>
      <trkpt lat="46.17605" lon="8.6956">
        <ele>396.46</ele>
        <time>2026-02-02T15:00:55.207000Z</time>
      </trkpt>
      <trkpt lat="46.1759" lon="8.69541">
        <ele>396.15</ele>
        <time>2026-02-02T15:00:59.664000Z</time>
      </trkpt>
      <trkpt lat="46.17571" lon="8.69521">
        <ele>394.12</ele>
        <time>2026-02-02T15:01:04.445000Z</time>
      </trkpt>
      <trkpt lat="46.17543" lon="8.69498">
        <ele>389.86</ele>
        <time>2026-02-02T15:01:10.943000Z</time>
      </trkpt>
      <trkpt lat="46.17538" lon="8.69492">
        <ele>388.98</ele>
        <time>2026-02-02T15:01:12.273000Z</time>
      </trkpt>
      <trkpt lat="46.17534" lon="8.69484">
        <ele>388.1</ele>
        <time>2026-02-02T15:01:13.724000Z</time>
      </trkpt>
      <trkpt lat="46.17526" lon="8.69466">
        <ele>388.38</ele>
        <time>2026-02-02T15:01:17.049000Z</time>
      </trkpt>
      <trkpt lat="46.17503" lon="8.6941">
        <ele>389.8</ele>
        <time>2026-02-02T15:01:26.953000Z</time>
      </trkpt>
      <trkpt lat="46.17487" lon="8.69371">
        <ele>391.95</ele>
        <time>2026-02-02T15:01:34.658000Z</time>
      </trkpt>
      <trkpt lat="46.17482" lon="8.69357">
        <ele>392.73</ele>
        <time>2026-02-02T15:01:37.427000Z</time>
      </trkpt>
      <trkpt lat="46.17479" lon="8.69342">
        <ele>393.49</ele>
        <time>2026-02-02T15:01:40.196000Z</time>
      </trkpt>
      <trkpt lat="46.17465" lon="8.69258">
        <ele>410.88</ele>
        <time>2026-02-02T15:03:02.686000Z</time>
      </trkpt>
      <trkpt lat="46.17461" lon="8.6924">
        <ele>413.55</ele>
        <time>2026-02-02T15:03:05.624000Z</time>
      </trkpt>
      <trkpt lat="46.17455" lon="8.69222">
        <ele>414.79</ele>
        <time>2026-02-02T15:03:08.934000Z</time>
      </trkpt>
      <trkpt lat="46.17452" lon="8.69217">
        <ele>414.1</ele>
        <time>2026-02-02T15:03:09.978000Z</time>
      </trkpt>
      <trkpt lat="46.17435" lon="8.6919">
        <ele>410.11</ele>
        <time>2026-02-02T15:03:15.937000Z</time>
      </trkpt>
      <trkpt lat="46.17425" lon="8.69169">
        <ele>407.29</ele>
        <time>2026-02-02T15:03:20.155000Z</time>
      </trkpt>
      <trkpt lat="46.17419" lon="8.69149">
        <ele>413.7</ele>
        <time>2026-02-02T15:03:23.677000Z</time>
      </trkpt>
      <trkpt lat="46.17402" lon="8.69072">
        <ele>419.25</ele>
        <time>2026-02-02T15:03:36.121000Z</time>
      </trkpt>
      <trkpt lat="46.17398" lon="8.6906">
        <ele>417.49</ele>
        <time>2026-02-02T15:03:38.279000Z</time>
      </trkpt>
      <trkpt lat="46.17388" lon="8.69041">
        <ele>414.54</ele>
        <time>2026-02-02T15:03:41.903000Z</time>
      </trkpt>
      <trkpt lat="46.17381" lon="8.69027">
        <ele>413.37</ele>
        <time>2026-02-02T15:03:44.931000Z</time>
      </trkpt>
      <trkpt lat="46.17379" lon="8.69019">
        <ele>412.74</ele>
        <time>2026-02-02T15:03:46.562000Z</time>
      </trkpt>
      <trkpt lat="46.17359" lon="8.68953">
        <ele>419.32</ele>
        <time>2026-02-02T15:03:59.508000Z</time>
      </trkpt>
      <trkpt lat="46.17349" lon="8.68901">
        <ele>443.8</ele>
        <time>2026-02-02T15:04:09.287000Z</time>
      </trkpt>
      <trkpt lat="46.17334" lon="8.68857">
        <ele>428.48</ele>
        <time>2026-02-02T15:04:18.262000Z</time>
      </trkpt>
      <trkpt lat="46.1733" lon="8.68842">
        <ele>425.59</ele>
        <time>2026-02-02T15:04:21.254000Z</time>
      </trkpt>
      <trkpt lat="46.17328" lon="8.68828">
        <ele>423.04</ele>
        <time>2026-02-02T15:04:23.888000Z</time>
      </trkpt>
      <trkpt lat="46.17326" lon="8.68812">
        <ele>422.99</ele>
        <time>2026-02-02T15:04:39.712000Z</time>
      </trkpt>
      <trkpt lat="46.17326" lon="8.68789">
        <ele>430.91</ele>
        <time>2026-02-02T15:05:02.244000Z</time>
      </trkpt>
      <trkpt lat="46.17323" lon="8.68767">
        <ele>436.75</ele>
        <time>2026-02-02T15:05:23.690000Z</time>
      </trkpt>
      <trkpt lat="46.17321" lon="8.68757">
        <ele>438.08</ele>
        <time>2026-02-02T15:05:25.508000Z</time>
      </trkpt>
      <trkpt lat="46.17318" lon="8.68746">
        <ele>439.48</ele>
        <time>2026-02-02T15:05:27.483000Z</time>
      </trkpt>
      <trkpt lat="46.17311" lon="8.68724">
        <ele>442.62</ele>
        <time>2026-02-02T15:05:31.568000Z</time>
      </trkpt>
      <trkpt lat="46.17295" lon="8.68685">
        <ele>448.34</ele>
        <time>2026-02-02T15:05:39.557000Z</time>
      </trkpt>
      <trkpt lat="46.17281" lon="8.68658">
        <ele>448.83</ele>
        <time>2026-02-02T15:05:45.454000Z</time>
      </trkpt>
      <trkpt lat="46.17264" lon="8.6863">
        <ele>450.68</ele>
        <time>2026-02-02T15:05:52.079000Z</time>
      </trkpt>
      <trkpt lat="46.17234" lon="8.68566">
        <ele>462.13</ele>
        <time>2026-02-02T15:06:05.676000Z</time>
      </trkpt>
      <trkpt lat="46.17223" lon="8.68548">
        <ele>465.59</ele>
        <time>2026-02-02T15:06:09.789000Z</time>
      </trkpt>
      <trkpt lat="46.17213" lon="8.68533">
        <ele>466.33</ele>
        <time>2026-02-02T15:06:13.539000Z</time>
      </trkpt>
      <trkpt lat="46.17202" lon="8.68523">
        <ele>464.89</ele>
        <time>2026-02-02T15:06:16.883000Z</time>
      </trkpt>
      <trkpt lat="46.1719" lon="8.68506">
        <ele>463.06</ele>
        <time>2026-02-02T15:06:21.101000Z</time>
      </trkpt>
      <trkpt lat="46.17185" lon="8.685">
        <ele>462.42</ele>
        <time>2026-02-02T15:06:22.625000Z</time>
      </trkpt>
      <trkpt lat="46.17181" lon="8.68498">
        <ele>459.39</ele>
        <time>2026-02-02T15:06:23.885000Z</time>
      </trkpt>
      <trkpt lat="46.17167" lon="8.68494">
        <ele>450.81</ele>
        <time>2026-02-02T15:06:27.466000Z</time>
      </trkpt>
      <trkpt lat="46.17158" lon="8.68491">
        <ele>445.56</ele>
        <time>2026-02-02T15:06:29.671000Z</time>
      </trkpt>
      <trkpt lat="46.1715" lon="8.68484">
        <ele>441.18</ele>
        <time>2026-02-02T15:06:32.165000Z</time>
      </trkpt>
      <trkpt lat="46.17142" lon="8.68476">
        <ele>439.53</ele>
        <time>2026-02-02T15:06:34.565000Z</time>
      </trkpt>
      <trkpt lat="46.17122" lon="8.68445">
        <ele>434.36</ele>
        <time>2026-02-02T15:06:42.072000Z</time>
      </trkpt>
      <trkpt lat="46.17119" lon="8.68437">
        <ele>436.16</ele>
        <time>2026-02-02T15:06:43.484000Z</time>
      </trkpt>
      <trkpt lat="46.17118" lon="8.68431">
        <ele>437.62</ele>
        <time>2026-02-02T15:06:44.632000Z</time>
      </trkpt>
      <trkpt lat="46.17114" lon="8.68397">
        <ele>445.4</ele>
        <time>2026-02-02T15:06:50.737000Z</time>
      </trkpt>
      <trkpt lat="46.17112" lon="8.68386">
        <ele>447.89</ele>
        <time>2026-02-02T15:06:52.702000Z</time>
      </trkpt>
      <trkpt lat="46.17108" lon="8.68373">
        <ele>451.17</ele>
        <time>2026-02-02T15:06:55.289000Z</time>
      </trkpt>
      <trkpt lat="46.17097" lon="8.6834">
        <ele>457.4</ele>
        <time>2026-02-02T15:07:01.607000Z</time>
      </trkpt>
      <trkpt lat="46.17081" lon="8.68293">
        <ele>463.64</ele>
        <time>2026-02-02T15:07:10.538000Z</time>
      </trkpt>
      <trkpt lat="46.17068" lon="8.68265">
        <ele>461.53</ele>
        <time>2026-02-02T15:07:15.386000Z</time>
      </trkpt>
      <trkpt lat="46.17048" lon="8.68225">
        <ele>458.45</ele>
        <time>2026-02-02T15:07:22.437000Z</time>
      </trkpt>
      <trkpt lat="46.17033" lon="8.68206">
        <ele>451.28</ele>
        <time>2026-02-02T15:07:26.456000Z</time>
      </trkpt>
      <trkpt lat="46.17013" lon="8.68186">
        <ele>442.42</ele>
        <time>2026-02-02T15:07:31.416000Z</time>
      </trkpt>
      <trkpt lat="46.17004" lon="8.68174">
        <ele>438.81</ele>
        <time>2026-02-02T15:07:34.003000Z</time>
      </trkpt>
      <trkpt lat="46.16974" lon="8.68098">
        <ele>430.59</ele>
        <time>2026-02-02T15:07:46.486000Z</time>
      </trkpt>
      <trkpt lat="46.16971" lon="8.68088">
        <ele>429.61</ele>
        <time>2026-02-02T15:07:48.011000Z</time>
      </trkpt>
      <trkpt lat="46.16967" lon="8.68062">
        <ele>430.09</ele>
        <time>2026-02-02T15:07:51.773000Z</time>
      </trkpt>
      <trkpt lat="46.16966" lon="8.6805">
        <ele>430.31</ele>
        <time>2026-02-02T15:07:53.542000Z</time>
      </trkpt>
      <trkpt lat="46.16965" lon="8.68029">
        <ele>434.04</ele>
        <time>2026-02-02T15:07:56.510000Z</time>
      </trkpt>
      <trkpt lat="46.16966" lon="8.67986">
        <ele>441.75</ele>
        <time>2026-02-02T15:08:02.631000Z</time>
      </trkpt>
      <trkpt lat="46.16965" lon="8.67977">
        <ele>443.56</ele>
        <time>2026-02-02T15:08:04.068000Z</time>
      </trkpt>
      <trkpt lat="46.16963" lon="8.67969">
        <ele>444.87</ele>
        <time>2026-02-02T15:08:05.217000Z</time>
      </trkpt>
      <trkpt lat="46.16959" lon="8.67962">
        <ele>443.58</ele>
        <time>2026-02-02T15:08:06.670000Z</time>
      </trkpt>
      <trkpt lat="46.16948" lon="8.67943">
        <ele>439.72</ele>
        <time>2026-02-02T15:08:11.012000Z</time>
      </trkpt>
      <trkpt lat="46.16943" lon="8.67926">
        <ele>441.77</ele>
        <time>2026-02-02T15:08:14.228000Z</time>
      </trkpt>
      <trkpt lat="46.16939" lon="8.67905">
        <ele>443.16</ele>
        <time>2026-02-02T15:08:18.004000Z</time>
      </trkpt>
      <trkpt lat="46.16936" lon="8.67895">
        <ele>445.34</ele>
        <time>2026-02-02T15:08:19.796000Z</time>
      </trkpt>
      <trkpt lat="46.16909" lon="8.67833">
        <ele>441.88</ele>
        <time>2026-02-02T15:08:32.483000Z</time>
      </trkpt>
      <trkpt lat="46.16904" lon="8.67818">
        <ele>443.94</ele>
        <time>2026-02-02T15:08:35.409000Z</time>
      </trkpt>
      <trkpt lat="46.16902" lon="8.67804">
        <ele>445.61</ele>
        <time>2026-02-02T15:08:37.813000Z</time>
      </trkpt>
      <trkpt lat="46.16902" lon="8.67789">
        <ele>447.38</ele>
        <time>2026-02-02T15:08:40.340000Z</time>
      </trkpt>
      <trkpt lat="46.16907" lon="8.67758">
        <ele>451.33</ele>
        <time>2026-02-02T15:08:45.963000Z</time>
      </trkpt>
      <trkpt lat="46.16906" lon="8.67749">
        <ele>452.4</ele>
        <time>2026-02-02T15:08:47.488000Z</time>
      </trkpt>
      <trkpt lat="46.16904" lon="8.67741">
        <ele>453.04</ele>
        <time>2026-02-02T15:08:48.929000Z</time>
      </trkpt>
      <trkpt lat="46.16889" lon="8.67708">
        <ele>447.66</ele>
        <time>2026-02-02T15:08:54.563000Z</time>
      </trkpt>
      <trkpt lat="46.16887" lon="8.677">
        <ele>446.57</ele>
        <time>2026-02-02T15:08:55.725000Z</time>
      </trkpt>
      <trkpt lat="46.16887" lon="8.67691">
        <ele>447.47</ele>
        <time>2026-02-02T15:08:57.137000Z</time>
      </trkpt>
      <trkpt lat="46.16889" lon="8.67672">
        <ele>449.16</ele>
        <time>2026-02-02T15:08:59.797000Z</time>
      </trkpt>
      <trkpt lat="46.16887" lon="8.67663">
        <ele>449.95</ele>
        <time>2026-02-02T15:09:01.105000Z</time>
      </trkpt>
      <trkpt lat="46.16884" lon="8.67656">
        <ele>448.14</ele>
        <time>2026-02-02T15:09:02.316000Z</time>
      </trkpt>
      <trkpt lat="46.16872" lon="8.67635">
        <ele>442.31</ele>
        <time>2026-02-02T15:09:06.254000Z</time>
      </trkpt>
      <trkpt lat="46.16867" lon="8.67624">
        <ele>443.16</ele>
        <time>2026-02-02T15:09:08.812000Z</time>
      </trkpt>
      <trkpt lat="46.16865" lon="8.67615">
        <ele>443.75</ele>
        <time>2026-02-02T15:09:10.574000Z</time>
      </trkpt>
      <trkpt lat="46.1686" lon="8.6758">
        <ele>446.03</ele>
        <time>2026-02-02T15:09:17.456000Z</time>
      </trkpt>
      <trkpt lat="46.16859" lon="8.67568">
        <ele>446.81</ele>
        <time>2026-02-02T15:09:19.791000Z</time>
      </trkpt>
      <trkpt lat="46.16859" lon="8.67554">
        <ele>447.73</ele>
        <time>2026-02-02T15:09:22.554000Z</time>
      </trkpt>
      <trkpt lat="46.16859" lon="8.67543">
        <ele>448.45</ele>
        <time>2026-02-02T15:09:24.729000Z</time>
      </trkpt>
      <trkpt lat="46.16863" lon="8.67512">
        <ele>450.25</ele>
        <time>2026-02-02T15:09:30.681000Z</time>
      </trkpt>
      <trkpt lat="46.16866" lon="8.67487">
        <ele>452.16</ele>
        <time>2026-02-02T15:09:35.656000Z</time>
      </trkpt>
      <trkpt lat="46.16866" lon="8.67474">
        <ele>453.1</ele>
        <time>2026-02-02T15:09:38.133000Z</time>
      </trkpt>
      <trkpt lat="46.16865" lon="8.67469">
        <ele>452.14</ele>
        <time>2026-02-02T15:09:39.044000Z</time>
      </trkpt>
      <trkpt lat="46.16864" lon="8.67467">
        <ele>451.72</ele>
        <time>2026-02-02T15:09:39.327000Z</time>
      </trkpt>
      <trkpt lat="46.16861" lon="8.67461">
        <ele>449.17</ele>
        <time>2026-02-02T15:09:40.708000Z</time>
      </trkpt>
      <trkpt lat="46.16852" lon="8.67451">
        <ele>444.53</ele>
        <time>2026-02-02T15:09:43.226000Z</time>
      </trkpt>
      <trkpt lat="46.16849" lon="8.67445">
        <ele>442.19</ele>
        <time>2026-02-02T15:09:44.544000Z</time>
      </trkpt>
      <trkpt lat="46.16848" lon="8.67437">
        <ele>440.29</ele>
        <time>2026-02-02T15:09:45.882000Z</time>
      </trkpt>
      <trkpt lat="46.16845" lon="8.67416">
        <ele>438.94</ele>
        <time>2026-02-02T15:09:49.319000Z</time>
      </trkpt>
      <trkpt lat="46.16844" lon="8.67393">
        <ele>440.31</ele>
        <time>2026-02-02T15:09:53.015000Z</time>
      </trkpt>
      <trkpt lat="46.16846" lon="8.67381">
        <ele>445.31</ele>
        <time>2026-02-02T15:09:55Z</time>
      </trkpt>
      <trkpt lat="46.16851" lon="8.67367">
        <ele>451.21</ele>
        <time>2026-02-02T15:09:57.464000Z</time>
      </trkpt>
      <trkpt lat="46.16854" lon="8.67359">
        <ele>454.44</ele>
        <time>2026-02-02T15:10:06.731000Z</time>
      </trkpt>
      <trkpt lat="46.16855" lon="8.67354">
        <ele>456.56</ele>
        <time>2026-02-02T15:10:12.552000Z</time>
      </trkpt>
      <trkpt lat="46.16855" lon="8.67343">
        <ele>460.32</ele>
        <time>2026-02-02T15:10:22.901000Z</time>
      </trkpt>
      <trkpt lat="46.16854" lon="8.67336">
        <ele>463.25</ele>
        <time>2026-02-02T15:10:30.921000Z</time>
      </trkpt>
      <trkpt lat="46.1685" lon="8.67311">
        <ele>467.56</ele>
        <time>2026-02-02T15:10:55.148000Z</time>
      </trkpt>
      <trkpt lat="46.16849" lon="8.67299">
        <ele>461.02</ele>
        <time>2026-02-02T15:10:57.082000Z</time>
      </trkpt>
      <trkpt lat="46.16849" lon="8.67286">
        <ele>453.7</ele>
        <time>2026-02-02T15:10:59.227000Z</time>
      </trkpt>
      <trkpt lat="46.16852" lon="8.67262">
        <ele>440.3</ele>
        <time>2026-02-02T15:11:03.161000Z</time>
      </trkpt>
      <trkpt lat="46.16852" lon="8.67245">
        <ele>430.81</ele>
        <time>2026-02-02T15:11:05.956000Z</time>
      </trkpt>
      <trkpt lat="46.16851" lon="8.67233">
        <ele>424.04</ele>
        <time>2026-02-02T15:11:07.938000Z</time>
      </trkpt>
      <trkpt lat="46.16847" lon="8.67216">
        <ele>414.64</ele>
        <time>2026-02-02T15:11:10.952000Z</time>
      </trkpt>
      <trkpt lat="46.16838" lon="8.6718">
        <ele>408.3</ele>
        <time>2026-02-02T15:11:17.193000Z</time>
      </trkpt>
      <trkpt lat="46.16837" lon="8.67157">
        <ele>404.48</ele>
        <time>2026-02-02T15:11:20.972000Z</time>
      </trkpt>
      <trkpt lat="46.16838" lon="8.67144">
        <ele>402.43</ele>
        <time>2026-02-02T15:11:23.001000Z</time>
      </trkpt>
      <trkpt lat="46.16839" lon="8.67135">
        <ele>400.79</ele>
        <time>2026-02-02T15:11:24.617000Z</time>
      </trkpt>
      <trkpt lat="46.16841" lon="8.67124">
        <ele>398.93</ele>
        <time>2026-02-02T15:11:26.464000Z</time>
      </trkpt>
      <trkpt lat="46.16861" lon="8.67063">
        <ele>394.73</ele>
        <time>2026-02-02T15:11:37.484000Z</time>
      </trkpt>
      <trkpt lat="46.16864" lon="8.67054">
        <ele>396.12</ele>
        <time>2026-02-02T15:11:39.202000Z</time>
      </trkpt>
      <trkpt lat="46.16867" lon="8.67039">
        <ele>398.17</ele>
        <time>2026-02-02T15:11:41.698000Z</time>
      </trkpt>
      <trkpt lat="46.16867" lon="8.67033">
        <ele>398.94</ele>
        <time>2026-02-02T15:11:42.649000Z</time>
      </trkpt>
      <trkpt lat="46.16866" lon="8.67003">
        <ele>402.92</ele>
        <time>2026-02-02T15:11:47.519000Z</time>
      </trkpt>
      <trkpt lat="46.16866" lon="8.66989">
        <ele>404.86</ele>
        <time>2026-02-02T15:11:49.892000Z</time>
      </trkpt>
      <trkpt lat="46.16876" lon="8.66932">
        <ele>412.74</ele>
        <time>2026-02-02T15:11:59.546000Z</time>
      </trkpt>
      <trkpt lat="46.16878" lon="8.66903">
        <ele>416.36</ele>
        <time>2026-02-02T15:12:04.247000Z</time>
      </trkpt>
      <trkpt lat="46.1688" lon="8.66851">
        <ele>430.84</ele>
        <time>2026-02-02T15:12:12.756000Z</time>
      </trkpt>
      <trkpt lat="46.16878" lon="8.66808">
        <ele>440.3</ele>
        <time>2026-02-02T15:12:19.798000Z</time>
      </trkpt>
      <trkpt lat="46.16877" lon="8.66783">
        <ele>449.75</ele>
        <time>2026-02-02T15:12:23.910000Z</time>
      </trkpt>
      <trkpt lat="46.16877" lon="8.66777">
        <ele>451.59</ele>
        <time>2026-02-02T15:12:25.025000Z</time>
      </trkpt>
      <trkpt lat="46.1688" lon="8.66765">
        <ele>454.79</ele>
        <time>2026-02-02T15:12:27.085000Z</time>
      </trkpt>
      <trkpt lat="46.16883" lon="8.66751">
        <ele>457.31</ele>
        <time>2026-02-02T15:12:34.486000Z</time>
      </trkpt>
      <trkpt lat="46.16884" lon="8.66741">
        <ele>459.01</ele>
        <time>2026-02-02T15:12:39.416000Z</time>
      </trkpt>
      <trkpt lat="46.16881" lon="8.66723">
        <ele>461.97</ele>
        <time>2026-02-02T15:12:48.762000Z</time>
      </trkpt>
      <trkpt lat="46.1687" lon="8.66677">
        <ele>453.17</ele>
        <time>2026-02-02T15:13:12.978000Z</time>
      </trkpt>
      <trkpt lat="46.16868" lon="8.66662">
        <ele>450.45</ele>
        <time>2026-02-02T15:13:20.406000Z</time>
      </trkpt>
      <trkpt lat="46.16868" lon="8.66651">
        <ele>448.32</ele>
        <time>2026-02-02T15:13:26.262000Z</time>
      </trkpt>
      <trkpt lat="46.16872" lon="8.66627">
        <ele>441.63</ele>
        <time>2026-02-02T15:13:38.664000Z</time>
      </trkpt>
      <trkpt lat="46.16872" lon="8.66621">
        <ele>439.84</ele>
        <time>2026-02-02T15:13:41.575000Z</time>
      </trkpt>
      <trkpt lat="46.16864" lon="8.66564">
        <ele>407.15</ele>
        <time>2026-02-02T15:14:10.562000Z</time>
      </trkpt>
      <trkpt lat="46.16863" lon="8.66555">
        <ele>406.39</ele>
        <time>2026-02-02T15:14:15.261000Z</time>
      </trkpt>
      <trkpt lat="46.16864" lon="8.66545">
        <ele>411.43</ele>
        <time>2026-02-02T15:14:20.427000Z</time>
      </trkpt>
      <trkpt lat="46.16866" lon="8.66538">
        <ele>414.95</ele>
        <time>2026-02-02T15:14:24.107000Z</time>
      </trkpt>
      <trkpt lat="46.1689" lon="8.66482">
        <ele>440.88</ele>
        <time>2026-02-02T15:14:56.808000Z</time>
      </trkpt>
      <trkpt lat="46.16894" lon="8.66476">
        <ele>443.55</ele>
        <time>2026-02-02T15:15:01.005000Z</time>
      </trkpt>
      <trkpt lat="46.16904" lon="8.66463">
        <ele>449.69</ele>
        <time>2026-02-02T15:15:10.857000Z</time>
      </trkpt>
      <trkpt lat="46.16907" lon="8.66458">
        <ele>450.55</ele>
        <time>2026-02-02T15:15:14.206000Z</time>
      </trkpt>
      <trkpt lat="46.16918" lon="8.66414">
        <ele>456.44</ele>
        <time>2026-02-02T15:15:37.283000Z</time>
      </trkpt>
      <trkpt lat="46.16919" lon="8.6641">
        <ele>457.1</ele>
        <time>2026-02-02T15:15:39.848000Z</time>
      </trkpt>
      <trkpt lat="46.16924" lon="8.66402">
        <ele>458.43</ele>
        <time>2026-02-02T15:15:45.058000Z</time>
      </trkpt>
      <trkpt lat="46.16933" lon="8.66394">
        <ele>459.94</ele>
        <time>2026-02-02T15:15:52.264000Z</time>
      </trkpt>
      <trkpt lat="46.16955" lon="8.66358">
        <ele>476.44</ele>
        <time>2026-02-02T15:16:16.617000Z</time>
      </trkpt>
      <trkpt lat="46.16956" lon="8.66357">
        <ele>492.94</ele>
        <time>2026-02-02T15:16:18.194000Z</time>
      </trkpt>
      <trkpt lat="46.16961" lon="8.66345">
        <ele>502.38</ele>
        <time>2026-02-02T15:16:35.245000Z</time>
      </trkpt>
      <trkpt lat="46.16961" lon="8.66336">
        <ele>506.57</ele>
        <time>2026-02-02T15:16:44.673000Z</time>
      </trkpt>
      <trkpt lat="46.1696" lon="8.66332">
        <ele>508.66</ele>
        <time>2026-02-02T15:16:49.629000Z</time>
      </trkpt>
      <trkpt lat="46.16953" lon="8.66316">
        <ele>516.6</ele>
        <time>2026-02-02T15:17:09.636000Z</time>
      </trkpt>
      <trkpt lat="46.16947" lon="8.66309">
        <ele>520.84</ele>
        <time>2026-02-02T15:17:21.051000Z</time>
      </trkpt>
      <trkpt lat="46.16943" lon="8.66307">
        <ele>520.98</ele>
        <time>2026-02-02T15:17:21.909000Z</time>
      </trkpt>
      <trkpt lat="46.1694" lon="8.66307">
        <ele>521.12</ele>
        <time>2026-02-02T15:17:22.738000Z</time>
      </trkpt>
      <trkpt lat="46.1692" lon="8.66315">
        <ele>511.59</ele>
        <time>2026-02-02T15:17:27.150000Z</time>
      </trkpt>
      <trkpt lat="46.16913" lon="8.66315">
        <ele>508.02</ele>
        <time>2026-02-02T15:17:28.590000Z</time>
      </trkpt>
      <trkpt lat="46.16892" lon="8.66306">
        <ele>496.09</ele>
        <time>2026-02-02T15:17:33.432000Z</time>
      </trkpt>
      <trkpt lat="46.16888" lon="8.66306">
        <ele>493.73</ele>
        <time>2026-02-02T15:17:34.388000Z</time>
      </trkpt>
      <trkpt lat="46.16883" lon="8.66308">
        <ele>491.03</ele>
        <time>2026-02-02T15:17:35.477000Z</time>
      </trkpt>
      <trkpt lat="46.16868" lon="8.66323">
        <ele>481.23</ele>
        <time>2026-02-02T15:17:39.431000Z</time>
      </trkpt>
      <trkpt lat="46.16862" lon="8.66323">
        <ele>477.83</ele>
        <time>2026-02-02T15:17:40.801000Z</time>
      </trkpt>
      <trkpt lat="46.16856" lon="8.66319">
        <ele>474.41</ele>
        <time>2026-02-02T15:17:42.184000Z</time>
      </trkpt>
      <trkpt lat="46.16847" lon="8.66306">
        <ele>473.53</ele>
        <time>2026-02-02T15:17:44.856000Z</time>
      </trkpt>
      <trkpt lat="46.16841" lon="8.663">
        <ele>469.18</ele>
        <time>2026-02-02T15:17:46.643000Z</time>
      </trkpt>
      <trkpt lat="46.16837" lon="8.66292">
        <ele>469.42</ele>
        <time>2026-02-02T15:17:48.028000Z</time>
      </trkpt>
      <trkpt lat="46.16835" lon="8.66285">
        <ele>469.61</ele>
        <time>2026-02-02T15:17:49.101000Z</time>
      </trkpt>
      <trkpt lat="46.16834" lon="8.66265">
        <ele>470.92</ele>
        <time>2026-02-02T15:17:52.147000Z</time>
      </trkpt>
      <trkpt lat="46.16823" lon="8.66207">
        <ele>471.71</ele>
        <time>2026-02-02T15:18:01.087000Z</time>
      </trkpt>
      <trkpt lat="46.16824" lon="8.66195">
        <ele>473.4</ele>
        <time>2026-02-02T15:18:02.855000Z</time>
      </trkpt>
      <trkpt lat="46.16826" lon="8.6618">
        <ele>475.72</ele>
        <time>2026-02-02T15:18:05.278000Z</time>
      </trkpt>
      <trkpt lat="46.16826" lon="8.66175">
        <ele>476.37</ele>
        <time>2026-02-02T15:18:05.957000Z</time>
      </trkpt>
      <trkpt lat="46.16825" lon="8.6617">
        <ele>477.1</ele>
        <time>2026-02-02T15:18:06.807000Z</time>
      </trkpt>
      <trkpt lat="46.1682" lon="8.66155">
        <ele>472.95</ele>
        <time>2026-02-02T15:18:09.367000Z</time>
      </trkpt>
      <trkpt lat="46.16816" lon="8.66138">
        <ele>468.53</ele>
        <time>2026-02-02T15:18:12.092000Z</time>
      </trkpt>
      <trkpt lat="46.16813" lon="8.66118">
        <ele>463.68</ele>
        <time>2026-02-02T15:18:15.067000Z</time>
      </trkpt>
      <trkpt lat="46.16814" lon="8.6611">
        <ele>461.98</ele>
        <time>2026-02-02T15:18:16.265000Z</time>
      </trkpt>
      <trkpt lat="46.16816" lon="8.66104">
        <ele>464.0</ele>
        <time>2026-02-02T15:18:17.278000Z</time>
      </trkpt>
      <trkpt lat="46.1682" lon="8.66092">
        <ele>468.11</ele>
        <time>2026-02-02T15:18:19.357000Z</time>
      </trkpt>
      <trkpt lat="46.16822" lon="8.66083">
        <ele>469.32</ele>
        <time>2026-02-02T15:18:20.771000Z</time>
      </trkpt>
      <trkpt lat="46.16823" lon="8.66075">
        <ele>468.87</ele>
        <time>2026-02-02T15:18:22.044000Z</time>
      </trkpt>
      <trkpt lat="46.16822" lon="8.66059">
        <ele>468.05</ele>
        <time>2026-02-02T15:18:24.389000Z</time>
      </trkpt>
      <trkpt lat="46.16823" lon="8.66036">
        <ele>480.06</ele>
        <time>2026-02-02T15:18:27.881000Z</time>
      </trkpt>
      <trkpt lat="46.1683" lon="8.65965">
        <ele>517.41</ele>
        <time>2026-02-02T15:18:38.766000Z</time>
      </trkpt>
      <trkpt lat="46.1683" lon="8.65959">
        <ele>518.51</ele>
        <time>2026-02-02T15:18:39.657000Z</time>
      </trkpt>
      <trkpt lat="46.16828" lon="8.65953">
        <ele>519.64</ele>
        <time>2026-02-02T15:18:40.644000Z</time>
      </trkpt>
      <trkpt lat="46.16826" lon="8.65949">
        <ele>518.97</ele>
        <time>2026-02-02T15:18:41.329000Z</time>
      </trkpt>
      <trkpt lat="46.16811" lon="8.65934">
        <ele>515.16</ele>
        <time>2026-02-02T15:18:45.245000Z</time>
      </trkpt>
      <trkpt lat="46.16807" lon="8.65927">
        <ele>513.88</ele>
        <time>2026-02-02T15:18:46.615000Z</time>
      </trkpt>
      <trkpt lat="46.16806" lon="8.65918">
        <ele>517.92</ele>
        <time>2026-02-02T15:18:47.925000Z</time>
      </trkpt>
      <trkpt lat="46.16807" lon="8.65913">
        <ele>520.58</ele>
        <time>2026-02-02T15:18:48.784000Z</time>
      </trkpt>
      <trkpt lat="46.16811" lon="8.659">
        <ele>526.77</ele>
        <time>2026-02-02T15:18:50.932000Z</time>
      </trkpt>
      <trkpt lat="46.16815" lon="8.65889">
        <ele>532.95</ele>
        <time>2026-02-02T15:18:52.781000Z</time>
      </trkpt>
      <trkpt lat="46.16817" lon="8.65877">
        <ele>537.62</ele>
        <time>2026-02-02T15:18:54.501000Z</time>
      </trkpt>
      <trkpt lat="46.16817" lon="8.6587">
        <ele>539.08</ele>
        <time>2026-02-02T15:18:55.657000Z</time>
      </trkpt>
      <trkpt lat="46.16816" lon="8.65861">
        <ele>540.61</ele>
        <time>2026-02-02T15:18:56.882000Z</time>
      </trkpt>
      <trkpt lat="46.16815" lon="8.65856">
        <ele>541.72</ele>
        <time>2026-02-02T15:18:57.764000Z</time>
      </trkpt>
      <trkpt lat="46.16812" lon="8.6585">
        <ele>543.19</ele>
        <time>2026-02-02T15:18:58.932000Z</time>
      </trkpt>
      <trkpt lat="46.16802" lon="8.65839">
        <ele>542.01</ele>
        <time>2026-02-02T15:19:01.505000Z</time>
      </trkpt>
      <trkpt lat="46.16795" lon="8.65836">
        <ele>540.29</ele>
        <time>2026-02-02T15:19:02.987000Z</time>
      </trkpt>
      <trkpt lat="46.16788" lon="8.65837">
        <ele>537.55</ele>
        <time>2026-02-02T15:19:04.619000Z</time>
      </trkpt>
      <trkpt lat="46.16775" lon="8.65846">
        <ele>528.41</ele>
        <time>2026-02-02T15:19:07.700000Z</time>
      </trkpt>
      <trkpt lat="46.16771" lon="8.65848">
        <ele>526.09</ele>
        <time>2026-02-02T15:19:08.496000Z</time>
      </trkpt>
      <trkpt lat="46.16765" lon="8.65847">
        <ele>522.08</ele>
        <time>2026-02-02T15:19:09.842000Z</time>
      </trkpt>
      <trkpt lat="46.16759" lon="8.65844">
        <ele>518.11</ele>
        <time>2026-02-02T15:19:11.165000Z</time>
      </trkpt>
      <trkpt lat="46.16755" lon="8.65839">
        <ele>514.51</ele>
        <time>2026-02-02T15:19:12.389000Z</time>
      </trkpt>
      <trkpt lat="46.16735" lon="8.65801">
        <ele>501.26</ele>
        <time>2026-02-02T15:19:19.367000Z</time>
      </trkpt>
      <trkpt lat="46.16728" lon="8.65783">
        <ele>493.6</ele>
        <time>2026-02-02T15:19:22.451000Z</time>
      </trkpt>
      <trkpt lat="46.16723" lon="8.65764">
        <ele>486.34</ele>
        <time>2026-02-02T15:19:25.436000Z</time>
      </trkpt>
      <trkpt lat="46.16712" lon="8.65677">
        <ele>471.49</ele>
        <time>2026-02-02T15:19:38.606000Z</time>
      </trkpt>
      <trkpt lat="46.16711" lon="8.65665">
        <ele>469.54</ele>
        <time>2026-02-02T15:19:40.345000Z</time>
      </trkpt>
      <trkpt lat="46.16712" lon="8.65642">
        <ele>470.86</ele>
        <time>2026-02-02T15:19:43.690000Z</time>
      </trkpt>
      <trkpt lat="46.16718" lon="8.6558">
        <ele>474.51</ele>
        <time>2026-02-02T15:19:52.983000Z</time>
      </trkpt>
      <trkpt lat="46.16721" lon="8.65578">
        <ele>475.75</ele>
        <time>2026-02-02T15:19:57.455000Z</time>
      </trkpt>
      <trkpt lat="46.16718" lon="8.6558">
        <ele>474.51</ele>
        <time>2026-02-02T15:20:00.539000Z</time>
      </trkpt>
      <trkpt lat="46.16722" lon="8.65534">
        <ele>484.22</ele>
        <time>2026-02-02T15:20:45.868000Z</time>
      </trkpt>
      <trkpt lat="46.16725" lon="8.65519">
        <ele>487.36</ele>
        <time>2026-02-02T15:21:00.493000Z</time>
      </trkpt>
      <trkpt lat="46.16727" lon="8.65511">
        <ele>490.73</ele>
        <time>2026-02-02T15:21:09.086000Z</time>
      </trkpt>
      <trkpt lat="46.16732" lon="8.65504">
        <ele>495.53</ele>
        <time>2026-02-02T15:21:18.135000Z</time>
      </trkpt>
      <trkpt lat="46.16737" lon="8.65499">
        <ele>500.73</ele>
        <time>2026-02-02T15:21:27.926000Z</time>
      </trkpt>
      <trkpt lat="46.16767" lon="8.65475">
        <ele>525.54</ele>
        <time>2026-02-02T15:22:14.892000Z</time>
      </trkpt>
      <trkpt lat="46.16769" lon="8.65473">
        <ele>527.52</ele>
        <time>2026-02-02T15:22:18.535000Z</time>
      </trkpt>
      <trkpt lat="46.16772" lon="8.65467">
        <ele>530.52</ele>
        <time>2026-02-02T15:22:25.650000Z</time>
      </trkpt>
      <trkpt lat="46.16773" lon="8.65459">
        <ele>531.29</ele>
        <time>2026-02-02T15:22:33.938000Z</time>
      </trkpt>
      <trkpt lat="46.16772" lon="8.65414">
        <ele>535.34</ele>
        <time>2026-02-02T15:23:17.719000Z</time>
      </trkpt>
      <trkpt lat="46.16772" lon="8.65409">
        <ele>535.77</ele>
        <time>2026-02-02T15:23:22.394000Z</time>
      </trkpt>
      <trkpt lat="46.16778" lon="8.65393">
        <ele>537.41</ele>
        <time>2026-02-02T15:23:40.237000Z</time>
      </trkpt>
      <trkpt lat="46.16779" lon="8.65387">
        <ele>537.91</ele>
        <time>2026-02-02T15:23:45.672000Z</time>
      </trkpt>
      <trkpt lat="46.16779" lon="8.6538">
        <ele>538.55</ele>
        <time>2026-02-02T15:23:52.492000Z</time>
      </trkpt>
      <trkpt lat="46.16778" lon="8.65365">
        <ele>539.95</ele>
        <time>2026-02-02T15:24:07.643000Z</time>
      </trkpt>
      <trkpt lat="46.16778" lon="8.65359">
        <ele>540.45</ele>
        <time>2026-02-02T15:24:12.999000Z</time>
      </trkpt>
      <trkpt lat="46.16779" lon="8.65354">
        <ele>540.94</ele>
        <time>2026-02-02T15:24:18.341000Z</time>
      </trkpt>
      <trkpt lat="46.16784" lon="8.6534">
        <ele>542.29</ele>
        <time>2026-02-02T15:24:33.085000Z</time>
      </trkpt>
      <trkpt lat="46.16786" lon="8.65333">
        <ele>542.97</ele>
        <time>2026-02-02T15:24:40.298000Z</time>
      </trkpt>
      <trkpt lat="46.16786" lon="8.65327">
        <ele>543.2</ele>
        <time>2026-02-02T15:24:45.869000Z</time>
      </trkpt>
      <trkpt lat="46.16784" lon="8.65318">
        <ele>541.09</ele>
        <time>2026-02-02T15:24:55.241000Z</time>
      </trkpt>
      <trkpt lat="46.16781" lon="8.65315">
        <ele>539.82</ele>
        <time>2026-02-02T15:25:00.844000Z</time>
      </trkpt>
      <trkpt lat="46.16777" lon="8.65312">
        <ele>538.44</ele>
        <time>2026-02-02T15:25:06.959000Z</time>
      </trkpt>
      <trkpt lat="46.16774" lon="8.65311">
        <ele>537.33</ele>
        <time>2026-02-02T15:25:11.851000Z</time>
      </trkpt>
      <trkpt lat="46.16756" lon="8.65311">
        <ele>531.85</ele>
        <time>2026-02-02T15:25:36.154000Z</time>
      </trkpt>
      <trkpt lat="46.16746" lon="8.65308">
        <ele>529.96</ele>
        <time>2026-02-02T15:25:50.329000Z</time>
      </trkpt>
      <trkpt lat="46.16706" lon="8.65276">
        <ele>534.73</ele>
        <time>2026-02-02T15:26:55.198000Z</time>
      </trkpt>
      <trkpt lat="46.167" lon="8.6527">
        <ele>535.45</ele>
        <time>2026-02-02T15:27:04.989000Z</time>
      </trkpt>
      <trkpt lat="46.16698" lon="8.65266">
        <ele>537.37</ele>
        <time>2026-02-02T15:27:09.708000Z</time>
      </trkpt>
      <trkpt lat="46.16697" lon="8.65262">
        <ele>538.89</ele>
        <time>2026-02-02T15:27:13.890000Z</time>
      </trkpt>
      <trkpt lat="46.16696" lon="8.65255">
        <ele>542.04</ele>
        <time>2026-02-02T15:27:21.353000Z</time>
      </trkpt>
      <trkpt lat="46.16698" lon="8.65221">
        <ele>556.82</ele>
        <time>2026-02-02T15:27:57.135000Z</time>
      </trkpt>
      <trkpt lat="46.16698" lon="8.65216">
        <ele>557.64</ele>
        <time>2026-02-02T15:27:57.975000Z</time>
      </trkpt>
      <trkpt lat="46.16697" lon="8.65212">
        <ele>558.34</ele>
        <time>2026-02-02T15:27:58.699000Z</time>
      </trkpt>
      <trkpt lat="46.16695" lon="8.65208">
        <ele>559.15</ele>
        <time>2026-02-02T15:27:59.491000Z</time>
      </trkpt>
      <trkpt lat="46.16689" lon="8.65202">
        <ele>560.63</ele>
        <time>2026-02-02T15:28:00.985000Z</time>
      </trkpt>
      <trkpt lat="46.16684" lon="8.65202">
        <ele>559.49</ele>
        <time>2026-02-02T15:28:02.219000Z</time>
      </trkpt>
      <trkpt lat="46.16666" lon="8.65208">
        <ele>550.19</ele>
        <time>2026-02-02T15:28:06.482000Z</time>
      </trkpt>
      <trkpt lat="46.16662" lon="8.65208">
        <ele>548.11</ele>
        <time>2026-02-02T15:28:07.434000Z</time>
      </trkpt>
      <trkpt lat="46.16658" lon="8.65206">
        <ele>546.29</ele>
        <time>2026-02-02T15:28:08.404000Z</time>
      </trkpt>
      <trkpt lat="46.16645" lon="8.65192">
        <ele>545.03</ele>
        <time>2026-02-02T15:28:12.137000Z</time>
      </trkpt>
      <trkpt lat="46.16625" lon="8.65172">
        <ele>543.16</ele>
        <time>2026-02-02T15:28:17.760000Z</time>
      </trkpt>
      <trkpt lat="46.1662" lon="8.65166">
        <ele>542.63</ele>
        <time>2026-02-02T15:28:19.361000Z</time>
      </trkpt>
      <trkpt lat="46.16613" lon="8.65156">
        <ele>544.45</ele>
        <time>2026-02-02T15:28:21.532000Z</time>
      </trkpt>
      <trkpt lat="46.16608" lon="8.65146">
        <ele>546.16</ele>
        <time>2026-02-02T15:28:23.555000Z</time>
      </trkpt>
      <trkpt lat="46.16607" lon="8.65143">
        <ele>546.65</ele>
        <time>2026-02-02T15:28:24.143000Z</time>
      </trkpt>
      <trkpt lat="46.16606" lon="8.65139">
        <ele>547.14</ele>
        <time>2026-02-02T15:28:24.831000Z</time>
      </trkpt>
      <trkpt lat="46.16607" lon="8.65135">
        <ele>548.66</ele>
        <time>2026-02-02T15:28:25.480000Z</time>
      </trkpt>
      <trkpt lat="46.1661" lon="8.65116">
        <ele>555.99</ele>
        <time>2026-02-02T15:28:28.624000Z</time>
      </trkpt>
      <trkpt lat="46.16611" lon="8.6511">
        <ele>558.39</ele>
        <time>2026-02-02T15:28:29.646000Z</time>
      </trkpt>
      <trkpt lat="46.16611" lon="8.65105">
        <ele>560.09</ele>
        <time>2026-02-02T15:28:30.401000Z</time>
      </trkpt>
      <trkpt lat="46.1661" lon="8.651">
        <ele>560.03</ele>
        <time>2026-02-02T15:28:31.400000Z</time>
      </trkpt>
      <trkpt lat="46.16609" lon="8.65096">
        <ele>559.98</ele>
        <time>2026-02-02T15:28:32.219000Z</time>
      </trkpt>
      <trkpt lat="46.16606" lon="8.65093">
        <ele>559.92</ele>
        <time>2026-02-02T15:28:33Z</time>
      </trkpt>
      <trkpt lat="46.16603" lon="8.65091">
        <ele>559.87</ele>
        <time>2026-02-02T15:28:33.833000Z</time>
      </trkpt>
      <trkpt lat="46.16578" lon="8.65085">
        <ele>536.04</ele>
        <time>2026-02-02T15:28:40.224000Z</time>
      </trkpt>
      <trkpt lat="46.16574" lon="8.65084">
        <ele>531.54</ele>
        <time>2026-02-02T15:28:41.278000Z</time>
      </trkpt>
      <trkpt lat="46.16569" lon="8.65081">
        <ele>526.59</ele>
        <time>2026-02-02T15:28:42.626000Z</time>
      </trkpt>
      <trkpt lat="46.16541" lon="8.65039">
        <ele>492.55</ele>
        <time>2026-02-02T15:28:52.792000Z</time>
      </trkpt>
      <trkpt lat="46.16535" lon="8.65029">
        <ele>488.19</ele>
        <time>2026-02-02T15:28:54.723000Z</time>
      </trkpt>
      <trkpt lat="46.16532" lon="8.6502">
        <ele>488.12</ele>
        <time>2026-02-02T15:28:56.227000Z</time>
      </trkpt>
      <trkpt lat="46.1653" lon="8.65012">
        <ele>488.06</ele>
        <time>2026-02-02T15:28:57.405000Z</time>
      </trkpt>
      <trkpt lat="46.16525" lon="8.64973">
        <ele>487.79</ele>
        <time>2026-02-02T15:29:03.443000Z</time>
      </trkpt>
      <trkpt lat="46.16526" lon="8.64962">
        <ele>494.07</ele>
        <time>2026-02-02T15:29:05.156000Z</time>
      </trkpt>
      <trkpt lat="46.16533" lon="8.64941">
        <ele>506.32</ele>
        <time>2026-02-02T15:29:08.592000Z</time>
      </trkpt>
      <trkpt lat="46.16529" lon="8.64927">
        <ele>509.37</ele>
        <time>2026-02-02T15:29:23.047000Z</time>
      </trkpt>
      <trkpt lat="46.16529" lon="8.6492">
        <ele>512.53</ele>
        <time>2026-02-02T15:29:31.061000Z</time>
      </trkpt>
      <trkpt lat="46.16536" lon="8.64897">
        <ele>523.78</ele>
        <time>2026-02-02T15:29:57.479000Z</time>
      </trkpt>
      <trkpt lat="46.16547" lon="8.64868">
        <ele>530.66</ele>
        <time>2026-02-02T15:30:30.337000Z</time>
      </trkpt>
      <trkpt lat="46.16552" lon="8.64859">
        <ele>533.87</ele>
        <time>2026-02-02T15:30:41.208000Z</time>
      </trkpt>
      <trkpt lat="46.16557" lon="8.64855">
        <ele>536.21</ele>
        <time>2026-02-02T15:30:49.295000Z</time>
      </trkpt>
      <trkpt lat="46.16564" lon="8.64855">
        <ele>539.21</ele>
        <time>2026-02-02T15:30:59.525000Z</time>
      </trkpt>
      <trkpt lat="46.16565" lon="8.64859">
        <ele>540.45</ele>
        <time>2026-02-02T15:31:03.702000Z</time>
      </trkpt>
      <trkpt lat="46.1657" lon="8.64856">
        <ele>542.51</ele>
        <time>2026-02-02T15:31:10.981000Z</time>
      </trkpt>
      <trkpt lat="46.1658" lon="8.64854">
        <ele>546.33</ele>
        <time>2026-02-02T15:31:24.832000Z</time>
      </trkpt>
      <trkpt lat="46.16585" lon="8.6485">
        <ele>549.03</ele>
        <time>2026-02-02T15:31:32.958000Z</time>
      </trkpt>
      <trkpt lat="46.16595" lon="8.64838">
        <ele>555.29</ele>
        <time>2026-02-02T15:31:52.036000Z</time>
      </trkpt>
      <trkpt lat="46.16602" lon="8.64827">
        <ele>560.19</ele>
        <time>2026-02-02T15:32:06.851000Z</time>
      </trkpt>
      <trkpt lat="46.16605" lon="8.64817">
        <ele>563.77</ele>
        <time>2026-02-02T15:32:17.686000Z</time>
      </trkpt>
      <trkpt lat="46.16605" lon="8.64809">
        <ele>565.37</ele>
        <time>2026-02-02T15:32:26.063000Z</time>
      </trkpt>
      <trkpt lat="46.16604" lon="8.64803">
        <ele>568.57</ele>
        <time>2026-02-02T15:32:27.203000Z</time>
      </trkpt>
      <trkpt lat="46.16593" lon="8.64772">
        <ele>582.2</ele>
        <time>2026-02-02T15:33:03.223000Z</time>
      </trkpt>
      <trkpt lat="46.1659" lon="8.64766">
        <ele>583.87</ele>
        <time>2026-02-02T15:33:04.484000Z</time>
      </trkpt>
      <trkpt lat="46.16584" lon="8.6476">
        <ele>582.32</ele>
        <time>2026-02-02T15:33:05.985000Z</time>
      </trkpt>
      <trkpt lat="46.16557" lon="8.64751">
        <ele>576.48</ele>
        <time>2026-02-02T15:33:11.688000Z</time>
      </trkpt>
      <trkpt lat="46.16538" lon="8.64737">
        <ele>571.91</ele>
        <time>2026-02-02T15:33:16.262000Z</time>
      </trkpt>
      <trkpt lat="46.16529" lon="8.64733">
        <ele>567.66</ele>
        <time>2026-02-02T15:33:18.197000Z</time>
      </trkpt>
      <trkpt lat="46.16507" lon="8.64729">
        <ele>557.07</ele>
        <time>2026-02-02T15:33:23.047000Z</time>
      </trkpt>
      <trkpt lat="46.16497" lon="8.64721">
        <ele>551.88</ele>
        <time>2026-02-02T15:33:25.422000Z</time>
      </trkpt>
      <trkpt lat="46.16494" lon="8.64718">
        <ele>550.04</ele>
        <time>2026-02-02T15:33:26.263000Z</time>
      </trkpt>
      <trkpt lat="46.16484" lon="8.647">
        <ele>547.47</ele>
        <time>2026-02-02T15:33:29.581000Z</time>
      </trkpt>
      <trkpt lat="46.16461" lon="8.64647">
        <ele>552.24</ele>
        <time>2026-02-02T15:33:38.433000Z</time>
      </trkpt>
      <trkpt lat="46.16456" lon="8.64632">
        <ele>553.47</ele>
        <time>2026-02-02T15:33:40.905000Z</time>
      </trkpt>
      <trkpt lat="46.16453" lon="8.64619">
        <ele>557.03</ele>
        <time>2026-02-02T15:33:42.899000Z</time>
      </trkpt>
      <trkpt lat="46.1645" lon="8.64578">
        <ele>567.34</ele>
        <time>2026-02-02T15:33:48.701000Z</time>
      </trkpt>
      <trkpt lat="46.16448" lon="8.64574">
        <ele>567.34</ele>
        <time>2026-02-02T15:33:49.516000Z</time>
      </trkpt>
      <trkpt lat="46.16444" lon="8.64564">
        <ele>567.33</ele>
        <time>2026-02-02T15:33:51.223000Z</time>
      </trkpt>
      <trkpt lat="46.16437" lon="8.64556">
        <ele>567.3</ele>
        <time>2026-02-02T15:33:53.151000Z</time>
      </trkpt>
      <trkpt lat="46.16422" lon="8.64547">
        <ele>561.57</ele>
        <time>2026-02-02T15:33:56.773000Z</time>
      </trkpt>
      <trkpt lat="46.16414" lon="8.6454">
        <ele>558.49</ele>
        <time>2026-02-02T15:33:58.705000Z</time>
      </trkpt>
      <trkpt lat="46.16407" lon="8.6453">
        <ele>556.16</ele>
        <time>2026-02-02T15:34:00.768000Z</time>
      </trkpt>
      <trkpt lat="46.16395" lon="8.64504">
        <ele>552.46</ele>
        <time>2026-02-02T15:34:05.548000Z</time>
      </trkpt>
      <trkpt lat="46.16392" lon="8.645">
        <ele>551.84</ele>
        <time>2026-02-02T15:34:06.370000Z</time>
      </trkpt>
      <trkpt lat="46.16388" lon="8.64495">
        <ele>550.92</ele>
        <time>2026-02-02T15:34:07.542000Z</time>
      </trkpt>
      <trkpt lat="46.16365" lon="8.64476">
        <ele>546.52</ele>
        <time>2026-02-02T15:34:13.238000Z</time>
      </trkpt>
      <trkpt lat="46.16363" lon="8.64473">
        <ele>546.03</ele>
        <time>2026-02-02T15:34:13.867000Z</time>
      </trkpt>
      <trkpt lat="46.16359" lon="8.64465">
        <ele>545.16</ele>
        <time>2026-02-02T15:34:15.277000Z</time>
      </trkpt>
      <trkpt lat="46.16358" lon="8.64461">
        <ele>546.3</ele>
        <time>2026-02-02T15:34:15.869000Z</time>
      </trkpt>
      <trkpt lat="46.16358" lon="8.64457">
        <ele>547.61</ele>
        <time>2026-02-02T15:34:16.541000Z</time>
      </trkpt>
      <trkpt lat="46.1636" lon="8.64448">
        <ele>550.2</ele>
        <time>2026-02-02T15:34:17.872000Z</time>
      </trkpt>
      <trkpt lat="46.16376" lon="8.64425">
        <ele>559.62</ele>
        <time>2026-02-02T15:34:22.712000Z</time>
      </trkpt>
      <trkpt lat="46.16379" lon="8.64419">
        <ele>562.0</ele>
        <time>2026-02-02T15:34:23.938000Z</time>
      </trkpt>
      <trkpt lat="46.1638" lon="8.64415">
        <ele>562.99</ele>
        <time>2026-02-02T15:34:24.452000Z</time>
      </trkpt>
      <trkpt lat="46.16379" lon="8.64398">
        <ele>568.0</ele>
        <time>2026-02-02T15:34:27.027000Z</time>
      </trkpt>
      <trkpt lat="46.16379" lon="8.64392">
        <ele>569.83</ele>
        <time>2026-02-02T15:34:27.954000Z</time>
      </trkpt>
      <trkpt lat="46.16381" lon="8.64384">
        <ele>572.16</ele>
        <time>2026-02-02T15:34:29.146000Z</time>
      </trkpt>
      <trkpt lat="46.16387" lon="8.64369">
        <ele>577.32</ele>
        <time>2026-02-02T15:34:31.802000Z</time>
      </trkpt>
      <trkpt lat="46.16388" lon="8.64363">
        <ele>579.19</ele>
        <time>2026-02-02T15:34:32.768000Z</time>
      </trkpt>
      <trkpt lat="46.16388" lon="8.64354">
        <ele>581.9</ele>
        <time>2026-02-02T15:34:34.141000Z</time>
      </trkpt>
      <trkpt lat="46.16385" lon="8.64346">
        <ele>581.47</ele>
        <time>2026-02-02T15:34:35.505000Z</time>
      </trkpt>
      <trkpt lat="46.16382" lon="8.64342">
        <ele>579.84</ele>
        <time>2026-02-02T15:34:36.260000Z</time>
      </trkpt>
      <trkpt lat="46.16379" lon="8.6434">
        <ele>578.27</ele>
        <time>2026-02-02T15:34:36.997000Z</time>
      </trkpt>
      <trkpt lat="46.16373" lon="8.64338">
        <ele>575.27</ele>
        <time>2026-02-02T15:34:38.398000Z</time>
      </trkpt>
      <trkpt lat="46.16366" lon="8.64341">
        <ele>572.04</ele>
        <time>2026-02-02T15:34:39.891000Z</time>
      </trkpt>
      <trkpt lat="46.16361" lon="8.64346">
        <ele>569.16</ele>
        <time>2026-02-02T15:34:41.248000Z</time>
      </trkpt>
      <trkpt lat="46.16355" lon="8.64349">
        <ele>566.13</ele>
        <time>2026-02-02T15:34:42.681000Z</time>
      </trkpt>
      <trkpt lat="46.16348" lon="8.64351">
        <ele>563.22</ele>
        <time>2026-02-02T15:34:44.039000Z</time>
      </trkpt>
      <trkpt lat="46.16344" lon="8.64351">
        <ele>561.22</ele>
        <time>2026-02-02T15:34:44.965000Z</time>
      </trkpt>
      <trkpt lat="46.16306" lon="8.6434">
        <ele>543.38</ele>
        <time>2026-02-02T15:34:53.320000Z</time>
      </trkpt>
      <trkpt lat="46.163" lon="8.64337">
        <ele>540.55</ele>
        <time>2026-02-02T15:34:54.642000Z</time>
      </trkpt>
      <trkpt lat="46.16295" lon="8.64328">
        <ele>536.63</ele>
        <time>2026-02-02T15:34:56.471000Z</time>
      </trkpt>
      <trkpt lat="46.16293" lon="8.6432">
        <ele>540.23</ele>
        <time>2026-02-02T15:34:57.687000Z</time>
      </trkpt>
      <trkpt lat="46.16294" lon="8.6431">
        <ele>543.19</ele>
        <time>2026-02-02T15:34:59.111000Z</time>
      </trkpt>
      <trkpt lat="46.16316" lon="8.64239">
        <ele>567.37</ele>
        <time>2026-02-02T15:35:10.787000Z</time>
      </trkpt>
      <trkpt lat="46.16318" lon="8.64232">
        <ele>569.48</ele>
        <time>2026-02-02T15:35:11.802000Z</time>
      </trkpt>
      <trkpt lat="46.16318" lon="8.64222">
        <ele>572.17</ele>
        <time>2026-02-02T15:35:13.353000Z</time>
      </trkpt>
      <trkpt lat="46.16315" lon="8.64213">
        <ele>569.52</ele>
        <time>2026-02-02T15:35:14.837000Z</time>
      </trkpt>
      <trkpt lat="46.1631" lon="8.64207">
        <ele>567.13</ele>
        <time>2026-02-02T15:35:16.184000Z</time>
      </trkpt>
      <trkpt lat="46.16304" lon="8.64205">
        <ele>564.12</ele>
        <time>2026-02-02T15:35:17.699000Z</time>
      </trkpt>
      <trkpt lat="46.16295" lon="8.64208">
        <ele>559.11</ele>
        <time>2026-02-02T15:35:19.642000Z</time>
      </trkpt>
      <trkpt lat="46.16276" lon="8.6422">
        <ele>548.29</ele>
        <time>2026-02-02T15:35:24.122000Z</time>
      </trkpt>
      <trkpt lat="46.16268" lon="8.64222">
        <ele>543.76</ele>
        <time>2026-02-02T15:35:25.842000Z</time>
      </trkpt>
      <trkpt lat="46.16258" lon="8.64222">
        <ele>536.79</ele>
        <time>2026-02-02T15:35:27.844000Z</time>
      </trkpt>
      <trkpt lat="46.16247" lon="8.64218">
        <ele>528.23</ele>
        <time>2026-02-02T15:35:30.299000Z</time>
      </trkpt>
      <trkpt lat="46.16241" lon="8.64214">
        <ele>523.09</ele>
        <time>2026-02-02T15:35:31.780000Z</time>
      </trkpt>
      <trkpt lat="46.16233" lon="8.64204">
        <ele>515.11</ele>
        <time>2026-02-02T15:35:34.070000Z</time>
      </trkpt>
      <trkpt lat="46.1623" lon="8.64193">
        <ele>511.66</ele>
        <time>2026-02-02T15:35:35.830000Z</time>
      </trkpt>
      <trkpt lat="46.16229" lon="8.64184">
        <ele>510.9</ele>
        <time>2026-02-02T15:35:37.251000Z</time>
      </trkpt>
      <trkpt lat="46.16229" lon="8.64167">
        <ele>509.58</ele>
        <time>2026-02-02T15:35:39.741000Z</time>
      </trkpt>
      <trkpt lat="46.16232" lon="8.64142">
        <ele>511.35</ele>
        <time>2026-02-02T15:35:43.586000Z</time>
      </trkpt>
      <trkpt lat="46.16262" lon="8.64041">
        <ele>522.91</ele>
        <time>2026-02-02T15:35:59.865000Z</time>
      </trkpt>
      <trkpt lat="46.16277" lon="8.63993">
        <ele>526.0</ele>
        <time>2026-02-02T15:36:07.344000Z</time>
      </trkpt>
      <trkpt lat="46.16287" lon="8.6396">
        <ele>534.65</ele>
        <time>2026-02-02T15:36:12.498000Z</time>
      </trkpt>
      <trkpt lat="46.16298" lon="8.63914">
        <ele>554.67</ele>
        <time>2026-02-02T15:37:03.228000Z</time>
      </trkpt>
      <trkpt lat="46.16298" lon="8.63909">
        <ele>555.4</ele>
        <time>2026-02-02T15:37:03.965000Z</time>
      </trkpt>
      <trkpt lat="46.16298" lon="8.63906">
        <ele>555.91</ele>
        <time>2026-02-02T15:37:04.495000Z</time>
      </trkpt>
      <trkpt lat="46.16296" lon="8.63898">
        <ele>557.05</ele>
        <time>2026-02-02T15:37:05.670000Z</time>
      </trkpt>
      <trkpt lat="46.16294" lon="8.63894">
        <ele>557.63</ele>
        <time>2026-02-02T15:37:06.387000Z</time>
      </trkpt>
      <trkpt lat="46.16281" lon="8.63875">
        <ele>551.07</ele>
        <time>2026-02-02T15:37:10.172000Z</time>
      </trkpt>
      <trkpt lat="46.16256" lon="8.63838">
        <ele>538.07</ele>
        <time>2026-02-02T15:37:17.698000Z</time>
      </trkpt>
      <trkpt lat="46.16246" lon="8.63816">
        <ele>534.32</ele>
        <time>2026-02-02T15:37:21.509000Z</time>
      </trkpt>
      <trkpt lat="46.16243" lon="8.63806">
        <ele>533.52</ele>
        <time>2026-02-02T15:37:23.198000Z</time>
      </trkpt>
      <trkpt lat="46.1624" lon="8.63794">
        <ele>532.63</ele>
        <time>2026-02-02T15:37:25.037000Z</time>
      </trkpt>
      <trkpt lat="46.16229" lon="8.63729">
        <ele>540.65</ele>
        <time>2026-02-02T15:37:34.690000Z</time>
      </trkpt>
      <trkpt lat="46.16226" lon="8.63698">
        <ele>552.45</ele>
        <time>2026-02-02T15:37:39.297000Z</time>
      </trkpt>
      <trkpt lat="46.16224" lon="8.63676">
        <ele>564.25</ele>
        <time>2026-02-02T15:37:42.537000Z</time>
      </trkpt>
      <trkpt lat="46.16222" lon="8.63666">
        <ele>568.7</ele>
        <time>2026-02-02T15:37:44.075000Z</time>
      </trkpt>
      <trkpt lat="46.16216" lon="8.63652">
        <ele>572.88</ele>
        <time>2026-02-02T15:37:46.582000Z</time>
      </trkpt>
      <trkpt lat="46.16212" lon="8.63647">
        <ele>574.55</ele>
        <time>2026-02-02T15:37:47.582000Z</time>
      </trkpt>
      <trkpt lat="46.16204" lon="8.63639">
        <ele>573.65</ele>
        <time>2026-02-02T15:37:49.672000Z</time>
      </trkpt>
      <trkpt lat="46.16162" lon="8.63613">
        <ele>554.04</ele>
        <time>2026-02-02T15:37:59.390000Z</time>
      </trkpt>
      <trkpt lat="46.16137" lon="8.63591">
        <ele>541.12</ele>
        <time>2026-02-02T15:38:05.789000Z</time>
      </trkpt>
      <trkpt lat="46.16133" lon="8.63588">
        <ele>539.22</ele>
        <time>2026-02-02T15:38:06.744000Z</time>
      </trkpt>
      <trkpt lat="46.16113" lon="8.63581">
        <ele>530.41</ele>
        <time>2026-02-02T15:38:11.234000Z</time>
      </trkpt>
      <trkpt lat="46.16108" lon="8.63578">
        <ele>530.03</ele>
        <time>2026-02-02T15:38:12.319000Z</time>
      </trkpt>
      <trkpt lat="46.16101" lon="8.63571">
        <ele>529.38</ele>
        <time>2026-02-02T15:38:14.138000Z</time>
      </trkpt>
      <trkpt lat="46.16098" lon="8.63567">
        <ele>529.05</ele>
        <time>2026-02-02T15:38:15.024000Z</time>
      </trkpt>
      <trkpt lat="46.16091" lon="8.63554">
        <ele>528.23</ele>
        <time>2026-02-02T15:38:17.469000Z</time>
      </trkpt>
      <trkpt lat="46.16076" lon="8.63521">
        <ele>520.5</ele>
        <time>2026-02-02T15:38:23.420000Z</time>
      </trkpt>
      <trkpt lat="46.16067" lon="8.63477">
        <ele>511.92</ele>
        <time>2026-02-02T15:38:30.140000Z</time>
      </trkpt>
      <trkpt lat="46.16064" lon="8.63464">
        <ele>507.33</ele>
        <time>2026-02-02T15:38:32.201000Z</time>
      </trkpt>
      <trkpt lat="46.16062" lon="8.63444">
        <ele>500.89</ele>
        <time>2026-02-02T15:38:35.087000Z</time>
      </trkpt>
      <trkpt lat="46.16062" lon="8.63433">
        <ele>497.25</ele>
        <time>2026-02-02T15:38:36.708000Z</time>
      </trkpt>
      <trkpt lat="46.16066" lon="8.63412">
        <ele>490.05</ele>
        <time>2026-02-02T15:38:39.943000Z</time>
      </trkpt>
      <trkpt lat="46.16075" lon="8.63379">
        <ele>484.76</ele>
        <time>2026-02-02T15:38:45.047000Z</time>
      </trkpt>
      <trkpt lat="46.16078" lon="8.63371">
        <ele>485.2</ele>
        <time>2026-02-02T15:38:46.395000Z</time>
      </trkpt>
      <trkpt lat="46.16087" lon="8.63353">
        <ele>486.22</ele>
        <time>2026-02-02T15:38:49.533000Z</time>
      </trkpt>
      <trkpt lat="46.16099" lon="8.63331">
        <ele>487.52</ele>
        <time>2026-02-02T15:38:53.601000Z</time>
      </trkpt>
      <trkpt lat="46.16102" lon="8.63321">
        <ele>491.5</ele>
        <time>2026-02-02T15:39:05.239000Z</time>
      </trkpt>
      <trkpt lat="46.16116" lon="8.63255">
        <ele>516.12</ele>
        <time>2026-02-02T15:40:15.558000Z</time>
      </trkpt>
      <trkpt lat="46.16117" lon="8.63247">
        <ele>518.97</ele>
        <time>2026-02-02T15:40:23.703000Z</time>
      </trkpt>
      <trkpt lat="46.16116" lon="8.63242">
        <ele>520.94</ele>
        <time>2026-02-02T15:40:29.292000Z</time>
      </trkpt>
      <trkpt lat="46.16115" lon="8.63237">
        <ele>520.51</ele>
        <time>2026-02-02T15:40:29.926000Z</time>
      </trkpt>
      <trkpt lat="46.16112" lon="8.63231">
        <ele>519.77</ele>
        <time>2026-02-02T15:40:31.028000Z</time>
      </trkpt>
      <trkpt lat="46.16104" lon="8.63225">
        <ele>518.69</ele>
        <time>2026-02-02T15:40:32.796000Z</time>
      </trkpt>
      <trkpt lat="46.16093" lon="8.63218">
        <ele>513.77</ele>
        <time>2026-02-02T15:40:35.506000Z</time>
      </trkpt>
      <trkpt lat="46.16084" lon="8.63212">
        <ele>511.91</ele>
        <time>2026-02-02T15:40:37.800000Z</time>
      </trkpt>
      <trkpt lat="46.16078" lon="8.63205">
        <ele>510.18</ele>
        <time>2026-02-02T15:40:39.946000Z</time>
      </trkpt>
      <trkpt lat="46.16075" lon="8.632">
        <ele>509.24</ele>
        <time>2026-02-02T15:40:41.088000Z</time>
      </trkpt>
      <trkpt lat="46.16072" lon="8.63193">
        <ele>508.15</ele>
        <time>2026-02-02T15:40:42.441000Z</time>
      </trkpt>
      <trkpt lat="46.1607" lon="8.63183">
        <ele>506.99</ele>
        <time>2026-02-02T15:40:44.339000Z</time>
      </trkpt>
      <trkpt lat="46.1607" lon="8.63172">
        <ele>508.74</ele>
        <time>2026-02-02T15:40:46.172000Z</time>
      </trkpt>
      <trkpt lat="46.16071" lon="8.63165">
        <ele>510.03</ele>
        <time>2026-02-02T15:40:47.522000Z</time>
      </trkpt>
      <trkpt lat="46.16084" lon="8.6312">
        <ele>517.97</ele>
        <time>2026-02-02T15:40:55.998000Z</time>
      </trkpt>
      <trkpt lat="46.16086" lon="8.63109">
        <ele>518.03</ele>
        <time>2026-02-02T15:40:57.787000Z</time>
      </trkpt>
      <trkpt lat="46.16087" lon="8.63101">
        <ele>518.07</ele>
        <time>2026-02-02T15:40:59.100000Z</time>
      </trkpt>
      <trkpt lat="46.16086" lon="8.63083">
        <ele>518.16</ele>
        <time>2026-02-02T15:41:01.734000Z</time>
      </trkpt>
      <trkpt lat="46.16079" lon="8.63039">
        <ele>512.35</ele>
        <time>2026-02-02T15:41:08.139000Z</time>
      </trkpt>
      <trkpt lat="46.16076" lon="8.63014">
        <ele>510.41</ele>
        <time>2026-02-02T15:41:13.147000Z</time>
      </trkpt>
      <trkpt lat="46.16076" lon="8.63004">
        <ele>509.63</ele>
        <time>2026-02-02T15:41:15.160000Z</time>
      </trkpt>
      <trkpt lat="46.16085" lon="8.62949">
        <ele>505.27</ele>
        <time>2026-02-02T15:41:25.924000Z</time>
      </trkpt>
      <trkpt lat="46.16086" lon="8.62943">
        <ele>504.96</ele>
        <time>2026-02-02T15:41:27.131000Z</time>
      </trkpt>
      <trkpt lat="46.16091" lon="8.62937">
        <ele>504.58</ele>
        <time>2026-02-02T15:41:28.980000Z</time>
      </trkpt>
      <trkpt lat="46.16104" lon="8.62929">
        <ele>507.94</ele>
        <time>2026-02-02T15:41:33.167000Z</time>
      </trkpt>
      <trkpt lat="46.16106" lon="8.62926">
        <ele>508.74</ele>
        <time>2026-02-02T15:41:34.207000Z</time>
      </trkpt>
      <trkpt lat="46.16111" lon="8.62917">
        <ele>510.57</ele>
        <time>2026-02-02T15:41:36.486000Z</time>
      </trkpt>
      <trkpt lat="46.16118" lon="8.62892">
        <ele>514.98</ele>
        <time>2026-02-02T15:41:42.017000Z</time>
      </trkpt>
      <trkpt lat="46.16122" lon="8.62882">
        <ele>518.15</ele>
        <time>2026-02-02T15:41:44.494000Z</time>
      </trkpt>
      <trkpt lat="46.16127" lon="8.62875">
        <ele>522.79</ele>
        <time>2026-02-02T15:41:46.480000Z</time>
      </trkpt>
      <trkpt lat="46.1614" lon="8.62866">
        <ele>533.11</ele>
        <time>2026-02-02T15:41:50.909000Z</time>
      </trkpt>
      <trkpt lat="46.16148" lon="8.62859">
        <ele>539.34</ele>
        <time>2026-02-02T15:41:53.599000Z</time>
      </trkpt>
      <trkpt lat="46.16152" lon="8.62851">
        <ele>544.16</ele>
        <time>2026-02-02T15:41:55.646000Z</time>
      </trkpt>
      <trkpt lat="46.16155" lon="8.62842">
        <ele>547.83</ele>
        <time>2026-02-02T15:41:57.719000Z</time>
      </trkpt>
      <trkpt lat="46.16155" lon="8.62834">
        <ele>547.33</ele>
        <time>2026-02-02T15:41:59.313000Z</time>
      </trkpt>
      <trkpt lat="46.16155" lon="8.6283">
        <ele>547.04</ele>
        <time>2026-02-02T15:42:00.233000Z</time>
      </trkpt>
      <trkpt lat="46.16152" lon="8.62822">
        <ele>546.52</ele>
        <time>2026-02-02T15:42:02.044000Z</time>
      </trkpt>
      <trkpt lat="46.16147" lon="8.62816">
        <ele>543.17</ele>
        <time>2026-02-02T15:42:03.750000Z</time>
      </trkpt>
      <trkpt lat="46.16137" lon="8.62807">
        <ele>536.15</ele>
        <time>2026-02-02T15:42:07.436000Z</time>
      </trkpt>
      <trkpt lat="46.16132" lon="8.628">
        <ele>536.13</ele>
        <time>2026-02-02T15:42:09.506000Z</time>
      </trkpt>
      <trkpt lat="46.1613" lon="8.62789">
        <ele>536.1</ele>
        <time>2026-02-02T15:42:11.723000Z</time>
      </trkpt>
      <trkpt lat="46.16127" lon="8.62707">
        <ele>558.71</ele>
        <time>2026-02-02T15:43:30.023000Z</time>
      </trkpt>
      <trkpt lat="46.16126" lon="8.62701">
        <ele>559.41</ele>
        <time>2026-02-02T15:43:35.905000Z</time>
      </trkpt>
      <trkpt lat="46.16123" lon="8.62688">
        <ele>560.96</ele>
        <time>2026-02-02T15:43:48.849000Z</time>
      </trkpt>
      <trkpt lat="46.16117" lon="8.62671">
        <ele>563.19</ele>
        <time>2026-02-02T15:44:07.637000Z</time>
      </trkpt>
      <trkpt lat="46.16114" lon="8.62661">
        <ele>564.44</ele>
        <time>2026-02-02T15:44:18.037000Z</time>
      </trkpt>
      <trkpt lat="46.16113" lon="8.62655">
        <ele>565.08</ele>
        <time>2026-02-02T15:44:23.413000Z</time>
      </trkpt>
      <trkpt lat="46.16111" lon="8.62618">
        <ele>569.26</ele>
        <time>2026-02-02T15:44:58.516000Z</time>
      </trkpt>
      <trkpt lat="46.1611" lon="8.62607">
        <ele>570.52</ele>
        <time>2026-02-02T15:45:09.109000Z</time>
      </trkpt>
      <trkpt lat="46.16104" lon="8.62587">
        <ele>572.97</ele>
        <time>2026-02-02T15:45:29.718000Z</time>
      </trkpt>
      <trkpt lat="46.161" lon="8.62576">
        <ele>574.25</ele>
        <time>2026-02-02T15:45:42.317000Z</time>
      </trkpt>
      <trkpt lat="46.16079" lon="8.62545">
        <ele>579.07</ele>
        <time>2026-02-02T15:46:22.374000Z</time>
      </trkpt>
      <trkpt lat="46.16071" lon="8.62532">
        <ele>583.89</ele>
        <time>2026-02-02T15:46:38.932000Z</time>
      </trkpt>
      <trkpt lat="46.16056" lon="8.6251">
        <ele>589.66</ele>
        <time>2026-02-02T15:46:43.781000Z</time>
      </trkpt>
      <trkpt lat="46.1605" lon="8.62505">
        <ele>591.32</ele>
        <time>2026-02-02T15:46:45.240000Z</time>
      </trkpt>
      <trkpt lat="46.16047" lon="8.62504">
        <ele>590.94</ele>
        <time>2026-02-02T15:46:46.019000Z</time>
      </trkpt>
      <trkpt lat="46.16026" lon="8.62504">
        <ele>588.73</ele>
        <time>2026-02-02T15:46:50.659000Z</time>
      </trkpt>
      <trkpt lat="46.16016" lon="8.62503">
        <ele>587.58</ele>
        <time>2026-02-02T15:46:53.053000Z</time>
      </trkpt>
      <trkpt lat="46.1601" lon="8.625">
        <ele>586.96</ele>
        <time>2026-02-02T15:46:54.345000Z</time>
      </trkpt>
      <trkpt lat="46.15998" lon="8.6249">
        <ele>585.58</ele>
        <time>2026-02-02T15:46:57.544000Z</time>
      </trkpt>
      <trkpt lat="46.15993" lon="8.62487">
        <ele>584.29</ele>
        <time>2026-02-02T15:46:58.634000Z</time>
      </trkpt>
      <trkpt lat="46.1599" lon="8.62487">
        <ele>583.54</ele>
        <time>2026-02-02T15:46:59.279000Z</time>
      </trkpt>
      <trkpt lat="46.15976" lon="8.62488">
        <ele>580.33</ele>
        <time>2026-02-02T15:47:02.120000Z</time>
      </trkpt>
      <trkpt lat="46.15963" lon="8.6249">
        <ele>576.11</ele>
        <time>2026-02-02T15:47:04.902000Z</time>
      </trkpt>
      <trkpt lat="46.15956" lon="8.62489">
        <ele>575.23</ele>
        <time>2026-02-02T15:47:06.343000Z</time>
      </trkpt>
      <trkpt lat="46.1595" lon="8.62486">
        <ele>574.4</ele>
        <time>2026-02-02T15:47:07.684000Z</time>
      </trkpt>
      <trkpt lat="46.15944" lon="8.62483">
        <ele>573.63</ele>
        <time>2026-02-02T15:47:08.931000Z</time>
      </trkpt>
      <trkpt lat="46.15935" lon="8.62477">
        <ele>572.41</ele>
        <time>2026-02-02T15:47:10.893000Z</time>
      </trkpt>
      <trkpt lat="46.15886" lon="8.62428">
        <ele>561.21</ele>
        <time>2026-02-02T15:47:23.237000Z</time>
      </trkpt>
      <trkpt lat="46.15882" lon="8.62421">
        <ele>559.82</ele>
        <time>2026-02-02T15:47:24.438000Z</time>
      </trkpt>
      <trkpt lat="46.1588" lon="8.62413">
        <ele>558.37</ele>
        <time>2026-02-02T15:47:25.677000Z</time>
      </trkpt>
      <trkpt lat="46.15882" lon="8.62401">
        <ele>556.34</ele>
        <time>2026-02-02T15:47:27.420000Z</time>
      </trkpt>
      <trkpt lat="46.15885" lon="8.62387">
        <ele>556.14</ele>
        <time>2026-02-02T15:47:29.545000Z</time>
      </trkpt>
      <trkpt lat="46.15893" lon="8.62366">
        <ele>560.28</ele>
        <time>2026-02-02T15:47:53.449000Z</time>
      </trkpt>
      <trkpt lat="46.15906" lon="8.62338">
        <ele>569.19</ele>
        <time>2026-02-02T15:48:26.460000Z</time>
      </trkpt>
      <trkpt lat="46.15926" lon="8.62313">
        <ele>572.59</ele>
        <time>2026-02-02T15:49:02.498000Z</time>
      </trkpt>
      <trkpt lat="46.1593" lon="8.62303">
        <ele>576.15</ele>
        <time>2026-02-02T15:49:14.136000Z</time>
      </trkpt>
      <trkpt lat="46.15931" lon="8.62294">
        <ele>578.42</ele>
        <time>2026-02-02T15:49:22.429000Z</time>
      </trkpt>
      <trkpt lat="46.1593" lon="8.62288">
        <ele>580.0</ele>
        <time>2026-02-02T15:49:28.351000Z</time>
      </trkpt>
      <trkpt lat="46.15929" lon="8.62284">
        <ele>580.66</ele>
        <time>2026-02-02T15:49:29.030000Z</time>
      </trkpt>
      <trkpt lat="46.1592" lon="8.62274">
        <ele>580.79</ele>
        <time>2026-02-02T15:49:31.425000Z</time>
      </trkpt>
      <trkpt lat="46.15909" lon="8.62264">
        <ele>580.91</ele>
        <time>2026-02-02T15:49:34.489000Z</time>
      </trkpt>
      <trkpt lat="46.15878" lon="8.62248">
        <ele>579.77</ele>
        <time>2026-02-02T15:49:41.790000Z</time>
      </trkpt>
      <trkpt lat="46.15868" lon="8.62243">
        <ele>579.4</ele>
        <time>2026-02-02T15:49:44.125000Z</time>
      </trkpt>
      <trkpt lat="46.15849" lon="8.62229">
        <ele>578.66</ele>
        <time>2026-02-02T15:49:48.861000Z</time>
      </trkpt>
      <trkpt lat="46.15828" lon="8.62213">
        <ele>575.0</ele>
        <time>2026-02-02T15:49:54.273000Z</time>
      </trkpt>
      <trkpt lat="46.15818" lon="8.62204">
        <ele>573.16</ele>
        <time>2026-02-02T15:49:57.002000Z</time>
      </trkpt>
      <trkpt lat="46.15814" lon="8.62199">
        <ele>572.27</ele>
        <time>2026-02-02T15:49:58.323000Z</time>
      </trkpt>
      <trkpt lat="46.15808" lon="8.62191">
        <ele>570.98</ele>
        <time>2026-02-02T15:50:00.232000Z</time>
      </trkpt>
      <trkpt lat="46.15797" lon="8.62169">
        <ele>568.01</ele>
        <time>2026-02-02T15:50:04.628000Z</time>
      </trkpt>
      <trkpt lat="46.15769" lon="8.62121">
        <ele>554.75</ele>
        <time>2026-02-02T15:50:14.623000Z</time>
      </trkpt>
      <trkpt lat="46.15764" lon="8.62114">
        <ele>550.83</ele>
        <time>2026-02-02T15:50:16.232000Z</time>
      </trkpt>
      <trkpt lat="46.15746" lon="8.62097">
        <ele>538.6</ele>
        <time>2026-02-02T15:50:21.359000Z</time>
      </trkpt>
      <trkpt lat="46.15742" lon="8.62086">
        <ele>536.41</ele>
        <time>2026-02-02T15:50:23.276000Z</time>
      </trkpt>
      <trkpt lat="46.15741" lon="8.62073">
        <ele>534.03</ele>
        <time>2026-02-02T15:50:25.365000Z</time>
      </trkpt>
      <trkpt lat="46.15742" lon="8.62061">
        <ele>532.11</ele>
        <time>2026-02-02T15:50:27.288000Z</time>
      </trkpt>
      <trkpt lat="46.15753" lon="8.62016">
        <ele>541.41</ele>
        <time>2026-02-02T15:50:34.977000Z</time>
      </trkpt>
      <trkpt lat="46.15778" lon="8.61913">
        <ele>548.79</ele>
        <time>2026-02-02T15:50:51.998000Z</time>
      </trkpt>
      <trkpt lat="46.15784" lon="8.6188">
        <ele>555.12</ele>
        <time>2026-02-02T15:50:57.378000Z</time>
      </trkpt>
      <trkpt lat="46.15789" lon="8.61822">
        <ele>560.7</ele>
        <time>2026-02-02T15:51:06.456000Z</time>
      </trkpt>
      <trkpt lat="46.1579" lon="8.61777">
        <ele>565.02</ele>
        <time>2026-02-02T15:51:13.489000Z</time>
      </trkpt>
      <trkpt lat="46.15791" lon="8.61767">
        <ele>566.04</ele>
        <time>2026-02-02T15:51:15.149000Z</time>
      </trkpt>
      <trkpt lat="46.15795" lon="8.61753">
        <ele>567.45</ele>
        <time>2026-02-02T15:51:17.441000Z</time>
      </trkpt>
      <trkpt lat="46.15796" lon="8.61745">
        <ele>568.2</ele>
        <time>2026-02-02T15:51:18.677000Z</time>
      </trkpt>
      <trkpt lat="46.15791" lon="8.61721">
        <ele>571.28</ele>
        <time>2026-02-02T15:51:22.672000Z</time>
      </trkpt>
      <trkpt lat="46.15793" lon="8.61679">
        <ele>582.91</ele>
        <time>2026-02-02T15:51:29.155000Z</time>
      </trkpt>
      <trkpt lat="46.15793" lon="8.61674">
        <ele>584.21</ele>
        <time>2026-02-02T15:51:29.917000Z</time>
      </trkpt>
      <trkpt lat="46.1579" lon="8.61668">
        <ele>582.86</ele>
        <time>2026-02-02T15:51:31.096000Z</time>
      </trkpt>
      <trkpt lat="46.15775" lon="8.61649">
        <ele>577.66</ele>
        <time>2026-02-02T15:51:35.569000Z</time>
      </trkpt>
      <trkpt lat="46.15772" lon="8.61638">
        <ele>578.14</ele>
        <time>2026-02-02T15:51:37.537000Z</time>
      </trkpt>
      <trkpt lat="46.15767" lon="8.61616">
        <ele>581.39</ele>
        <time>2026-02-02T15:51:41.058000Z</time>
      </trkpt>
      <trkpt lat="46.15762" lon="8.61599">
        <ele>584.03</ele>
        <time>2026-02-02T15:51:43.916000Z</time>
      </trkpt>
      <trkpt lat="46.15759" lon="8.61593">
        <ele>585.08</ele>
        <time>2026-02-02T15:51:45.111000Z</time>
      </trkpt>
      <trkpt lat="46.15751" lon="8.6158">
        <ele>582.33</ele>
        <time>2026-02-02T15:51:47.864000Z</time>
      </trkpt>
      <trkpt lat="46.15735" lon="8.61557">
        <ele>577.29</ele>
        <time>2026-02-02T15:51:52.930000Z</time>
      </trkpt>
      <trkpt lat="46.15728" lon="8.61541">
        <ele>575.35</ele>
        <time>2026-02-02T15:51:55.862000Z</time>
      </trkpt>
      <trkpt lat="46.15726" lon="8.61529">
        <ele>575.66</ele>
        <time>2026-02-02T15:51:57.857000Z</time>
      </trkpt>
      <trkpt lat="46.15723" lon="8.6151">
        <ele>576.15</ele>
        <time>2026-02-02T15:52:00.829000Z</time>
      </trkpt>
      <trkpt lat="46.15721" lon="8.615">
        <ele>576.42</ele>
        <time>2026-02-02T15:52:02.572000Z</time>
      </trkpt>
      <trkpt lat="46.15708" lon="8.6146">
        <ele>573.04</ele>
        <time>2026-02-02T15:52:09.354000Z</time>
      </trkpt>
      <trkpt lat="46.15703" lon="8.61428">
        <ele>568.97</ele>
        <time>2026-02-02T15:52:14.602000Z</time>
      </trkpt>
      <trkpt lat="46.15698" lon="8.61412">
        <ele>566.94</ele>
        <time>2026-02-02T15:52:17.208000Z</time>
      </trkpt>
      <trkpt lat="46.15691" lon="8.61394">
        <ele>564.49</ele>
        <time>2026-02-02T15:52:20.459000Z</time>
      </trkpt>
      <trkpt lat="46.15685" lon="8.61377">
        <ele>566.79</ele>
        <time>2026-02-02T15:52:23.600000Z</time>
      </trkpt>
      <trkpt lat="46.15683" lon="8.61369">
        <ele>567.79</ele>
        <time>2026-02-02T15:52:24.944000Z</time>
      </trkpt>
      <trkpt lat="46.15682" lon="8.61363">
        <ele>568.54</ele>
        <time>2026-02-02T15:52:25.952000Z</time>
      </trkpt>
      <trkpt lat="46.15682" lon="8.61355">
        <ele>571.1</ele>
        <time>2026-02-02T15:52:27.208000Z</time>
      </trkpt>
      <trkpt lat="46.15685" lon="8.61333">
        <ele>578.73</ele>
        <time>2026-02-02T15:52:30.777000Z</time>
      </trkpt>
      <trkpt lat="46.15693" lon="8.61296">
        <ele>595.57</ele>
        <time>2026-02-02T15:52:37.209000Z</time>
      </trkpt>
      <trkpt lat="46.15694" lon="8.6129">
        <ele>598.28</ele>
        <time>2026-02-02T15:52:38.299000Z</time>
      </trkpt>
      <trkpt lat="46.15691" lon="8.6128">
        <ele>601.4</ele>
        <time>2026-02-02T15:52:40.037000Z</time>
      </trkpt>
      <trkpt lat="46.15682" lon="8.61257">
        <ele>608.99</ele>
        <time>2026-02-02T15:52:44.284000Z</time>
      </trkpt>
      <trkpt lat="46.15682" lon="8.61243">
        <ele>613.28</ele>
        <time>2026-02-02T15:52:46.680000Z</time>
      </trkpt>
      <trkpt lat="46.15684" lon="8.61216">
        <ele>621.21</ele>
        <time>2026-02-02T15:52:51.134000Z</time>
      </trkpt>
      <trkpt lat="46.15684" lon="8.6121">
        <ele>623.04</ele>
        <time>2026-02-02T15:52:52.160000Z</time>
      </trkpt>
      <trkpt lat="46.15681" lon="8.61201">
        <ele>625.03</ele>
        <time>2026-02-02T15:52:53.822000Z</time>
      </trkpt>
      <trkpt lat="46.15677" lon="8.61196">
        <ele>623.73</ele>
        <time>2026-02-02T15:52:55.045000Z</time>
      </trkpt>
      <trkpt lat="46.15673" lon="8.61192">
        <ele>622.62</ele>
        <time>2026-02-02T15:52:56.071000Z</time>
      </trkpt>
      <trkpt lat="46.15667" lon="8.61189">
        <ele>620.88</ele>
        <time>2026-02-02T15:52:57.710000Z</time>
      </trkpt>
      <trkpt lat="46.1566" lon="8.61188">
        <ele>618.66</ele>
        <time>2026-02-02T15:52:59.336000Z</time>
      </trkpt>
      <trkpt lat="46.15647" lon="8.61189">
        <ele>613.29</ele>
        <time>2026-02-02T15:53:02.361000Z</time>
      </trkpt>
      <trkpt lat="46.1563" lon="8.61195">
        <ele>605.77</ele>
        <time>2026-02-02T15:53:06.603000Z</time>
      </trkpt>
      <trkpt lat="46.15623" lon="8.61196">
        <ele>602.73</ele>
        <time>2026-02-02T15:53:08.306000Z</time>
      </trkpt>
      <trkpt lat="46.1556" lon="8.61198">
        <ele>575.95</ele>
        <time>2026-02-02T15:53:23.370000Z</time>
      </trkpt>
      <trkpt lat="46.15552" lon="8.61196">
        <ele>572.86</ele>
        <time>2026-02-02T15:53:25.112000Z</time>
      </trkpt>
      <trkpt lat="46.15548" lon="8.61192">
        <ele>570.54</ele>
        <time>2026-02-02T15:53:26.407000Z</time>
      </trkpt>
      <trkpt lat="46.15545" lon="8.61187">
        <ele>568.91</ele>
        <time>2026-02-02T15:53:27.328000Z</time>
      </trkpt>
      <trkpt lat="46.15541" lon="8.61176">
        <ele>568.16</ele>
        <time>2026-02-02T15:53:29.500000Z</time>
      </trkpt>
      <trkpt lat="46.1554" lon="8.61167">
        <ele>568.57</ele>
        <time>2026-02-02T15:53:30.976000Z</time>
      </trkpt>
      <trkpt lat="46.15542" lon="8.61148">
        <ele>571.12</ele>
        <time>2026-02-02T15:53:34.180000Z</time>
      </trkpt>
      <trkpt lat="46.15548" lon="8.611">
        <ele>575.23</ele>
        <time>2026-02-02T15:53:42.511000Z</time>
      </trkpt>
      <trkpt lat="46.15549" lon="8.61066">
        <ele>578.13</ele>
        <time>2026-02-02T15:53:48.370000Z</time>
      </trkpt>
      <trkpt lat="46.15549" lon="8.61045">
        <ele>579.89</ele>
        <time>2026-02-02T15:53:51.935000Z</time>
      </trkpt>
      <trkpt lat="46.15548" lon="8.6104">
        <ele>580.28</ele>
        <time>2026-02-02T15:53:52.858000Z</time>
      </trkpt>
      <trkpt lat="46.15544" lon="8.6103">
        <ele>579.16</ele>
        <time>2026-02-02T15:53:54.886000Z</time>
      </trkpt>
      <trkpt lat="46.15531" lon="8.61014">
        <ele>576.83</ele>
        <time>2026-02-02T15:53:59.196000Z</time>
      </trkpt>
      <trkpt lat="46.15518" lon="8.60996">
        <ele>575.16</ele>
        <time>2026-02-02T15:54:02.705000Z</time>
      </trkpt>
      <trkpt lat="46.15511" lon="8.60979">
        <ele>573.9</ele>
        <time>2026-02-02T15:54:05.466000Z</time>
      </trkpt>
      <trkpt lat="46.15498" lon="8.60942">
        <ele>570.88</ele>
        <time>2026-02-02T15:54:11.390000Z</time>
      </trkpt>
      <trkpt lat="46.15492" lon="8.60925">
        <ele>568.99</ele>
        <time>2026-02-02T15:54:14.111000Z</time>
      </trkpt>
      <trkpt lat="46.1549" lon="8.60919">
        <ele>567.92</ele>
        <time>2026-02-02T15:54:15.053000Z</time>
      </trkpt>
      <trkpt lat="46.15485" lon="8.60908">
        <ele>566.87</ele>
        <time>2026-02-02T15:54:16.755000Z</time>
      </trkpt>
      <trkpt lat="46.15481" lon="8.60895">
        <ele>565.62</ele>
        <time>2026-02-02T15:54:18.766000Z</time>
      </trkpt>
      <trkpt lat="46.15477" lon="8.60879">
        <ele>565.45</ele>
        <time>2026-02-02T15:54:21.242000Z</time>
      </trkpt>
      <trkpt lat="46.15475" lon="8.60868">
        <ele>565.34</ele>
        <time>2026-02-02T15:54:22.804000Z</time>
      </trkpt>
      <trkpt lat="46.15477" lon="8.60859">
        <ele>565.25</ele>
        <time>2026-02-02T15:54:24.139000Z</time>
      </trkpt>
      <trkpt lat="46.15484" lon="8.60842">
        <ele>565.04</ele>
        <time>2026-02-02T15:54:27.053000Z</time>
      </trkpt>
      <trkpt lat="46.15485" lon="8.60837">
        <ele>565.01</ele>
        <time>2026-02-02T15:54:27.699000Z</time>
      </trkpt>
      <trkpt lat="46.15484" lon="8.60829">
        <ele>564.97</ele>
        <time>2026-02-02T15:54:28.930000Z</time>
      </trkpt>
      <trkpt lat="46.1546" lon="8.60761">
        <ele>554.3</ele>
        <time>2026-02-02T15:54:39.922000Z</time>
      </trkpt>
      <trkpt lat="46.15458" lon="8.60753">
        <ele>553.17</ele>
        <time>2026-02-02T15:54:41.086000Z</time>
      </trkpt>
      <trkpt lat="46.15458" lon="8.60743">
        <ele>551.86</ele>
        <time>2026-02-02T15:54:42.445000Z</time>
      </trkpt>
      <trkpt lat="46.15459" lon="8.6074">
        <ele>551.62</ele>
        <time>2026-02-02T15:54:42.961000Z</time>
      </trkpt>
      <trkpt lat="46.15462" lon="8.60731">
        <ele>554.38</ele>
        <time>2026-02-02T15:54:44.485000Z</time>
      </trkpt>
      <trkpt lat="46.15467" lon="8.60724">
        <ele>556.71</ele>
        <time>2026-02-02T15:54:45.770000Z</time>
      </trkpt>
      <trkpt lat="46.15477" lon="8.60718">
        <ele>560.74</ele>
        <time>2026-02-02T15:54:47.982000Z</time>
      </trkpt>
      <trkpt lat="46.15494" lon="8.60711">
        <ele>567.42</ele>
        <time>2026-02-02T15:54:51.658000Z</time>
      </trkpt>
      <trkpt lat="46.15497" lon="8.60708">
        <ele>568.89</ele>
        <time>2026-02-02T15:54:52.465000Z</time>
      </trkpt>
      <trkpt lat="46.155" lon="8.60705">
        <ele>570.19</ele>
        <time>2026-02-02T15:54:53.190000Z</time>
      </trkpt>
      <trkpt lat="46.15502" lon="8.607">
        <ele>571.52</ele>
        <time>2026-02-02T15:54:53.926000Z</time>
      </trkpt>
      <trkpt lat="46.15502" lon="8.60692">
        <ele>573.76</ele>
        <time>2026-02-02T15:54:55.153000Z</time>
      </trkpt>
      <trkpt lat="46.15502" lon="8.60687">
        <ele>574.97</ele>
        <time>2026-02-02T15:54:55.816000Z</time>
      </trkpt>
      <trkpt lat="46.15499" lon="8.60676">
        <ele>572.16</ele>
        <time>2026-02-02T15:54:57.566000Z</time>
      </trkpt>
      <trkpt lat="46.15495" lon="8.60668">
        <ele>570.57</ele>
        <time>2026-02-02T15:54:58.942000Z</time>
      </trkpt>
      <trkpt lat="46.15447" lon="8.60583">
        <ele>552.16</ele>
        <time>2026-02-02T15:55:14.596000Z</time>
      </trkpt>
      <trkpt lat="46.15443" lon="8.60575">
        <ele>550.49</ele>
        <time>2026-02-02T15:55:16.044000Z</time>
      </trkpt>
      <trkpt lat="46.15434" lon="8.60546">
        <ele>548.37</ele>
        <time>2026-02-02T15:55:20.522000Z</time>
      </trkpt>
      <trkpt lat="46.15428" lon="8.60525">
        <ele>546.83</ele>
        <time>2026-02-02T15:55:23.755000Z</time>
      </trkpt>
      <trkpt lat="46.15422" lon="8.60496">
        <ele>544.77</ele>
        <time>2026-02-02T15:55:28.116000Z</time>
      </trkpt>
      <trkpt lat="46.15416" lon="8.60472">
        <ele>542.89</ele>
        <time>2026-02-02T15:55:31.755000Z</time>
      </trkpt>
      <trkpt lat="46.15412" lon="8.60446">
        <ele>540.95</ele>
        <time>2026-02-02T15:55:35.511000Z</time>
      </trkpt>
      <trkpt lat="46.15412" lon="8.60434">
        <ele>539.89</ele>
        <time>2026-02-02T15:55:37.146000Z</time>
      </trkpt>
      <trkpt lat="46.15415" lon="8.6042">
        <ele>538.6</ele>
        <time>2026-02-02T15:55:39.176000Z</time>
      </trkpt>
      <trkpt lat="46.1542" lon="8.60407">
        <ele>537.19</ele>
        <time>2026-02-02T15:55:41.281000Z</time>
      </trkpt>
      <trkpt lat="46.15429" lon="8.60395">
        <ele>535.53</ele>
        <time>2026-02-02T15:55:43.793000Z</time>
      </trkpt>
      <trkpt lat="46.1543" lon="8.60394">
        <ele>535.38</ele>
        <time>2026-02-02T15:55:44.025000Z</time>
      </trkpt>
      <trkpt lat="46.15432" lon="8.60392">
        <ele>535.92</ele>
        <time>2026-02-02T15:55:44.597000Z</time>
      </trkpt>
      <trkpt lat="46.1543" lon="8.60394">
        <ele>535.38</ele>
        <time>2026-02-02T15:55:45.107000Z</time>
      </trkpt>
      <trkpt lat="46.15444" lon="8.60385">
        <ele>536.48</ele>
        <time>2026-02-02T15:55:48.881000Z</time>
      </trkpt>
      <trkpt lat="46.1545" lon="8.60376">
        <ele>537.64</ele>
        <time>2026-02-02T15:55:54.841000Z</time>
      </trkpt>
      <trkpt lat="46.15453" lon="8.60368">
        <ele>538.04</ele>
        <time>2026-02-02T15:55:56.232000Z</time>
      </trkpt>
      <trkpt lat="46.15455" lon="8.60356">
        <ele>538.04</ele>
        <time>2026-02-02T15:55:58.127000Z</time>
      </trkpt>
      <trkpt lat="46.1546" lon="8.60338">
        <ele>539.17</ele>
        <time>2026-02-02T15:56:01.522000Z</time>
      </trkpt>
      <trkpt lat="46.15483" lon="8.60248">
        <ele>544.66</ele>
        <time>2026-02-02T15:56:20.048000Z</time>
      </trkpt>
      <trkpt lat="46.15484" lon="8.60238">
        <ele>545.26</ele>
        <time>2026-02-02T15:56:21.999000Z</time>
      </trkpt>
      <trkpt lat="46.15483" lon="8.60227">
        <ele>545.89</ele>
        <time>2026-02-02T15:56:24.073000Z</time>
      </trkpt>
      <trkpt lat="46.1548" lon="8.60221">
        <ele>545.85</ele>
        <time>2026-02-02T15:56:25.212000Z</time>
      </trkpt>
      <trkpt lat="46.15478" lon="8.60218">
        <ele>545.83</ele>
        <time>2026-02-02T15:56:25.761000Z</time>
      </trkpt>
      <trkpt lat="46.15474" lon="8.60212">
        <ele>544.94</ele>
        <time>2026-02-02T15:56:27.065000Z</time>
      </trkpt>
      <trkpt lat="46.15469" lon="8.60209">
        <ele>544.23</ele>
        <time>2026-02-02T15:56:28.160000Z</time>
      </trkpt>
      <trkpt lat="46.1546" lon="8.60206">
        <ele>541.8</ele>
        <time>2026-02-02T15:56:30.053000Z</time>
      </trkpt>
      <trkpt lat="46.15449" lon="8.60201">
        <ele>538.86</ele>
        <time>2026-02-02T15:56:32.508000Z</time>
      </trkpt>
      <trkpt lat="46.15439" lon="8.60193">
        <ele>538.23</ele>
        <time>2026-02-02T15:56:34.675000Z</time>
      </trkpt>
      <trkpt lat="46.15433" lon="8.60183">
        <ele>537.66</ele>
        <time>2026-02-02T15:56:36.649000Z</time>
      </trkpt>
      <trkpt lat="46.1543" lon="8.60175">
        <ele>538.66</ele>
        <time>2026-02-02T15:56:44.717000Z</time>
      </trkpt>
      <trkpt lat="46.15428" lon="8.60166">
        <ele>539.89</ele>
        <time>2026-02-02T15:56:54.425000Z</time>
      </trkpt>
      <trkpt lat="46.15415" lon="8.6006">
        <ele>571.79</ele>
        <time>2026-02-02T15:58:39.899000Z</time>
      </trkpt>
      <trkpt lat="46.15416" lon="8.60045">
        <ele>582.41</ele>
        <time>2026-02-02T15:58:58.461000Z</time>
      </trkpt>
      <trkpt lat="46.1542" lon="8.60023">
        <ele>597.41</ele>
        <time>2026-02-02T15:59:24.743000Z</time>
      </trkpt>
      <trkpt lat="46.15419" lon="8.60011">
        <ele>602.09</ele>
        <time>2026-02-02T15:59:38.859000Z</time>
      </trkpt>
      <trkpt lat="46.15418" lon="8.60003">
        <ele>608.24</ele>
        <time>2026-02-02T15:59:45.977000Z</time>
      </trkpt>
      <trkpt lat="46.15414" lon="8.59995">
        <ele>610.79</ele>
        <time>2026-02-02T15:59:55.589000Z</time>
      </trkpt>
      <trkpt lat="46.15395" lon="8.59961">
        <ele>618.92</ele>
        <time>2026-02-02T16:00:37.480000Z</time>
      </trkpt>
      <trkpt lat="46.15388" lon="8.59956">
        <ele>617.29</ele>
        <time>2026-02-02T16:00:48.032000Z</time>
      </trkpt>
      <trkpt lat="46.15363" lon="8.59944">
        <ele>611.75</ele>
        <time>2026-02-02T16:01:24.426000Z</time>
      </trkpt>
      <trkpt lat="46.15348" lon="8.59935">
        <ele>608.44</ele>
        <time>2026-02-02T16:01:46.878000Z</time>
      </trkpt>
      <trkpt lat="46.15272" lon="8.59874">
        <ele>612.26</ele>
        <time>2026-02-02T16:03:46.599000Z</time>
      </trkpt>
      <trkpt lat="46.15256" lon="8.5986">
        <ele>620.04</ele>
        <time>2026-02-02T16:04:12.352000Z</time>
      </trkpt>
      <trkpt lat="46.15241" lon="8.59847">
        <ele>627.92</ele>
        <time>2026-02-02T16:04:38.366000Z</time>
      </trkpt>
      <trkpt lat="46.15236" lon="8.59845">
        <ele>627.54</ele>
        <time>2026-02-02T16:04:39.355000Z</time>
      </trkpt>
      <trkpt lat="46.15233" lon="8.59844">
        <ele>627.26</ele>
        <time>2026-02-02T16:04:40.111000Z</time>
      </trkpt>
      <trkpt lat="46.15182" lon="8.59856">
        <ele>623.13</ele>
        <time>2026-02-02T16:04:50.816000Z</time>
      </trkpt>
      <trkpt lat="46.15163" lon="8.59856">
        <ele>621.66</ele>
        <time>2026-02-02T16:04:54.726000Z</time>
      </trkpt>
      <trkpt lat="46.15154" lon="8.59857">
        <ele>619.96</ele>
        <time>2026-02-02T16:04:56.643000Z</time>
      </trkpt>
      <trkpt lat="46.15126" lon="8.59868">
        <ele>614.51</ele>
        <time>2026-02-02T16:05:02.767000Z</time>
      </trkpt>
      <trkpt lat="46.15103" lon="8.59875">
        <ele>610.15</ele>
        <time>2026-02-02T16:05:07.696000Z</time>
      </trkpt>
      <trkpt lat="46.15084" lon="8.59884">
        <ele>598.91</ele>
        <time>2026-02-02T16:05:11.897000Z</time>
      </trkpt>
      <trkpt lat="46.15062" lon="8.59898">
        <ele>594.6</ele>
        <time>2026-02-02T16:05:16.842000Z</time>
      </trkpt>
      <trkpt lat="46.15054" lon="8.599">
        <ele>591.77</ele>
        <time>2026-02-02T16:05:18.505000Z</time>
      </trkpt>
      <trkpt lat="46.15048" lon="8.59898">
        <ele>589.41</ele>
        <time>2026-02-02T16:05:19.885000Z</time>
      </trkpt>
      <trkpt lat="46.15037" lon="8.59885">
        <ele>586.86</ele>
        <time>2026-02-02T16:05:22.703000Z</time>
      </trkpt>
      <trkpt lat="46.15032" lon="8.59878">
        <ele>585.04</ele>
        <time>2026-02-02T16:05:24.154000Z</time>
      </trkpt>
      <trkpt lat="46.15029" lon="8.59877">
        <ele>584.41</ele>
        <time>2026-02-02T16:05:24.750000Z</time>
      </trkpt>
      <trkpt lat="46.15024" lon="8.59875">
        <ele>583.32</ele>
        <time>2026-02-02T16:05:25.832000Z</time>
      </trkpt>
      <trkpt lat="46.15017" lon="8.59874">
        <ele>581.77</ele>
        <time>2026-02-02T16:05:27.322000Z</time>
      </trkpt>
      <trkpt lat="46.15008" lon="8.59872">
        <ele>580.91</ele>
        <time>2026-02-02T16:05:29.890000Z</time>
      </trkpt>
      <trkpt lat="46.15003" lon="8.59868">
        <ele>580.34</ele>
        <time>2026-02-02T16:05:31.556000Z</time>
      </trkpt>
      <trkpt lat="46.14999" lon="8.59861">
        <ele>579.75</ele>
        <time>2026-02-02T16:05:33.297000Z</time>
      </trkpt>
      <trkpt lat="46.14998" lon="8.59857">
        <ele>579.46</ele>
        <time>2026-02-02T16:05:34.133000Z</time>
      </trkpt>
      <trkpt lat="46.14997" lon="8.59845">
        <ele>579.04</ele>
        <time>2026-02-02T16:05:36.604000Z</time>
      </trkpt>
      <trkpt lat="46.15002" lon="8.59815">
        <ele>583.97</ele>
        <time>2026-02-02T16:05:42.606000Z</time>
      </trkpt>
      <trkpt lat="46.15002" lon="8.59802">
        <ele>586.11</ele>
        <time>2026-02-02T16:05:45.212000Z</time>
      </trkpt>
      <trkpt lat="46.14995" lon="8.59724">
        <ele>598.79</ele>
        <time>2026-02-02T16:06:00.675000Z</time>
      </trkpt>
      <trkpt lat="46.14993" lon="8.5971">
        <ele>600.97</ele>
        <time>2026-02-02T16:06:03.341000Z</time>
      </trkpt>
      <trkpt lat="46.14991" lon="8.59702">
        <ele>602.44</ele>
        <time>2026-02-02T16:06:05.137000Z</time>
      </trkpt>
      <trkpt lat="46.14988" lon="8.59694">
        <ele>603.44</ele>
        <time>2026-02-02T16:06:06.967000Z</time>
      </trkpt>
      <trkpt lat="46.14981" lon="8.59683">
        <ele>602.58</ele>
        <time>2026-02-02T16:06:09.755000Z</time>
      </trkpt>
      <trkpt lat="46.1495" lon="8.59648">
        <ele>599.16</ele>
        <time>2026-02-02T16:06:20.815000Z</time>
      </trkpt>
      <trkpt lat="46.14945" lon="8.5964">
        <ele>598.49</ele>
        <time>2026-02-02T16:06:23.113000Z</time>
      </trkpt>
      <trkpt lat="46.14936" lon="8.59617">
        <ele>604.16</ele>
        <time>2026-02-02T16:06:28.244000Z</time>
      </trkpt>
      <trkpt lat="46.14928" lon="8.5958">
        <ele>612.41</ele>
        <time>2026-02-02T16:06:35.827000Z</time>
      </trkpt>
      <trkpt lat="46.14925" lon="8.59568">
        <ele>614.49</ele>
        <time>2026-02-02T16:06:47.098000Z</time>
      </trkpt>
      <trkpt lat="46.14922" lon="8.59561">
        <ele>616.01</ele>
        <time>2026-02-02T16:06:55.743000Z</time>
      </trkpt>
      <trkpt lat="46.14917" lon="8.59553">
        <ele>614.91</ele>
        <time>2026-02-02T16:06:57.559000Z</time>
      </trkpt>
      <trkpt lat="46.14911" lon="8.59548">
        <ele>613.79</ele>
        <time>2026-02-02T16:06:59.410000Z</time>
      </trkpt>
      <trkpt lat="46.14894" lon="8.59541">
        <ele>611.13</ele>
        <time>2026-02-02T16:07:03.818000Z</time>
      </trkpt>
      <trkpt lat="46.1489" lon="8.59538">
        <ele>610.51</ele>
        <time>2026-02-02T16:07:05.064000Z</time>
      </trkpt>
      <trkpt lat="46.14885" lon="8.59529">
        <ele>613.78</ele>
        <time>2026-02-02T16:07:07.156000Z</time>
      </trkpt>
      <trkpt lat="46.1488" lon="8.59511">
        <ele>619.12</ele>
        <time>2026-02-02T16:07:10.589000Z</time>
      </trkpt>
      <trkpt lat="46.14878" lon="8.59508">
        <ele>619.96</ele>
        <time>2026-02-02T16:07:11.215000Z</time>
      </trkpt>
      <trkpt lat="46.14864" lon="8.59502">
        <ele>617.94</ele>
        <time>2026-02-02T16:07:14.186000Z</time>
      </trkpt>
      <trkpt lat="46.14859" lon="8.59503">
        <ele>615.13</ele>
        <time>2026-02-02T16:07:15.782000Z</time>
      </trkpt>
      <trkpt lat="46.14846" lon="8.59509">
        <ele>608.48</ele>
        <time>2026-02-02T16:07:19.567000Z</time>
      </trkpt>
      <trkpt lat="46.14839" lon="8.5951">
        <ele>604.98</ele>
        <time>2026-02-02T16:07:21.567000Z</time>
      </trkpt>
      <trkpt lat="46.14836" lon="8.5951">
        <ele>603.26</ele>
        <time>2026-02-02T16:07:22.544000Z</time>
      </trkpt>
      <trkpt lat="46.14831" lon="8.59508">
        <ele>600.57</ele>
        <time>2026-02-02T16:07:24.068000Z</time>
      </trkpt>
      <trkpt lat="46.14824" lon="8.59501">
        <ele>599.72</ele>
        <time>2026-02-02T16:07:26.540000Z</time>
      </trkpt>
      <trkpt lat="46.1482" lon="8.59494">
        <ele>601.66</ele>
        <time>2026-02-02T16:07:28.260000Z</time>
      </trkpt>
      <trkpt lat="46.14816" lon="8.59474">
        <ele>606.35</ele>
        <time>2026-02-02T16:07:32.409000Z</time>
      </trkpt>
      <trkpt lat="46.14813" lon="8.59467">
        <ele>607.16</ele>
        <time>2026-02-02T16:07:33.950000Z</time>
      </trkpt>
      <trkpt lat="46.14809" lon="8.59463">
        <ele>606.97</ele>
        <time>2026-02-02T16:07:35.326000Z</time>
      </trkpt>
      <trkpt lat="46.14801" lon="8.59457">
        <ele>606.62</ele>
        <time>2026-02-02T16:07:37.961000Z</time>
      </trkpt>
      <trkpt lat="46.14797" lon="8.59449">
        <ele>606.36</ele>
        <time>2026-02-02T16:07:39.946000Z</time>
      </trkpt>
      <trkpt lat="46.14793" lon="8.59441">
        <ele>606.13</ele>
        <time>2026-02-02T16:07:41.866000Z</time>
      </trkpt>
      <trkpt lat="46.14788" lon="8.59397">
        <ele>618.61</ele>
        <time>2026-02-02T16:07:50.701000Z</time>
      </trkpt>
      <trkpt lat="46.14785" lon="8.59387">
        <ele>621.86</ele>
        <time>2026-02-02T16:07:52.999000Z</time>
      </trkpt>
      <trkpt lat="46.14781" lon="8.59377">
        <ele>623.88</ele>
        <time>2026-02-02T16:07:55.147000Z</time>
      </trkpt>
      <trkpt lat="46.14749" lon="8.59319">
        <ele>633.63</ele>
        <time>2026-02-02T16:08:09.982000Z</time>
      </trkpt>
      <trkpt lat="46.14739" lon="8.59306">
        <ele>636.08</ele>
        <time>2026-02-02T16:08:13.711000Z</time>
      </trkpt>
      <trkpt lat="46.14712" lon="8.59274">
        <ele>642.73</ele>
        <time>2026-02-02T16:08:23.838000Z</time>
      </trkpt>
      <trkpt lat="46.14705" lon="8.5926">
        <ele>644.82</ele>
        <time>2026-02-02T16:08:27.259000Z</time>
      </trkpt>
      <trkpt lat="46.14698" lon="8.59252">
        <ele>645.21</ele>
        <time>2026-02-02T16:08:29.484000Z</time>
      </trkpt>
      <trkpt lat="46.14689" lon="8.59245">
        <ele>645.64</ele>
        <time>2026-02-02T16:08:32.163000Z</time>
      </trkpt>
      <trkpt lat="46.14665" lon="8.59233">
        <ele>647.97</ele>
        <time>2026-02-02T16:09:06.307000Z</time>
      </trkpt>
      <trkpt lat="46.14659" lon="8.59229">
        <ele>649.45</ele>
        <time>2026-02-02T16:09:16.136000Z</time>
      </trkpt>
      <trkpt lat="46.14656" lon="8.59225">
        <ele>650.69</ele>
        <time>2026-02-02T16:09:21.638000Z</time>
      </trkpt>
      <trkpt lat="46.14649" lon="8.5921">
        <ele>654.45</ele>
        <time>2026-02-02T16:09:38.484000Z</time>
      </trkpt>
      <trkpt lat="46.14644" lon="8.59202">
        <ele>656.55</ele>
        <time>2026-02-02T16:09:47.852000Z</time>
      </trkpt>
      <trkpt lat="46.14638" lon="8.59197">
        <ele>658.79</ele>
        <time>2026-02-02T16:09:57.861000Z</time>
      </trkpt>
      <trkpt lat="46.14634" lon="8.59195">
        <ele>659.65</ele>
        <time>2026-02-02T16:10:03.256000Z</time>
      </trkpt>
      <trkpt lat="46.1463" lon="8.59195">
        <ele>659.4</ele>
        <time>2026-02-02T16:10:04.098000Z</time>
      </trkpt>
      <trkpt lat="46.14623" lon="8.59196">
        <ele>658.09</ele>
        <time>2026-02-02T16:10:05.895000Z</time>
      </trkpt>
      <trkpt lat="46.14607" lon="8.59202">
        <ele>655.07</ele>
        <time>2026-02-02T16:10:10.024000Z</time>
      </trkpt>
      <trkpt lat="46.14593" lon="8.59209">
        <ele>652.34</ele>
        <time>2026-02-02T16:10:13.752000Z</time>
      </trkpt>
      <trkpt lat="46.14584" lon="8.59212">
        <ele>652.65</ele>
        <time>2026-02-02T16:10:16.036000Z</time>
      </trkpt>
      <trkpt lat="46.14577" lon="8.59211">
        <ele>654.9</ele>
        <time>2026-02-02T16:10:17.829000Z</time>
      </trkpt>
      <trkpt lat="46.14558" lon="8.592">
        <ele>661.38</ele>
        <time>2026-02-02T16:10:23.096000Z</time>
      </trkpt>
      <trkpt lat="46.14545" lon="8.59202">
        <ele>663.03</ele>
        <time>2026-02-02T16:10:26.323000Z</time>
      </trkpt>
      <trkpt lat="46.14531" lon="8.59207">
        <ele>664.9</ele>
        <time>2026-02-02T16:10:29.962000Z</time>
      </trkpt>
      <trkpt lat="46.14522" lon="8.59206">
        <ele>665.98</ele>
        <time>2026-02-02T16:10:32.070000Z</time>
      </trkpt>
      <trkpt lat="46.14509" lon="8.59203">
        <ele>667.76</ele>
        <time>2026-02-02T16:10:35.520000Z</time>
      </trkpt>
      <trkpt lat="46.14501" lon="8.59206">
        <ele>668.68</ele>
        <time>2026-02-02T16:10:37.477000Z</time>
      </trkpt>
      <trkpt lat="46.14497" lon="8.5921">
        <ele>667.64</ele>
        <time>2026-02-02T16:10:38.573000Z</time>
      </trkpt>
      <trkpt lat="46.14493" lon="8.59216">
        <ele>666.5</ele>
        <time>2026-02-02T16:10:39.636000Z</time>
      </trkpt>
      <trkpt lat="46.14477" lon="8.59246">
        <ele>656.05</ele>
        <time>2026-02-02T16:10:45.236000Z</time>
      </trkpt>
      <trkpt lat="46.14472" lon="8.59255">
        <ele>652.21</ele>
        <time>2026-02-02T16:10:47.111000Z</time>
      </trkpt>
      <trkpt lat="46.14465" lon="8.59263">
        <ele>649.52</ele>
        <time>2026-02-02T16:10:48.854000Z</time>
      </trkpt>
      <trkpt lat="46.14456" lon="8.59269">
        <ele>646.49</ele>
        <time>2026-02-02T16:10:50.983000Z</time>
      </trkpt>
      <trkpt lat="46.14447" lon="8.59272">
        <ele>645.74</ele>
        <time>2026-02-02T16:10:52.888000Z</time>
      </trkpt>
      <trkpt lat="46.14437" lon="8.59271">
        <ele>645.37</ele>
        <time>2026-02-02T16:10:54.835000Z</time>
      </trkpt>
      <trkpt lat="46.14433" lon="8.59268">
        <ele>645.17</ele>
        <time>2026-02-02T16:10:55.844000Z</time>
      </trkpt>
      <trkpt lat="46.14379" lon="8.59223">
        <ele>642.49</ele>
        <time>2026-02-02T16:11:08.401000Z</time>
      </trkpt>
      <trkpt lat="46.14336" lon="8.59185">
        <ele>628.41</ele>
        <time>2026-02-02T16:11:19.772000Z</time>
      </trkpt>
      <trkpt lat="46.14322" lon="8.5917">
        <ele>623.34</ele>
        <time>2026-02-02T16:11:23.861000Z</time>
      </trkpt>
      <trkpt lat="46.14314" lon="8.59156">
        <ele>621.87</ele>
        <time>2026-02-02T16:11:26.599000Z</time>
      </trkpt>
      <trkpt lat="46.1428" lon="8.5909">
        <ele>621.17</ele>
        <time>2026-02-02T16:11:39.456000Z</time>
      </trkpt>
      <trkpt lat="46.14268" lon="8.59058">
        <ele>620.86</ele>
        <time>2026-02-02T16:11:45.280000Z</time>
      </trkpt>
      <trkpt lat="46.14255" lon="8.59003">
        <ele>620.38</ele>
        <time>2026-02-02T16:11:54.359000Z</time>
      </trkpt>
      <trkpt lat="46.14249" lon="8.58984">
        <ele>620.22</ele>
        <time>2026-02-02T16:11:57.580000Z</time>
      </trkpt>
      <trkpt lat="46.14226" lon="8.5893">
        <ele>610.39</ele>
        <time>2026-02-02T16:12:07.733000Z</time>
      </trkpt>
      <trkpt lat="46.14209" lon="8.58895">
        <ele>605.44</ele>
        <time>2026-02-02T16:12:14.353000Z</time>
      </trkpt>
      <trkpt lat="46.14206" lon="8.58883">
        <ele>604.55</ele>
        <time>2026-02-02T16:12:16.267000Z</time>
      </trkpt>
      <trkpt lat="46.14205" lon="8.58871">
        <ele>603.62</ele>
        <time>2026-02-02T16:12:18.313000Z</time>
      </trkpt>
      <trkpt lat="46.14203" lon="8.58842">
        <ele>601.65</ele>
        <time>2026-02-02T16:12:22.831000Z</time>
      </trkpt>
      <trkpt lat="46.14203" lon="8.58828">
        <ele>602.63</ele>
        <time>2026-02-02T16:12:24.935000Z</time>
      </trkpt>
      <trkpt lat="46.14204" lon="8.58818">
        <ele>603.37</ele>
        <time>2026-02-02T16:12:26.518000Z</time>
      </trkpt>
      <trkpt lat="46.14208" lon="8.58801">
        <ele>604.66</ele>
        <time>2026-02-02T16:12:29.344000Z</time>
      </trkpt>
      <trkpt lat="46.14215" lon="8.58771">
        <ele>610.87</ele>
        <time>2026-02-02T16:12:34.402000Z</time>
      </trkpt>
      <trkpt lat="46.14217" lon="8.58753">
        <ele>614.24</ele>
        <time>2026-02-02T16:12:37.166000Z</time>
      </trkpt>
      <trkpt lat="46.14218" lon="8.5874">
        <ele>616.79</ele>
        <time>2026-02-02T16:12:39.253000Z</time>
      </trkpt>
      <trkpt lat="46.14218" lon="8.58718">
        <ele>620.84</ele>
        <time>2026-02-02T16:12:42.694000Z</time>
      </trkpt>
      <trkpt lat="46.14216" lon="8.58698">
        <ele>620.95</ele>
        <time>2026-02-02T16:12:45.910000Z</time>
      </trkpt>
      <trkpt lat="46.14213" lon="8.58682">
        <ele>621.04</ele>
        <time>2026-02-02T16:12:48.501000Z</time>
      </trkpt>
      <trkpt lat="46.14205" lon="8.58655">
        <ele>621.21</ele>
        <time>2026-02-02T16:12:53.088000Z</time>
      </trkpt>
      <trkpt lat="46.14201" lon="8.58629">
        <ele>621.35</ele>
        <time>2026-02-02T16:12:57.261000Z</time>
      </trkpt>
      <trkpt lat="46.14198" lon="8.58594">
        <ele>626.0</ele>
        <time>2026-02-02T16:13:02.800000Z</time>
      </trkpt>
      <trkpt lat="46.14197" lon="8.58531">
        <ele>644.41</ele>
        <time>2026-02-02T16:13:12.645000Z</time>
      </trkpt>
      <trkpt lat="46.14196" lon="8.58518">
        <ele>650.73</ele>
        <time>2026-02-02T16:13:14.810000Z</time>
      </trkpt>
      <trkpt lat="46.14193" lon="8.58506">
        <ele>652.76</ele>
        <time>2026-02-02T16:13:16.837000Z</time>
      </trkpt>
      <trkpt lat="46.14187" lon="8.58493">
        <ele>655.11</ele>
        <time>2026-02-02T16:13:19.212000Z</time>
      </trkpt>
      <trkpt lat="46.14178" lon="8.58479">
        <ele>654.79</ele>
        <time>2026-02-02T16:13:22.111000Z</time>
      </trkpt>
      <trkpt lat="46.14149" lon="8.58443">
        <ele>645.04</ele>
        <time>2026-02-02T16:13:30.867000Z</time>
      </trkpt>
      <trkpt lat="46.14129" lon="8.58417">
        <ele>635.27</ele>
        <time>2026-02-02T16:13:36.794000Z</time>
      </trkpt>
      <trkpt lat="46.14099" lon="8.58376">
        <ele>622.89</ele>
        <time>2026-02-02T16:13:46.152000Z</time>
      </trkpt>
      <trkpt lat="46.14093" lon="8.58367">
        <ele>622.41</ele>
        <time>2026-02-02T16:13:48.082000Z</time>
      </trkpt>
      <trkpt lat="46.14082" lon="8.58341">
        <ele>621.26</ele>
        <time>2026-02-02T16:13:52.774000Z</time>
      </trkpt>
      <trkpt lat="46.14078" lon="8.58328">
        <ele>620.69</ele>
        <time>2026-02-02T16:13:55.078000Z</time>
      </trkpt>
      <trkpt lat="46.14075" lon="8.58313">
        <ele>620.09</ele>
        <time>2026-02-02T16:13:57.494000Z</time>
      </trkpt>
      <trkpt lat="46.14072" lon="8.58244">
        <ele>617.44</ele>
        <time>2026-02-02T16:14:08.279000Z</time>
      </trkpt>
      <trkpt lat="46.14069" lon="8.58233">
        <ele>617.01</ele>
        <time>2026-02-02T16:14:10.013000Z</time>
      </trkpt>
      <trkpt lat="46.14058" lon="8.58198">
        <ele>615.67</ele>
        <time>2026-02-02T16:14:16.093000Z</time>
      </trkpt>
      <trkpt lat="46.14054" lon="8.58168">
        <ele>617.47</ele>
        <time>2026-02-02T16:14:20.937000Z</time>
      </trkpt>
      <trkpt lat="46.14051" lon="8.58138">
        <ele>619.19</ele>
        <time>2026-02-02T16:14:25.585000Z</time>
      </trkpt>
      <trkpt lat="46.14049" lon="8.58123">
        <ele>620.71</ele>
        <time>2026-02-02T16:14:32.910000Z</time>
      </trkpt>
      <trkpt lat="46.14046" lon="8.58115">
        <ele>619.73</ele>
        <time>2026-02-02T16:14:34.301000Z</time>
      </trkpt>
      <trkpt lat="46.14039" lon="8.58103">
        <ele>618.08</ele>
        <time>2026-02-02T16:14:36.631000Z</time>
      </trkpt>
      <trkpt lat="46.14008" lon="8.58073">
        <ele>612.16</ele>
        <time>2026-02-02T16:14:44.983000Z</time>
      </trkpt>
      <trkpt lat="46.14" lon="8.58061">
        <ele>610.45</ele>
        <time>2026-02-02T16:14:47.604000Z</time>
      </trkpt>
      <trkpt lat="46.13996" lon="8.58051">
        <ele>610.85</ele>
        <time>2026-02-02T16:14:49.393000Z</time>
      </trkpt>
      <trkpt lat="46.13987" lon="8.58007">
        <ele>612.41</ele>
        <time>2026-02-02T16:14:56.472000Z</time>
      </trkpt>
      <trkpt lat="46.1398" lon="8.57962">
        <ele>613.98</ele>
        <time>2026-02-02T16:15:03.612000Z</time>
      </trkpt>
      <trkpt lat="46.13968" lon="8.57877">
        <ele>616.9</ele>
        <time>2026-02-02T16:15:16.943000Z</time>
      </trkpt>
      <trkpt lat="46.13942" lon="8.57646">
        <ele>627.04</ele>
        <time>2026-02-02T16:15:57.089000Z</time>
      </trkpt>
      <trkpt lat="46.13932" lon="8.57595">
        <ele>622.48</ele>
        <time>2026-02-02T16:16:04.671000Z</time>
      </trkpt>
      <trkpt lat="46.13922" lon="8.57568">
        <ele>619.92</ele>
        <time>2026-02-02T16:16:08.962000Z</time>
      </trkpt>
      <trkpt lat="46.13916" lon="8.57553">
        <ele>621.04</ele>
        <time>2026-02-02T16:16:12.294000Z</time>
      </trkpt>
      <trkpt lat="46.13912" lon="8.57546">
        <ele>620.95</ele>
        <time>2026-02-02T16:16:13.657000Z</time>
      </trkpt>
      <trkpt lat="46.13883" lon="8.57512">
        <ele>620.38</ele>
        <time>2026-02-02T16:16:22.017000Z</time>
      </trkpt>
      <trkpt lat="46.13867" lon="8.57495">
        <ele>620.09</ele>
        <time>2026-02-02T16:16:26.348000Z</time>
      </trkpt>
      <trkpt lat="46.13849" lon="8.57476">
        <ele>619.76</ele>
        <time>2026-02-02T16:16:31.326000Z</time>
      </trkpt>
      <trkpt lat="46.13829" lon="8.57462">
        <ele>624.54</ele>
        <time>2026-02-02T16:17:01.488000Z</time>
      </trkpt>
      <trkpt lat="46.13811" lon="8.57445">
        <ele>625.52</ele>
        <time>2026-02-02T16:17:06.956000Z</time>
      </trkpt>
      <trkpt lat="46.13793" lon="8.57424">
        <ele>626.52</ele>
        <time>2026-02-02T16:17:12.546000Z</time>
      </trkpt>
      <trkpt lat="46.1377" lon="8.57392">
        <ele>627.91</ele>
        <time>2026-02-02T16:17:20.488000Z</time>
      </trkpt>
      <trkpt lat="46.13757" lon="8.57371">
        <ele>628.17</ele>
        <time>2026-02-02T16:17:24.784000Z</time>
      </trkpt>
      <trkpt lat="46.13742" lon="8.57343">
        <ele>628.53</ele>
        <time>2026-02-02T16:17:30.404000Z</time>
      </trkpt>
      <trkpt lat="46.13731" lon="8.5732">
        <ele>629.5</ele>
        <time>2026-02-02T16:17:35.087000Z</time>
      </trkpt>
      <trkpt lat="46.13716" lon="8.5728">
        <ele>634.05</ele>
        <time>2026-02-02T16:17:56.376000Z</time>
      </trkpt>
      <trkpt lat="46.13696" lon="8.57207">
        <ele>642.09</ele>
        <time>2026-02-02T16:18:32.824000Z</time>
      </trkpt>
      <trkpt lat="46.1369" lon="8.57179">
        <ele>643.91</ele>
        <time>2026-02-02T16:18:38.518000Z</time>
      </trkpt>
      <trkpt lat="46.13687" lon="8.57155">
        <ele>643.91</ele>
        <time>2026-02-02T16:18:42.319000Z</time>
      </trkpt>
      <trkpt lat="46.13682" lon="8.57105">
        <ele>643.9</ele>
        <time>2026-02-02T16:18:50.123000Z</time>
      </trkpt>
      <trkpt lat="46.13681" lon="8.57067">
        <ele>643.89</ele>
        <time>2026-02-02T16:18:55.844000Z</time>
      </trkpt>
      <trkpt lat="46.13685" lon="8.56853">
        <ele>653.94</ele>
        <time>2026-02-02T16:19:32.651000Z</time>
      </trkpt>
      <trkpt lat="46.13688" lon="8.56765">
        <ele>658.07</ele>
        <time>2026-02-02T16:19:47.778000Z</time>
      </trkpt>
      <trkpt lat="46.13691" lon="8.56609">
        <ele>665.4</ele>
        <time>2026-02-02T16:20:14.585000Z</time>
      </trkpt>
      <trkpt lat="46.13691" lon="8.56602">
        <ele>665.99</ele>
        <time>2026-02-02T16:20:15.655000Z</time>
      </trkpt>
      <trkpt lat="46.1369" lon="8.56585">
        <ele>667.47</ele>
        <time>2026-02-02T16:20:18.284000Z</time>
      </trkpt>
      <trkpt lat="46.13678" lon="8.56506">
        <ele>674.5</ele>
        <time>2026-02-02T16:20:30.804000Z</time>
      </trkpt>
      <trkpt lat="46.13676" lon="8.5648">
        <ele>676.3</ele>
        <time>2026-02-02T16:20:34.873000Z</time>
      </trkpt>
      <trkpt lat="46.13673" lon="8.56455">
        <ele>678.1</ele>
        <time>2026-02-02T16:20:38.727000Z</time>
      </trkpt>
      <trkpt lat="46.13664" lon="8.56417">
        <ele>678.08</ele>
        <time>2026-02-02T16:20:45.046000Z</time>
      </trkpt>
      <trkpt lat="46.13661" lon="8.56408">
        <ele>676.51</ele>
        <time>2026-02-02T16:20:46.599000Z</time>
      </trkpt>
      <trkpt lat="46.13625" lon="8.56335">
        <ele>662.47</ele>
        <time>2026-02-02T16:21:00.366000Z</time>
      </trkpt>
      <trkpt lat="46.13624" lon="8.56331">
        <ele>661.76</ele>
        <time>2026-02-02T16:21:01.060000Z</time>
      </trkpt>
      <trkpt lat="46.13623" lon="8.56327">
        <ele>661.09</ele>
        <time>2026-02-02T16:21:01.792000Z</time>
      </trkpt>
      <trkpt lat="46.13625" lon="8.56303">
        <ele>664.27</ele>
        <time>2026-02-02T16:21:05.539000Z</time>
      </trkpt>
      <trkpt lat="46.13646" lon="8.56255">
        <ele>671.57</ele>
        <time>2026-02-02T16:21:14.357000Z</time>
      </trkpt>
      <trkpt lat="46.13648" lon="8.56246">
        <ele>671.62</ele>
        <time>2026-02-02T16:21:15.710000Z</time>
      </trkpt>
      <trkpt lat="46.13649" lon="8.562">
        <ele>671.84</ele>
        <time>2026-02-02T16:21:22.934000Z</time>
      </trkpt>
      <trkpt lat="46.1365" lon="8.56195">
        <ele>671.87</ele>
        <time>2026-02-02T16:21:23.788000Z</time>
      </trkpt>
      <trkpt lat="46.13663" lon="8.56149">
        <ele>672.1</ele>
        <time>2026-02-02T16:21:31.390000Z</time>
      </trkpt>
      <trkpt lat="46.13665" lon="8.56111">
        <ele>675.16</ele>
        <time>2026-02-02T16:21:37.398000Z</time>
      </trkpt>
      <trkpt lat="46.13664" lon="8.56099">
        <ele>676.11</ele>
        <time>2026-02-02T16:21:39.260000Z</time>
      </trkpt>
      <trkpt lat="46.1366" lon="8.56087">
        <ele>677.04</ele>
        <time>2026-02-02T16:21:41.279000Z</time>
      </trkpt>
      <trkpt lat="46.13649" lon="8.56057">
        <ele>677.53</ele>
        <time>2026-02-02T16:21:46.598000Z</time>
      </trkpt>
      <trkpt lat="46.13647" lon="8.56046">
        <ele>679.11</ele>
        <time>2026-02-02T16:21:48.719000Z</time>
      </trkpt>
      <trkpt lat="46.13643" lon="8.56005">
        <ele>685.13</ele>
        <time>2026-02-02T16:21:56.833000Z</time>
      </trkpt>
      <trkpt lat="46.13641" lon="8.55992">
        <ele>686.98</ele>
        <time>2026-02-02T16:21:59.326000Z</time>
      </trkpt>
      <trkpt lat="46.13636" lon="8.55972">
        <ele>690.01</ele>
        <time>2026-02-02T16:22:03.483000Z</time>
      </trkpt>
      <trkpt lat="46.13628" lon="8.55947">
        <ele>689.93</ele>
        <time>2026-02-02T16:22:08.756000Z</time>
      </trkpt>
      <trkpt lat="46.13618" lon="8.55904">
        <ele>689.8</ele>
        <time>2026-02-02T16:22:17.722000Z</time>
      </trkpt>
      <trkpt lat="46.13612" lon="8.55885">
        <ele>689.73</ele>
        <time>2026-02-02T16:22:21.826000Z</time>
      </trkpt>
      <trkpt lat="46.13579" lon="8.55788">
        <ele>698.55</ele>
        <time>2026-02-02T16:22:42.744000Z</time>
      </trkpt>
      <trkpt lat="46.13577" lon="8.55782">
        <ele>699.64</ele>
        <time>2026-02-02T16:22:43.797000Z</time>
      </trkpt>
      <trkpt lat="46.13575" lon="8.55776">
        <ele>700.63</ele>
        <time>2026-02-02T16:22:44.778000Z</time>
      </trkpt>
      <trkpt lat="46.13572" lon="8.55768">
        <ele>700.96</ele>
        <time>2026-02-02T16:22:46.275000Z</time>
      </trkpt>
      <trkpt lat="46.13567" lon="8.55759">
        <ele>701.4</ele>
        <time>2026-02-02T16:22:48.278000Z</time>
      </trkpt>
      <trkpt lat="46.13557" lon="8.55749">
        <ele>702.06</ele>
        <time>2026-02-02T16:22:51.432000Z</time>
      </trkpt>
      <trkpt lat="46.13543" lon="8.55741">
        <ele>698.78</ele>
        <time>2026-02-02T16:22:55.241000Z</time>
      </trkpt>
      <trkpt lat="46.13524" lon="8.55732">
        <ele>694.4</ele>
        <time>2026-02-02T16:23:00.348000Z</time>
      </trkpt>
      <trkpt lat="46.13518" lon="8.55729">
        <ele>693.18</ele>
        <time>2026-02-02T16:23:01.758000Z</time>
      </trkpt>
      <trkpt lat="46.13514" lon="8.55724">
        <ele>693.51</ele>
        <time>2026-02-02T16:23:03.144000Z</time>
      </trkpt>
      <trkpt lat="46.1349" lon="8.55686">
        <ele>696.7</ele>
        <time>2026-02-02T16:23:11.975000Z</time>
      </trkpt>
      <trkpt lat="46.13488" lon="8.5568">
        <ele>698.05</ele>
        <time>2026-02-02T16:23:13.206000Z</time>
      </trkpt>
      <trkpt lat="46.13487" lon="8.55672">
        <ele>699.49</ele>
        <time>2026-02-02T16:23:14.530000Z</time>
      </trkpt>
      <trkpt lat="46.13487" lon="8.55609">
        <ele>711.4</ele>
        <time>2026-02-02T16:23:25.486000Z</time>
      </trkpt>
      <trkpt lat="46.13486" lon="8.55598">
        <ele>713.17</ele>
        <time>2026-02-02T16:23:27.440000Z</time>
      </trkpt>
      <trkpt lat="46.13484" lon="8.55592">
        <ele>714.36</ele>
        <time>2026-02-02T16:23:34.315000Z</time>
      </trkpt>
      <trkpt lat="46.13476" lon="8.5558">
        <ele>716.83</ele>
        <time>2026-02-02T16:23:49.678000Z</time>
      </trkpt>
      <trkpt lat="46.13466" lon="8.55575">
        <ele>716.22</ele>
        <time>2026-02-02T16:23:52.142000Z</time>
      </trkpt>
      <trkpt lat="46.13456" lon="8.55575">
        <ele>715.68</ele>
        <time>2026-02-02T16:23:54.283000Z</time>
      </trkpt>
      <trkpt lat="46.13406" lon="8.55588">
        <ele>699.5</ele>
        <time>2026-02-02T16:24:05.763000Z</time>
      </trkpt>
      <trkpt lat="46.13398" lon="8.55585">
        <ele>695.95</ele>
        <time>2026-02-02T16:24:07.658000Z</time>
      </trkpt>
      <trkpt lat="46.13392" lon="8.55581">
        <ele>693.46</ele>
        <time>2026-02-02T16:24:08.999000Z</time>
      </trkpt>
      <trkpt lat="46.13388" lon="8.55575">
        <ele>691.96</ele>
        <time>2026-02-02T16:24:10.440000Z</time>
      </trkpt>
      <trkpt lat="46.1338" lon="8.55558">
        <ele>692.71</ele>
        <time>2026-02-02T16:24:13.701000Z</time>
      </trkpt>
      <trkpt lat="46.13293" lon="8.55355">
        <ele>706.03</ele>
        <time>2026-02-02T16:24:50.944000Z</time>
      </trkpt>
      <trkpt lat="46.13287" lon="8.55332">
        <ele>708.86</ele>
        <time>2026-02-02T16:24:54.680000Z</time>
      </trkpt>
      <trkpt lat="46.13284" lon="8.55319">
        <ele>711.69</ele>
        <time>2026-02-02T16:24:56.779000Z</time>
      </trkpt>
      <trkpt lat="46.13278" lon="8.55309">
        <ele>713.52</ele>
        <time>2026-02-02T16:25:09.129000Z</time>
      </trkpt>
      <trkpt lat="46.13275" lon="8.55305">
        <ele>714.23</ele>
        <time>2026-02-02T16:25:14.451000Z</time>
      </trkpt>
      <trkpt lat="46.1325" lon="8.5529">
        <ele>709.77</ele>
        <time>2026-02-02T16:25:20.016000Z</time>
      </trkpt>
      <trkpt lat="46.13228" lon="8.55263">
        <ele>705.19</ele>
        <time>2026-02-02T16:25:25.753000Z</time>
      </trkpt>
      <trkpt lat="46.13205" lon="8.55244">
        <ele>701.01</ele>
        <time>2026-02-02T16:25:31.146000Z</time>
      </trkpt>
      <trkpt lat="46.13198" lon="8.5523">
        <ele>700.71</ele>
        <time>2026-02-02T16:25:33.589000Z</time>
      </trkpt>
      <trkpt lat="46.13168" lon="8.55146">
        <ele>699.12</ele>
        <time>2026-02-02T16:25:46.890000Z</time>
      </trkpt>
      <trkpt lat="46.13164" lon="8.55132">
        <ele>698.85</ele>
        <time>2026-02-02T16:25:49.092000Z</time>
      </trkpt>
      <trkpt lat="46.13163" lon="8.55123">
        <ele>698.71</ele>
        <time>2026-02-02T16:25:50.306000Z</time>
      </trkpt>
      <trkpt lat="46.13163" lon="8.55111">
        <ele>698.54</ele>
        <time>2026-02-02T16:25:51.969000Z</time>
      </trkpt>
      <trkpt lat="46.13162" lon="8.55072">
        <ele>702.71</ele>
        <time>2026-02-02T16:25:58.171000Z</time>
      </trkpt>
      <trkpt lat="46.13161" lon="8.55055">
        <ele>702.99</ele>
        <time>2026-02-02T16:26:00.807000Z</time>
      </trkpt>
      <trkpt lat="46.13159" lon="8.55037">
        <ele>701.62</ele>
        <time>2026-02-02T16:26:03.557000Z</time>
      </trkpt>
      <trkpt lat="46.13156" lon="8.55027">
        <ele>700.11</ele>
        <time>2026-02-02T16:26:05.242000Z</time>
      </trkpt>
      <trkpt lat="46.13153" lon="8.55022">
        <ele>699.2</ele>
        <time>2026-02-02T16:26:06.283000Z</time>
      </trkpt>
      <trkpt lat="46.13144" lon="8.55011">
        <ele>697.07</ele>
        <time>2026-02-02T16:26:09.105000Z</time>
      </trkpt>
      <trkpt lat="46.13135" lon="8.55">
        <ele>694.85</ele>
        <time>2026-02-02T16:26:11.673000Z</time>
      </trkpt>
      <trkpt lat="46.13131" lon="8.54993">
        <ele>693.69</ele>
        <time>2026-02-02T16:26:13.032000Z</time>
      </trkpt>
      <trkpt lat="46.1313" lon="8.54988">
        <ele>693.13</ele>
        <time>2026-02-02T16:26:13.738000Z</time>
      </trkpt>
      <trkpt lat="46.13129" lon="8.54984">
        <ele>693.19</ele>
        <time>2026-02-02T16:26:14.450000Z</time>
      </trkpt>
      <trkpt lat="46.13129" lon="8.54972">
        <ele>693.35</ele>
        <time>2026-02-02T16:26:16.242000Z</time>
      </trkpt>
      <trkpt lat="46.13132" lon="8.54959">
        <ele>693.55</ele>
        <time>2026-02-02T16:26:18.419000Z</time>
      </trkpt>
      <trkpt lat="46.13165" lon="8.54874">
        <ele>694.84</ele>
        <time>2026-02-02T16:26:33.446000Z</time>
      </trkpt>
      <trkpt lat="46.13203" lon="8.54774">
        <ele>698.76</ele>
        <time>2026-02-02T16:26:52.966000Z</time>
      </trkpt>
      <trkpt lat="46.13215" lon="8.54745">
        <ele>702.18</ele>
        <time>2026-02-02T16:27:24.094000Z</time>
      </trkpt>
      <trkpt lat="46.13219" lon="8.54735">
        <ele>705.6</ele>
        <time>2026-02-02T16:27:35.185000Z</time>
      </trkpt>
      <trkpt lat="46.13227" lon="8.54707">
        <ele>710.05</ele>
        <time>2026-02-02T16:28:03.702000Z</time>
      </trkpt>
      <trkpt lat="46.13227" lon="8.54703">
        <ele>710.83</ele>
        <time>2026-02-02T16:28:04.363000Z</time>
      </trkpt>
      <trkpt lat="46.13226" lon="8.54685">
        <ele>713.54</ele>
        <time>2026-02-02T16:28:21.527000Z</time>
      </trkpt>
      <trkpt lat="46.13224" lon="8.54678">
        <ele>714.31</ele>
        <time>2026-02-02T16:28:22.705000Z</time>
      </trkpt>
      <trkpt lat="46.13219" lon="8.54665">
        <ele>714.15</ele>
        <time>2026-02-02T16:28:24.995000Z</time>
      </trkpt>
      <trkpt lat="46.13216" lon="8.54662">
        <ele>714.09</ele>
        <time>2026-02-02T16:28:25.875000Z</time>
      </trkpt>
      <trkpt lat="46.13174" lon="8.54604">
        <ele>714.02</ele>
        <time>2026-02-02T16:28:38.688000Z</time>
      </trkpt>
      <trkpt lat="46.13162" lon="8.54587">
        <ele>713.96</ele>
        <time>2026-02-02T16:28:42.351000Z</time>
      </trkpt>
      <trkpt lat="46.13152" lon="8.54573">
        <ele>715.85</ele>
        <time>2026-02-02T16:28:51.794000Z</time>
      </trkpt>
      <trkpt lat="46.13149" lon="8.54569">
        <ele>716.34</ele>
        <time>2026-02-02T16:28:52.686000Z</time>
      </trkpt>
      <trkpt lat="46.13142" lon="8.54561">
        <ele>717.42</ele>
        <time>2026-02-02T16:28:55.202000Z</time>
      </trkpt>
      <trkpt lat="46.13135" lon="8.54555">
        <ele>717.02</ele>
        <time>2026-02-02T16:28:56.749000Z</time>
      </trkpt>
      <trkpt lat="46.13127" lon="8.54549">
        <ele>716.52</ele>
        <time>2026-02-02T16:28:58.634000Z</time>
      </trkpt>
      <trkpt lat="46.13092" lon="8.54528">
        <ele>714.54</ele>
        <time>2026-02-02T16:29:06.235000Z</time>
      </trkpt>
      <trkpt lat="46.13082" lon="8.54523">
        <ele>713.99</ele>
        <time>2026-02-02T16:29:08.375000Z</time>
      </trkpt>
      <trkpt lat="46.13073" lon="8.54523">
        <ele>712.47</ele>
        <time>2026-02-02T16:29:10.196000Z</time>
      </trkpt>
      <trkpt lat="46.13061" lon="8.54525">
        <ele>710.35</ele>
        <time>2026-02-02T16:29:12.725000Z</time>
      </trkpt>
      <trkpt lat="46.13037" lon="8.54536">
        <ele>706.06</ele>
        <time>2026-02-02T16:29:17.836000Z</time>
      </trkpt>
      <trkpt lat="46.13026" lon="8.54538">
        <ele>704.2</ele>
        <time>2026-02-02T16:29:20.043000Z</time>
      </trkpt>
      <trkpt lat="46.13022" lon="8.54538">
        <ele>703.39</ele>
        <time>2026-02-02T16:29:21.007000Z</time>
      </trkpt>
      <trkpt lat="46.13018" lon="8.54536">
        <ele>702.67</ele>
        <time>2026-02-02T16:29:21.861000Z</time>
      </trkpt>
      <trkpt lat="46.13012" lon="8.54529">
        <ele>701.85</ele>
        <time>2026-02-02T16:29:23.367000Z</time>
      </trkpt>
      <trkpt lat="46.13011" lon="8.54526">
        <ele>701.79</ele>
        <time>2026-02-02T16:29:23.657000Z</time>
      </trkpt>
      <trkpt lat="46.13006" lon="8.54514">
        <ele>701.13</ele>
        <time>2026-02-02T16:29:25.626000Z</time>
      </trkpt>
      <trkpt lat="46.13005" lon="8.54501">
        <ele>701.73</ele>
        <time>2026-02-02T16:29:27.899000Z</time>
      </trkpt>
      <trkpt lat="46.13007" lon="8.54492">
        <ele>702.15</ele>
        <time>2026-02-02T16:29:29.534000Z</time>
      </trkpt>
      <trkpt lat="46.13009" lon="8.54485">
        <ele>703.22</ele>
        <time>2026-02-02T16:29:36.858000Z</time>
      </trkpt>
      <trkpt lat="46.13012" lon="8.54479">
        <ele>704.16</ele>
        <time>2026-02-02T16:29:43.275000Z</time>
      </trkpt>
      <trkpt lat="46.13019" lon="8.54472">
        <ele>705.94</ele>
        <time>2026-02-02T16:29:55.404000Z</time>
      </trkpt>
      <trkpt lat="46.13035" lon="8.54466">
        <ele>708.75</ele>
        <time>2026-02-02T16:30:17.048000Z</time>
      </trkpt>
      <trkpt lat="46.13043" lon="8.54463">
        <ele>710.74</ele>
        <time>2026-02-02T16:30:28.958000Z</time>
      </trkpt>
      <trkpt lat="46.13046" lon="8.5446">
        <ele>711.05</ele>
        <time>2026-02-02T16:30:29.781000Z</time>
      </trkpt>
      <trkpt lat="46.13047" lon="8.54454">
        <ele>711.43</ele>
        <time>2026-02-02T16:30:30.778000Z</time>
      </trkpt>
      <trkpt lat="46.13039" lon="8.54435">
        <ele>712.62</ele>
        <time>2026-02-02T16:30:34.702000Z</time>
      </trkpt>
      <trkpt lat="46.13041" lon="8.54433">
        <ele>713.55</ele>
        <time>2026-02-02T16:30:38.322000Z</time>
      </trkpt>
      <trkpt lat="46.13039" lon="8.54435">
        <ele>712.62</ele>
        <time>2026-02-02T16:30:40.258000Z</time>
      </trkpt>
      <trkpt lat="46.13038" lon="8.54433">
        <ele>712.6</ele>
        <time>2026-02-02T16:30:40.601000Z</time>
      </trkpt>
      <trkpt lat="46.13028" lon="8.5441">
        <ele>711.65</ele>
        <time>2026-02-02T16:30:44.376000Z</time>
      </trkpt>
      <trkpt lat="46.13008" lon="8.54364">
        <ele>713.17</ele>
        <time>2026-02-02T16:30:53.657000Z</time>
      </trkpt>
      <trkpt lat="46.12997" lon="8.54338">
        <ele>714.81</ele>
        <time>2026-02-02T16:30:58.993000Z</time>
      </trkpt>
      <trkpt lat="46.12994" lon="8.54333">
        <ele>715.14</ele>
        <time>2026-02-02T16:31:00.066000Z</time>
      </trkpt>
      <trkpt lat="46.1299" lon="8.54329">
        <ele>715.48</ele>
        <time>2026-02-02T16:31:01.253000Z</time>
      </trkpt>
      <trkpt lat="46.12979" lon="8.54321">
        <ele>714.38</ele>
        <time>2026-02-02T16:31:03.803000Z</time>
      </trkpt>
      <trkpt lat="46.12941" lon="8.54297">
        <ele>710.56</ele>
        <time>2026-02-02T16:31:12.161000Z</time>
      </trkpt>
      <trkpt lat="46.12921" lon="8.54284">
        <ele>710.14</ele>
        <time>2026-02-02T16:31:17.002000Z</time>
      </trkpt>
      <trkpt lat="46.12892" lon="8.54265">
        <ele>708.34</ele>
        <time>2026-02-02T16:31:23.388000Z</time>
      </trkpt>
      <trkpt lat="46.12871" lon="8.54248">
        <ele>707.11</ele>
        <time>2026-02-02T16:31:28.146000Z</time>
      </trkpt>
      <trkpt lat="46.12858" lon="8.54234">
        <ele>706.23</ele>
        <time>2026-02-02T16:31:31.528000Z</time>
      </trkpt>
      <trkpt lat="46.12846" lon="8.54215">
        <ele>705.47</ele>
        <time>2026-02-02T16:31:35.122000Z</time>
      </trkpt>
      <trkpt lat="46.12809" lon="8.54141">
        <ele>702.74</ele>
        <time>2026-02-02T16:31:47.988000Z</time>
      </trkpt>
      <trkpt lat="46.1279" lon="8.54118">
        <ele>696.66</ele>
        <time>2026-02-02T16:31:52.987000Z</time>
      </trkpt>
      <trkpt lat="46.12785" lon="8.54107">
        <ele>694.44</ele>
        <time>2026-02-02T16:31:54.855000Z</time>
      </trkpt>
      <trkpt lat="46.12782" lon="8.54093">
        <ele>694.99</ele>
        <time>2026-02-02T16:31:57.223000Z</time>
      </trkpt>
      <trkpt lat="46.12781" lon="8.5408">
        <ele>695.43</ele>
        <time>2026-02-02T16:31:59.169000Z</time>
      </trkpt>
      <trkpt lat="46.12782" lon="8.54052">
        <ele>696.43</ele>
        <time>2026-02-02T16:32:03.554000Z</time>
      </trkpt>
      <trkpt lat="46.12783" lon="8.53999">
        <ele>698.31</ele>
        <time>2026-02-02T16:32:11.683000Z</time>
      </trkpt>
      <trkpt lat="46.12781" lon="8.53955">
        <ele>699.84</ele>
        <time>2026-02-02T16:32:18.521000Z</time>
      </trkpt>
      <trkpt lat="46.12778" lon="8.53917">
        <ele>697.17</ele>
        <time>2026-02-02T16:32:24.389000Z</time>
      </trkpt>
      <trkpt lat="46.12765" lon="8.53828">
        <ele>690.76</ele>
        <time>2026-02-02T16:32:38.485000Z</time>
      </trkpt>
      <trkpt lat="46.12762" lon="8.53799">
        <ele>688.73</ele>
        <time>2026-02-02T16:32:42.975000Z</time>
      </trkpt>
      <trkpt lat="46.12762" lon="8.53773">
        <ele>689.48</ele>
        <time>2026-02-02T16:32:46.977000Z</time>
      </trkpt>
      <trkpt lat="46.12764" lon="8.5375">
        <ele>690.16</ele>
        <time>2026-02-02T16:32:50.641000Z</time>
      </trkpt>
      <trkpt lat="46.1277" lon="8.53699">
        <ele>691.65</ele>
        <time>2026-02-02T16:32:58.618000Z</time>
      </trkpt>
      <trkpt lat="46.12771" lon="8.53691">
        <ele>692.25</ele>
        <time>2026-02-02T16:32:59.829000Z</time>
      </trkpt>
      <trkpt lat="46.12773" lon="8.53665">
        <ele>692.39</ele>
        <time>2026-02-02T16:33:03.918000Z</time>
      </trkpt>
      <trkpt lat="46.12772" lon="8.53646">
        <ele>692.49</ele>
        <time>2026-02-02T16:33:06.823000Z</time>
      </trkpt>
      <trkpt lat="46.1277" lon="8.53634">
        <ele>692.56</ele>
        <time>2026-02-02T16:33:08.709000Z</time>
      </trkpt>
      <trkpt lat="46.12759" lon="8.5356">
        <ele>692.97</ele>
        <time>2026-02-02T16:33:20.382000Z</time>
      </trkpt>
      <trkpt lat="46.12758" lon="8.53559">
        <ele>692.64</ele>
        <time>2026-02-02T16:33:20.586000Z</time>
      </trkpt>
      <trkpt lat="46.12752" lon="8.53524">
        <ele>692.31</ele>
        <time>2026-02-02T16:33:26.132000Z</time>
      </trkpt>
      <trkpt lat="46.12728" lon="8.5342">
        <ele>690.43</ele>
        <time>2026-02-02T16:33:42.957000Z</time>
      </trkpt>
      <trkpt lat="46.12723" lon="8.53386">
        <ele>689.84</ele>
        <time>2026-02-02T16:33:48.264000Z</time>
      </trkpt>
      <trkpt lat="46.12721" lon="8.53363">
        <ele>689.44</ele>
        <time>2026-02-02T16:33:51.878000Z</time>
      </trkpt>
      <trkpt lat="46.12721" lon="8.53356">
        <ele>689.65</ele>
        <time>2026-02-02T16:33:52.967000Z</time>
      </trkpt>
      <trkpt lat="46.12711" lon="8.5321">
        <ele>689.92</ele>
        <time>2026-02-02T16:34:15.494000Z</time>
      </trkpt>
      <trkpt lat="46.1271" lon="8.53202">
        <ele>690.18</ele>
        <time>2026-02-02T16:34:16.640000Z</time>
      </trkpt>
      <trkpt lat="46.12711" lon="8.53173">
        <ele>690.28</ele>
        <time>2026-02-02T16:34:21.113000Z</time>
      </trkpt>
      <trkpt lat="46.12726" lon="8.53094">
        <ele>690.56</ele>
        <time>2026-02-02T16:34:33.665000Z</time>
      </trkpt>
      <trkpt lat="46.12737" lon="8.53039">
        <ele>690.65</ele>
        <time>2026-02-02T16:34:42.596000Z</time>
      </trkpt>
      <trkpt lat="46.12717" lon="8.53034">
        <ele>687.86</ele>
        <time>2026-02-02T16:34:48.552000Z</time>
      </trkpt>
      <trkpt lat="46.12715" lon="8.53034">
        <ele>687.6</ele>
        <time>2026-02-02T16:34:49.188000Z</time>
      </trkpt>
      <trkpt lat="46.12714" lon="8.53034">
        <ele>687.44</ele>
        <time>2026-02-02T16:34:49.556000Z</time>
      </trkpt>
      <trkpt lat="46.12714" lon="8.53034">
        <ele>687.44</ele>
        <time>2026-02-02T16:34:49.556000Z</time>
      </trkpt>
      <trkpt lat="46.12711" lon="8.53033">
        <ele>686.95</ele>
        <time>2026-02-02T16:34:50.717000Z</time>
      </trkpt>
      <trkpt lat="46.12667" lon="8.53027">
        <ele>683.3</ele>
        <time>2026-02-02T16:35:04.048000Z</time>
      </trkpt>
      <trkpt lat="46.12664" lon="8.53026">
        <ele>683.29</ele>
        <time>2026-02-02T16:35:04.723000Z</time>
      </trkpt>
      <trkpt lat="46.12611" lon="8.53018">
        <ele>690.15</ele>
        <time>2026-02-02T16:35:19.782000Z</time>
      </trkpt>
      <trkpt lat="46.12552" lon="8.53009">
        <ele>697.02</ele>
        <time>2026-02-02T16:35:36.198000Z</time>
      </trkpt>
      <trkpt lat="46.12549" lon="8.53009">
        <ele>697.79</ele>
        <time>2026-02-02T16:35:36.823000Z</time>
      </trkpt>
      <trkpt lat="46.12547" lon="8.53005">
        <ele>698.47</ele>
        <time>2026-02-02T16:35:37.620000Z</time>
      </trkpt>
      <trkpt lat="46.12545" lon="8.53002">
        <ele>698.51</ele>
        <time>2026-02-02T16:35:38.454000Z</time>
      </trkpt>
      <trkpt lat="46.12543" lon="8.52992">
        <ele>699.39</ele>
        <time>2026-02-02T16:35:40.421000Z</time>
      </trkpt>
      <trkpt lat="46.1254" lon="8.52972">
        <ele>701.23</ele>
        <time>2026-02-02T16:35:44.490000Z</time>
      </trkpt>
      <trkpt lat="46.12531" lon="8.52945">
        <ele>703.86</ele>
        <time>2026-02-02T16:35:50.323000Z</time>
      </trkpt>
      <trkpt lat="46.12518" lon="8.52924">
        <ele>706.01</ele>
        <time>2026-02-02T16:35:55.674000Z</time>
      </trkpt>
      <trkpt lat="46.12509" lon="8.52907">
        <ele>708.16</ele>
        <time>2026-02-02T16:35:59.706000Z</time>
      </trkpt>
      <trkpt lat="46.12503" lon="8.52883">
        <ele>710.36</ele>
        <time>2026-02-02T16:36:04.590000Z</time>
      </trkpt>
      <trkpt lat="46.12502" lon="8.52869">
        <ele>711.6</ele>
        <time>2026-02-02T16:36:07.363000Z</time>
      </trkpt>
      <trkpt lat="46.12499" lon="8.52861">
        <ele>712.38</ele>
        <time>2026-02-02T16:36:09.089000Z</time>
      </trkpt>
      <trkpt lat="46.12482" lon="8.52825">
        <ele>716.22</ele>
        <time>2026-02-02T16:36:17.665000Z</time>
      </trkpt>
      <trkpt lat="46.12469" lon="8.52792">
        <ele>719.55</ele>
        <time>2026-02-02T16:36:25.065000Z</time>
      </trkpt>
      <trkpt lat="46.12443" lon="8.52731">
        <ele>725.77</ele>
        <time>2026-02-02T16:36:38.912000Z</time>
      </trkpt>
      <trkpt lat="46.1244" lon="8.5272">
        <ele>725.31</ele>
        <time>2026-02-02T16:36:41.328000Z</time>
      </trkpt>
      <trkpt lat="46.12438" lon="8.52706">
        <ele>724.74</ele>
        <time>2026-02-02T16:36:44.071000Z</time>
      </trkpt>
      <trkpt lat="46.12439" lon="8.52656">
        <ele>722.74</ele>
        <time>2026-02-02T16:36:53.750000Z</time>
      </trkpt>
      <trkpt lat="46.12437" lon="8.52631">
        <ele>721.71</ele>
        <time>2026-02-02T16:36:58.730000Z</time>
      </trkpt>
      <trkpt lat="46.12434" lon="8.52621">
        <ele>723.34</ele>
        <time>2026-02-02T16:37:00.804000Z</time>
      </trkpt>
      <trkpt lat="46.12413" lon="8.52601">
        <ele>731.87</ele>
        <time>2026-02-02T16:37:07.868000Z</time>
      </trkpt>
      <trkpt lat="46.12412" lon="8.52595">
        <ele>733.34</ele>
        <time>2026-02-02T16:37:09.070000Z</time>
      </trkpt>
      <trkpt lat="46.12412" lon="8.5259">
        <ele>734.61</ele>
        <time>2026-02-02T16:37:10.127000Z</time>
      </trkpt>
      <trkpt lat="46.12412" lon="8.52585">
        <ele>734.57</ele>
        <time>2026-02-02T16:37:10.784000Z</time>
      </trkpt>
      <trkpt lat="46.12419" lon="8.52562">
        <ele>734.27</ele>
        <time>2026-02-02T16:37:14.778000Z</time>
      </trkpt>
      <trkpt lat="46.12417" lon="8.52546">
        <ele>734.08</ele>
        <time>2026-02-02T16:37:17.306000Z</time>
      </trkpt>
      <trkpt lat="46.12412" lon="8.52536">
        <ele>736.69</ele>
        <time>2026-02-02T16:37:19.266000Z</time>
      </trkpt>
      <trkpt lat="46.12403" lon="8.52524">
        <ele>741.08</ele>
        <time>2026-02-02T16:37:22.008000Z</time>
      </trkpt>
      <trkpt lat="46.12402" lon="8.52517">
        <ele>742.83</ele>
        <time>2026-02-02T16:37:23.117000Z</time>
      </trkpt>
      <trkpt lat="46.12402" lon="8.5251">
        <ele>744.7</ele>
        <time>2026-02-02T16:37:24.294000Z</time>
      </trkpt>
      <trkpt lat="46.12406" lon="8.52502">
        <ele>742.35</ele>
        <time>2026-02-02T16:37:25.822000Z</time>
      </trkpt>
      <trkpt lat="46.12409" lon="8.52498">
        <ele>741.47</ele>
        <time>2026-02-02T16:37:26.750000Z</time>
      </trkpt>
      <trkpt lat="46.12422" lon="8.52489">
        <ele>736.23</ele>
        <time>2026-02-02T16:37:30.132000Z</time>
      </trkpt>
      <trkpt lat="46.12426" lon="8.52484">
        <ele>734.46</ele>
        <time>2026-02-02T16:37:31.273000Z</time>
      </trkpt>
      <trkpt lat="46.12428" lon="8.52477">
        <ele>732.68</ele>
        <time>2026-02-02T16:37:32.435000Z</time>
      </trkpt>
      <trkpt lat="46.12425" lon="8.52405">
        <ele>742.74</ele>
        <time>2026-02-02T16:37:43.722000Z</time>
      </trkpt>
      <trkpt lat="46.12428" lon="8.52353">
        <ele>746.76</ele>
        <time>2026-02-02T16:37:51.809000Z</time>
      </trkpt>
      <trkpt lat="46.12428" lon="8.52304">
        <ele>750.63</ele>
        <time>2026-02-02T16:37:59.452000Z</time>
      </trkpt>
      <trkpt lat="46.12421" lon="8.52257">
        <ele>754.41</ele>
        <time>2026-02-02T16:38:06.895000Z</time>
      </trkpt>
      <trkpt lat="46.1242" lon="8.52236">
        <ele>756.07</ele>
        <time>2026-02-02T16:38:10.170000Z</time>
      </trkpt>
      <trkpt lat="46.12426" lon="8.52216">
        <ele>754.17</ele>
        <time>2026-02-02T16:38:13.623000Z</time>
      </trkpt>
      <trkpt lat="46.12433" lon="8.52197">
        <ele>752.13</ele>
        <time>2026-02-02T16:38:17.026000Z</time>
      </trkpt>
      <trkpt lat="46.12436" lon="8.52173">
        <ele>749.93</ele>
        <time>2026-02-02T16:38:20.707000Z</time>
      </trkpt>
      <trkpt lat="46.12439" lon="8.52133">
        <ele>746.16</ele>
        <time>2026-02-02T16:38:27.025000Z</time>
      </trkpt>
      <trkpt lat="46.12447" lon="8.521">
        <ele>742.96</ele>
        <time>2026-02-02T16:38:32.379000Z</time>
      </trkpt>
      <trkpt lat="46.12448" lon="8.52074">
        <ele>743.58</ele>
        <time>2026-02-02T16:38:36.466000Z</time>
      </trkpt>
      <trkpt lat="46.12446" lon="8.52057">
        <ele>744.07</ele>
        <time>2026-02-02T16:38:39.204000Z</time>
      </trkpt>
      <trkpt lat="46.12441" lon="8.52044">
        <ele>744.49</ele>
        <time>2026-02-02T16:38:41.563000Z</time>
      </trkpt>
      <trkpt lat="46.12436" lon="8.52026">
        <ele>745.01</ele>
        <time>2026-02-02T16:38:44.460000Z</time>
      </trkpt>
      <trkpt lat="46.12437" lon="8.52019">
        <ele>745.31</ele>
        <time>2026-02-02T16:38:45.562000Z</time>
      </trkpt>
      <trkpt lat="46.1244" lon="8.52005">
        <ele>745.62</ele>
        <time>2026-02-02T16:38:47.788000Z</time>
      </trkpt>
      <trkpt lat="46.1244" lon="8.51989">
        <ele>746.07</ele>
        <time>2026-02-02T16:38:50.300000Z</time>
      </trkpt>
      <trkpt lat="46.12437" lon="8.5197">
        <ele>746.59</ele>
        <time>2026-02-02T16:38:53.231000Z</time>
      </trkpt>
      <trkpt lat="46.12431" lon="8.51938">
        <ele>750.49</ele>
        <time>2026-02-02T16:38:58.444000Z</time>
      </trkpt>
      <trkpt lat="46.12424" lon="8.51917">
        <ele>753.21</ele>
        <time>2026-02-02T16:39:02.063000Z</time>
      </trkpt>
      <trkpt lat="46.12422" lon="8.51891">
        <ele>756.25</ele>
        <time>2026-02-02T16:39:06.081000Z</time>
      </trkpt>
      <trkpt lat="46.12423" lon="8.51872">
        <ele>754.47</ele>
        <time>2026-02-02T16:39:09.096000Z</time>
      </trkpt>
      <trkpt lat="46.12425" lon="8.51859">
        <ele>753.09</ele>
        <time>2026-02-02T16:39:11.060000Z</time>
      </trkpt>
      <trkpt lat="46.1243" lon="8.51848">
        <ele>751.56</ele>
        <time>2026-02-02T16:39:13.219000Z</time>
      </trkpt>
      <trkpt lat="46.12428" lon="8.51827">
        <ele>749.31</ele>
        <time>2026-02-02T16:39:16.395000Z</time>
      </trkpt>
      <trkpt lat="46.12432" lon="8.5182">
        <ele>748.34</ele>
        <time>2026-02-02T16:39:17.759000Z</time>
      </trkpt>
      <trkpt lat="46.12436" lon="8.51806">
        <ele>746.68</ele>
        <time>2026-02-02T16:39:20.110000Z</time>
      </trkpt>
      <trkpt lat="46.12433" lon="8.5176">
        <ele>744.84</ele>
        <time>2026-02-02T16:39:27.353000Z</time>
      </trkpt>
      <trkpt lat="46.12434" lon="8.51711">
        <ele>742.88</ele>
        <time>2026-02-02T16:39:35Z</time>
      </trkpt>
      <trkpt lat="46.12434" lon="8.51709">
        <ele>742.78</ele>
        <time>2026-02-02T16:39:35.273000Z</time>
      </trkpt>
      <trkpt lat="46.12438" lon="8.51686">
        <ele>742.44</ele>
        <time>2026-02-02T16:39:38.868000Z</time>
      </trkpt>
      <trkpt lat="46.12438" lon="8.51676">
        <ele>742.27</ele>
        <time>2026-02-02T16:39:40.364000Z</time>
      </trkpt>
      <trkpt lat="46.12435" lon="8.51665">
        <ele>742.06</ele>
        <time>2026-02-02T16:39:42.173000Z</time>
      </trkpt>
      <trkpt lat="46.12432" lon="8.51655">
        <ele>741.85</ele>
        <time>2026-02-02T16:39:43.969000Z</time>
      </trkpt>
      <trkpt lat="46.12431" lon="8.51633">
        <ele>741.47</ele>
        <time>2026-02-02T16:39:47.228000Z</time>
      </trkpt>
      <trkpt lat="46.12433" lon="8.51597">
        <ele>740.81</ele>
        <time>2026-02-02T16:39:52.917000Z</time>
      </trkpt>
      <trkpt lat="46.12431" lon="8.51577">
        <ele>740.45</ele>
        <time>2026-02-02T16:39:55.962000Z</time>
      </trkpt>
      <trkpt lat="46.12432" lon="8.51567">
        <ele>740.27</ele>
        <time>2026-02-02T16:39:57.575000Z</time>
      </trkpt>
      <trkpt lat="46.12437" lon="8.51545">
        <ele>739.86</ele>
        <time>2026-02-02T16:40:01.057000Z</time>
      </trkpt>
      <trkpt lat="46.12438" lon="8.51534">
        <ele>739.67</ele>
        <time>2026-02-02T16:40:02.714000Z</time>
      </trkpt>
      <trkpt lat="46.12437" lon="8.51521">
        <ele>739.44</ele>
        <time>2026-02-02T16:40:04.704000Z</time>
      </trkpt>
      <trkpt lat="46.12445" lon="8.51404">
        <ele>737.31</ele>
        <time>2026-02-02T16:40:22.945000Z</time>
      </trkpt>
      <trkpt lat="46.12448" lon="8.51387">
        <ele>737.07</ele>
        <time>2026-02-02T16:40:25.613000Z</time>
      </trkpt>
      <trkpt lat="46.1245" lon="8.51377">
        <ele>736.82</ele>
        <time>2026-02-02T16:40:27.167000Z</time>
      </trkpt>
      <trkpt lat="46.12452" lon="8.5137">
        <ele>737.08</ele>
        <time>2026-02-02T16:40:28.280000Z</time>
      </trkpt>
      <trkpt lat="46.12465" lon="8.51314">
        <ele>738.17</ele>
        <time>2026-02-02T16:40:37.483000Z</time>
      </trkpt>
      <trkpt lat="46.12485" lon="8.51239">
        <ele>739.76</ele>
        <time>2026-02-02T16:40:49.880000Z</time>
      </trkpt>
      <trkpt lat="46.12495" lon="8.51191">
        <ele>740.75</ele>
        <time>2026-02-02T16:40:57.564000Z</time>
      </trkpt>
      <trkpt lat="46.12503" lon="8.51167">
        <ele>741.28</ele>
        <time>2026-02-02T16:41:01.680000Z</time>
      </trkpt>
      <trkpt lat="46.12504" lon="8.51156">
        <ele>741.49</ele>
        <time>2026-02-02T16:41:03.370000Z</time>
      </trkpt>
      <trkpt lat="46.12499" lon="8.51135">
        <ele>741.93</ele>
        <time>2026-02-02T16:41:06.759000Z</time>
      </trkpt>
      <trkpt lat="46.12501" lon="8.51119">
        <ele>742.24</ele>
        <time>2026-02-02T16:41:09.218000Z</time>
      </trkpt>
      <trkpt lat="46.12504" lon="8.5111">
        <ele>742.26</ele>
        <time>2026-02-02T16:41:10.866000Z</time>
      </trkpt>
      <trkpt lat="46.12514" lon="8.51094">
        <ele>742.32</ele>
        <time>2026-02-02T16:41:14.003000Z</time>
      </trkpt>
      <trkpt lat="46.12519" lon="8.51073">
        <ele>742.38</ele>
        <time>2026-02-02T16:41:17.440000Z</time>
      </trkpt>
      <trkpt lat="46.12528" lon="8.51021">
        <ele>742.52</ele>
        <time>2026-02-02T16:41:25.738000Z</time>
      </trkpt>
      <trkpt lat="46.12535" lon="8.50993">
        <ele>742.59</ele>
        <time>2026-02-02T16:41:30.326000Z</time>
      </trkpt>
      <trkpt lat="46.1254" lon="8.50963">
        <ele>742.68</ele>
        <time>2026-02-02T16:41:35.137000Z</time>
      </trkpt>
      <trkpt lat="46.12543" lon="8.50958">
        <ele>742.62</ele>
        <time>2026-02-02T16:41:36.243000Z</time>
      </trkpt>
      <trkpt lat="46.1254" lon="8.50963">
        <ele>742.68</ele>
        <time>2026-02-02T16:41:37.361000Z</time>
      </trkpt>
      <trkpt lat="46.12523" lon="8.50983">
        <ele>745.81</ele>
        <time>2026-02-02T16:41:44.368000Z</time>
      </trkpt>
      <trkpt lat="46.12478" lon="8.51017">
        <ele>752.94</ele>
        <time>2026-02-02T16:42:00.353000Z</time>
      </trkpt>
      <trkpt lat="46.12444" lon="8.51033">
        <ele>757.98</ele>
        <time>2026-02-02T16:42:11.652000Z</time>
      </trkpt>
      <trkpt lat="46.12432" lon="8.51047">
        <ele>759.9</ele>
        <time>2026-02-02T16:42:16.375000Z</time>
      </trkpt>
      <trkpt lat="46.12425" lon="8.51061">
        <ele>760.11</ele>
        <time>2026-02-02T16:42:20.142000Z</time>
      </trkpt>
      <trkpt lat="46.12421" lon="8.51083">
        <ele>760.38</ele>
        <time>2026-02-02T16:42:24.907000Z</time>
      </trkpt>
      <trkpt lat="46.12414" lon="8.51103">
        <ele>760.66</ele>
        <time>2026-02-02T16:42:29.937000Z</time>
      </trkpt>
      <trkpt lat="46.12413" lon="8.51106">
        <ele>760.8</ele>
        <time>2026-02-02T16:42:30.716000Z</time>
      </trkpt>
      <trkpt lat="46.12403" lon="8.51121">
        <ele>760.93</ele>
        <time>2026-02-02T16:42:35.147000Z</time>
      </trkpt>
      <trkpt lat="46.12398" lon="8.51124">
        <ele>761.97</ele>
        <time>2026-02-02T16:42:37.030000Z</time>
      </trkpt>
      <trkpt lat="46.12392" lon="8.51121">
        <ele>763.01</ele>
        <time>2026-02-02T16:42:38.930000Z</time>
      </trkpt>
      <trkpt lat="46.12383" lon="8.51112">
        <ele>764.79</ele>
        <time>2026-02-02T16:42:42.201000Z</time>
      </trkpt>
      <trkpt lat="46.12378" lon="8.51102">
        <ele>766.3</ele>
        <time>2026-02-02T16:42:44.944000Z</time>
      </trkpt>
      <trkpt lat="46.12378" lon="8.51094">
        <ele>767.22</ele>
        <time>2026-02-02T16:42:46.624000Z</time>
      </trkpt>
      <trkpt lat="46.12381" lon="8.51072">
        <ele>767.96</ele>
        <time>2026-02-02T16:42:51.678000Z</time>
      </trkpt>
      <trkpt lat="46.12394" lon="8.51">
        <ele>769.07</ele>
        <time>2026-02-02T16:43:07.721000Z</time>
      </trkpt>
      <trkpt lat="46.12398" lon="8.50963">
        <ele>770.25</ele>
        <time>2026-02-02T16:43:15.848000Z</time>
      </trkpt>
      <trkpt lat="46.12398" lon="8.50956">
        <ele>770.76</ele>
        <time>2026-02-02T16:43:17.504000Z</time>
      </trkpt>
      <trkpt lat="46.12395" lon="8.50932">
        <ele>773.13</ele>
        <time>2026-02-02T16:43:28.886000Z</time>
      </trkpt>
      <trkpt lat="46.12386" lon="8.509">
        <ele>776.45</ele>
        <time>2026-02-02T16:43:45.129000Z</time>
      </trkpt>
      <trkpt lat="46.12383" lon="8.50889">
        <ele>777.62</ele>
        <time>2026-02-02T16:43:50.224000Z</time>
      </trkpt>
      <trkpt lat="46.12374" lon="8.50871">
        <ele>779.78</ele>
        <time>2026-02-02T16:44:00.574000Z</time>
      </trkpt>
      <trkpt lat="46.12357" lon="8.50846">
        <ele>783.21</ele>
        <time>2026-02-02T16:44:17.084000Z</time>
      </trkpt>
      <trkpt lat="46.12332" lon="8.50802">
        <ele>788.32</ele>
        <time>2026-02-02T16:44:43.527000Z</time>
      </trkpt>
      <trkpt lat="46.12307" lon="8.50765">
        <ele>795.36</ele>
        <time>2026-02-02T16:45:07.348000Z</time>
      </trkpt>
      <trkpt lat="46.12293" lon="8.50735">
        <ele>797.96</ele>
        <time>2026-02-02T16:45:24.255000Z</time>
      </trkpt>
      <trkpt lat="46.12289" lon="8.50714">
        <ele>803.45</ele>
        <time>2026-02-02T16:45:34.859000Z</time>
      </trkpt>
      <trkpt lat="46.12281" lon="8.50705">
        <ele>805.33</ele>
        <time>2026-02-02T16:45:41.659000Z</time>
      </trkpt>
      <trkpt lat="46.12273" lon="8.50703">
        <ele>806.3</ele>
        <time>2026-02-02T16:45:47.674000Z</time>
      </trkpt>
      <trkpt lat="46.12274" lon="8.50744">
        <ele>804.54</ele>
        <time>2026-02-02T16:45:54.084000Z</time>
      </trkpt>
      <trkpt lat="46.12273" lon="8.5075">
        <ele>804.29</ele>
        <time>2026-02-02T16:45:55.028000Z</time>
      </trkpt>
      <trkpt lat="46.12272" lon="8.50756">
        <ele>805.29</ele>
        <time>2026-02-02T16:46:01.770000Z</time>
      </trkpt>
      <trkpt lat="46.12267" lon="8.50767">
        <ele>807.09</ele>
        <time>2026-02-02T16:46:13.891000Z</time>
      </trkpt>
      <trkpt lat="46.12228" lon="8.50812">
        <ele>816.87</ele>
        <time>2026-02-02T16:47:21.388000Z</time>
      </trkpt>
      <trkpt lat="46.12212" lon="8.50835">
        <ele>820.44</ele>
        <time>2026-02-02T16:47:27.817000Z</time>
      </trkpt>
      <trkpt lat="46.1221" lon="8.50848">
        <ele>821.78</ele>
        <time>2026-02-02T16:47:30.502000Z</time>
      </trkpt>
      <trkpt lat="46.12209" lon="8.50869">
        <ele>820.59</ele>
        <time>2026-02-02T16:47:34.466000Z</time>
      </trkpt>
      <trkpt lat="46.12213" lon="8.50884">
        <ele>819.64</ele>
        <time>2026-02-02T16:47:37.681000Z</time>
      </trkpt>
      <trkpt lat="46.12226" lon="8.50918">
        <ele>817.35</ele>
        <time>2026-02-02T16:47:45.347000Z</time>
      </trkpt>
      <trkpt lat="46.12229" lon="8.50935">
        <ele>816.33</ele>
        <time>2026-02-02T16:47:48.783000Z</time>
      </trkpt>
      <trkpt lat="46.1223" lon="8.50962">
        <ele>814.96</ele>
        <time>2026-02-02T16:47:53.993000Z</time>
      </trkpt>
      <trkpt lat="46.12229" lon="8.50968">
        <ele>819.3</ele>
        <time>2026-02-02T16:47:55.240000Z</time>
      </trkpt>
      <trkpt lat="46.12215" lon="8.51052">
        <ele>823.64</ele>
        <time>2026-02-02T16:48:12.001000Z</time>
      </trkpt>
      <trkpt lat="46.12211" lon="8.51102">
        <ele>828.39</ele>
        <time>2026-02-02T16:48:21.787000Z</time>
      </trkpt>
      <trkpt lat="46.12206" lon="8.51125">
        <ele>830.58</ele>
        <time>2026-02-02T16:48:26.325000Z</time>
      </trkpt>
      <trkpt lat="46.12196" lon="8.51145">
        <ele>832.94</ele>
        <time>2026-02-02T16:48:31.171000Z</time>
      </trkpt>
      <trkpt lat="46.12185" lon="8.51159">
        <ele>834.88</ele>
        <time>2026-02-02T16:48:35.190000Z</time>
      </trkpt>
      <trkpt lat="46.12181" lon="8.51177">
        <ele>836.61</ele>
        <time>2026-02-02T16:48:38.770000Z</time>
      </trkpt>
      <trkpt lat="46.12166" lon="8.5123">
        <ele>841.56</ele>
        <time>2026-02-02T16:48:50.049000Z</time>
      </trkpt>
      <trkpt lat="46.12159" lon="8.51284">
        <ele>842.02</ele>
        <time>2026-02-02T16:49:00.638000Z</time>
      </trkpt>
      <trkpt lat="46.12158" lon="8.51317">
        <ele>842.3</ele>
        <time>2026-02-02T16:49:06.901000Z</time>
      </trkpt>
      <trkpt lat="46.12162" lon="8.51367">
        <ele>842.73</ele>
        <time>2026-02-02T16:49:16.774000Z</time>
      </trkpt>
      <trkpt lat="46.1216" lon="8.51396">
        <ele>842.97</ele>
        <time>2026-02-02T16:49:22.342000Z</time>
      </trkpt>
      <trkpt lat="46.1216" lon="8.51442">
        <ele>843.3</ele>
        <time>2026-02-02T16:49:31.214000Z</time>
      </trkpt>
      <trkpt lat="46.1216" lon="8.51474">
        <ele>843.62</ele>
        <time>2026-02-02T16:49:37.538000Z</time>
      </trkpt>
      <trkpt lat="46.12152" lon="8.51514">
        <ele>850.38</ele>
        <time>2026-02-02T16:49:45.894000Z</time>
      </trkpt>
      <trkpt lat="46.12138" lon="8.51563">
        <ele>858.83</ele>
        <time>2026-02-02T16:49:56.350000Z</time>
      </trkpt>
      <trkpt lat="46.12133" lon="8.51583">
        <ele>862.19</ele>
        <time>2026-02-02T16:50:00.561000Z</time>
      </trkpt>
      <trkpt lat="46.12133" lon="8.51593">
        <ele>862.06</ele>
        <time>2026-02-02T16:50:02.439000Z</time>
      </trkpt>
      <trkpt lat="46.12134" lon="8.51598">
        <ele>861.99</ele>
        <time>2026-02-02T16:50:03.606000Z</time>
      </trkpt>
      <trkpt lat="46.12138" lon="8.51603">
        <ele>859.92</ele>
        <time>2026-02-02T16:50:05.008000Z</time>
      </trkpt>
      <trkpt lat="46.1215" lon="8.51611">
        <ele>854.51</ele>
        <time>2026-02-02T16:50:08.614000Z</time>
      </trkpt>
      <trkpt lat="46.12158" lon="8.51615">
        <ele>850.9</ele>
        <time>2026-02-02T16:50:11.082000Z</time>
      </trkpt>
      <trkpt lat="46.12163" lon="8.5162">
        <ele>848.78</ele>
        <time>2026-02-02T16:50:12.700000Z</time>
      </trkpt>
      <trkpt lat="46.12164" lon="8.51627">
        <ele>850.17</ele>
        <time>2026-02-02T16:50:19.356000Z</time>
      </trkpt>
      <trkpt lat="46.12162" lon="8.51636">
        <ele>852.19</ele>
        <time>2026-02-02T16:50:28.952000Z</time>
      </trkpt>
      <trkpt lat="46.1215" lon="8.51665">
        <ele>858.72</ele>
        <time>2026-02-02T16:51:00.148000Z</time>
      </trkpt>
      <trkpt lat="46.12139" lon="8.51679">
        <ele>863.02</ele>
        <time>2026-02-02T16:51:20.648000Z</time>
      </trkpt>
      <trkpt lat="46.12122" lon="8.51698">
        <ele>868.24</ele>
        <time>2026-02-02T16:51:49.787000Z</time>
      </trkpt>
      <trkpt lat="46.12113" lon="8.51722">
        <ele>870.47</ele>
        <time>2026-02-02T16:52:14.630000Z</time>
      </trkpt>
      <trkpt lat="46.12107" lon="8.51744">
        <ele>872.53</ele>
        <time>2026-02-02T16:52:37.570000Z</time>
      </trkpt>
      <trkpt lat="46.12107" lon="8.51753">
        <ele>873.2</ele>
        <time>2026-02-02T16:52:45.695000Z</time>
      </trkpt>
      <trkpt lat="46.12108" lon="8.51764">
        <ele>872.22</ele>
        <time>2026-02-02T16:52:47.522000Z</time>
      </trkpt>
      <trkpt lat="46.1211" lon="8.51771">
        <ele>870.34</ele>
        <time>2026-02-02T16:52:48.796000Z</time>
      </trkpt>
      <trkpt lat="46.12118" lon="8.51779">
        <ele>866.74</ele>
        <time>2026-02-02T16:52:51.218000Z</time>
      </trkpt>
      <trkpt lat="46.12129" lon="8.51783">
        <ele>862.51</ele>
        <time>2026-02-02T16:52:54.102000Z</time>
      </trkpt>
      <trkpt lat="46.12154" lon="8.51791">
        <ele>852.82</ele>
        <time>2026-02-02T16:53:00.680000Z</time>
      </trkpt>
      <trkpt lat="46.12163" lon="8.51796">
        <ele>849.15</ele>
        <time>2026-02-02T16:53:03.171000Z</time>
      </trkpt>
      <trkpt lat="46.12168" lon="8.51799">
        <ele>847.13</ele>
        <time>2026-02-02T16:53:04.528000Z</time>
      </trkpt>
      <trkpt lat="46.12175" lon="8.51811">
        <ele>844.44</ele>
        <time>2026-02-02T16:53:07.250000Z</time>
      </trkpt>
      <trkpt lat="46.12178" lon="8.5183">
        <ele>845.9</ele>
        <time>2026-02-02T16:53:10.707000Z</time>
      </trkpt>
      <trkpt lat="46.12187" lon="8.51904">
        <ele>851.53</ele>
        <time>2026-02-02T16:53:23.981000Z</time>
      </trkpt>
      <trkpt lat="46.12188" lon="8.51936">
        <ele>853.91</ele>
        <time>2026-02-02T16:53:29.577000Z</time>
      </trkpt>
      <trkpt lat="46.12186" lon="8.5197">
        <ele>856.46</ele>
        <time>2026-02-02T16:53:35.611000Z</time>
      </trkpt>
      <trkpt lat="46.12183" lon="8.5199">
        <ele>858.0</ele>
        <time>2026-02-02T16:53:39.237000Z</time>
      </trkpt>
      <trkpt lat="46.12183" lon="8.52008">
        <ele>859.21</ele>
        <time>2026-02-02T16:53:42.481000Z</time>
      </trkpt>
      <trkpt lat="46.12183" lon="8.52023">
        <ele>859.37</ele>
        <time>2026-02-02T16:53:45.173000Z</time>
      </trkpt>
      <trkpt lat="46.12186" lon="8.52035">
        <ele>859.57</ele>
        <time>2026-02-02T16:53:47.347000Z</time>
      </trkpt>
      <trkpt lat="46.12191" lon="8.52048">
        <ele>859.67</ele>
        <time>2026-02-02T16:53:50.104000Z</time>
      </trkpt>
      <trkpt lat="46.12192" lon="8.52055">
        <ele>859.75</ele>
        <time>2026-02-02T16:53:51.408000Z</time>
      </trkpt>
      <trkpt lat="46.1219" lon="8.52097">
        <ele>860.18</ele>
        <time>2026-02-02T16:53:58.643000Z</time>
      </trkpt>
      <trkpt lat="46.12186" lon="8.52127">
        <ele>862.97</ele>
        <time>2026-02-02T16:54:03.968000Z</time>
      </trkpt>
      <trkpt lat="46.12173" lon="8.52179">
        <ele>868.03</ele>
        <time>2026-02-02T16:54:13.587000Z</time>
      </trkpt>
      <trkpt lat="46.12166" lon="8.52209">
        <ele>870.91</ele>
        <time>2026-02-02T16:54:19.106000Z</time>
      </trkpt>
      <trkpt lat="46.12157" lon="8.52273">
        <ele>870.54</ele>
        <time>2026-02-02T16:54:30.568000Z</time>
      </trkpt>
      <trkpt lat="46.12152" lon="8.5229">
        <ele>870.44</ele>
        <time>2026-02-02T16:54:33.752000Z</time>
      </trkpt>
      <trkpt lat="46.12136" lon="8.52324">
        <ele>874.56</ele>
        <time>2026-02-02T16:54:40.824000Z</time>
      </trkpt>
      <trkpt lat="46.12101" lon="8.52416">
        <ele>885.3</ele>
        <time>2026-02-02T16:54:59.189000Z</time>
      </trkpt>
      <trkpt lat="46.12094" lon="8.52441">
        <ele>887.94</ele>
        <time>2026-02-02T16:55:03.774000Z</time>
      </trkpt>
      <trkpt lat="46.12089" lon="8.52469">
        <ele>888.33</ele>
        <time>2026-02-02T16:55:08.812000Z</time>
      </trkpt>
      <trkpt lat="46.12082" lon="8.52487">
        <ele>888.62</ele>
        <time>2026-02-02T16:55:12.420000Z</time>
      </trkpt>
      <trkpt lat="46.12076" lon="8.52499">
        <ele>888.83</ele>
        <time>2026-02-02T16:55:15.088000Z</time>
      </trkpt>
      <trkpt lat="46.12068" lon="8.52508">
        <ele>889.03</ele>
        <time>2026-02-02T16:55:17.630000Z</time>
      </trkpt>
      <trkpt lat="46.12066" lon="8.5251">
        <ele>889.04</ele>
        <time>2026-02-02T16:55:18.280000Z</time>
      </trkpt>
      <trkpt lat="46.12062" lon="8.52512">
        <ele>890.04</ele>
        <time>2026-02-02T16:55:20.752000Z</time>
      </trkpt>
      <trkpt lat="46.12059" lon="8.52514">
        <ele>891.03</ele>
        <time>2026-02-02T16:55:22.803000Z</time>
      </trkpt>
      <trkpt lat="46.12021" lon="8.52518">
        <ele>901.35</ele>
        <time>2026-02-02T16:55:48.435000Z</time>
      </trkpt>
      <trkpt lat="46.12002" lon="8.52521">
        <ele>901.82</ele>
        <time>2026-02-02T16:56:01.679000Z</time>
      </trkpt>
      <trkpt lat="46.1199" lon="8.52522">
        <ele>902.1</ele>
        <time>2026-02-02T16:56:09.718000Z</time>
      </trkpt>
      <trkpt lat="46.11977" lon="8.52519">
        <ele>904.56</ele>
        <time>2026-02-02T16:56:18.828000Z</time>
      </trkpt>
      <trkpt lat="46.1191" lon="8.52494">
        <ele>917.36</ele>
        <time>2026-02-02T16:57:06.177000Z</time>
      </trkpt>
      <trkpt lat="46.11898" lon="8.52494">
        <ele>915.15</ele>
        <time>2026-02-02T16:57:14.014000Z</time>
      </trkpt>
      <trkpt lat="46.11864" lon="8.52507">
        <ele>908.35</ele>
        <time>2026-02-02T16:57:38.069000Z</time>
      </trkpt>
      <trkpt lat="46.1185" lon="8.52504">
        <ele>905.74</ele>
        <time>2026-02-02T16:57:47.881000Z</time>
      </trkpt>
      <trkpt lat="46.11843" lon="8.52499">
        <ele>908.99</ele>
        <time>2026-02-02T16:57:52.921000Z</time>
      </trkpt>
      <trkpt lat="46.11837" lon="8.52489">
        <ele>913.17</ele>
        <time>2026-02-02T16:57:59.390000Z</time>
      </trkpt>
      <trkpt lat="46.11827" lon="8.52461">
        <ele>922.49</ele>
        <time>2026-02-02T16:58:13.875000Z</time>
      </trkpt>
      <trkpt lat="46.11822" lon="8.52452">
        <ele>926.17</ele>
        <time>2026-02-02T16:58:19.596000Z</time>
      </trkpt>
      <trkpt lat="46.11814" lon="8.52443">
        <ele>930.16</ele>
        <time>2026-02-02T16:58:26.648000Z</time>
      </trkpt>
      <trkpt lat="46.11803" lon="8.52435">
        <ele>930.94</ele>
        <time>2026-02-02T16:58:35.017000Z</time>
      </trkpt>
      <trkpt lat="46.11769" lon="8.5242">
        <ele>933.24</ele>
        <time>2026-02-02T16:58:59.500000Z</time>
      </trkpt>
      <trkpt lat="46.11754" lon="8.52416">
        <ele>934.21</ele>
        <time>2026-02-02T16:59:09.822000Z</time>
      </trkpt>
      <trkpt lat="46.11744" lon="8.52417">
        <ele>934.82</ele>
        <time>2026-02-02T16:59:16.364000Z</time>
      </trkpt>
      <trkpt lat="46.11734" lon="8.52422">
        <ele>935.36</ele>
        <time>2026-02-02T16:59:23.878000Z</time>
      </trkpt>
      <trkpt lat="46.11726" lon="8.52433">
        <ele>933.59</ele>
        <time>2026-02-02T16:59:25.982000Z</time>
      </trkpt>
      <trkpt lat="46.11719" lon="8.52451">
        <ele>929.97</ele>
        <time>2026-02-02T16:59:29.754000Z</time>
      </trkpt>
      <trkpt lat="46.11708" lon="8.5249">
        <ele>923.04</ele>
        <time>2026-02-02T16:59:37.041000Z</time>
      </trkpt>
      <trkpt lat="46.11702" lon="8.52499">
        <ele>921.76</ele>
        <time>2026-02-02T16:59:39.243000Z</time>
      </trkpt>
      <trkpt lat="46.117" lon="8.52502">
        <ele>920.48</ele>
        <time>2026-02-02T16:59:39.893000Z</time>
      </trkpt>
      <trkpt lat="46.11683" lon="8.52512">
        <ele>921.62</ele>
        <time>2026-02-02T16:59:44.587000Z</time>
      </trkpt>
      <trkpt lat="46.11668" lon="8.5251">
        <ele>922.47</ele>
        <time>2026-02-02T16:59:48.324000Z</time>
      </trkpt>
      <trkpt lat="46.11655" lon="8.52504">
        <ele>926.78</ele>
        <time>2026-02-02T16:59:51.730000Z</time>
      </trkpt>
      <trkpt lat="46.11637" lon="8.52484">
        <ele>933.95</ele>
        <time>2026-02-02T16:59:57.443000Z</time>
      </trkpt>
      <trkpt lat="46.11618" lon="8.52468">
        <ele>940.92</ele>
        <time>2026-02-02T17:00:03.089000Z</time>
      </trkpt>
      <trkpt lat="46.11598" lon="8.52464">
        <ele>943.03</ele>
        <time>2026-02-02T17:00:08.154000Z</time>
      </trkpt>
      <trkpt lat="46.11581" lon="8.52462">
        <ele>944.87</ele>
        <time>2026-02-02T17:00:12.548000Z</time>
      </trkpt>
      <trkpt lat="46.11569" lon="8.52468">
        <ele>946.03</ele>
        <time>2026-02-02T17:00:15.593000Z</time>
      </trkpt>
      <trkpt lat="46.11546" lon="8.52498">
        <ele>938.67</ele>
        <time>2026-02-02T17:00:22.071000Z</time>
      </trkpt>
      <trkpt lat="46.11539" lon="8.52516">
        <ele>935.28</ele>
        <time>2026-02-02T17:00:31.857000Z</time>
      </trkpt>
      <trkpt lat="46.11533" lon="8.52523">
        <ele>933.46</ele>
        <time>2026-02-02T17:00:37.223000Z</time>
      </trkpt>
      <trkpt lat="46.11526" lon="8.52524">
        <ele>936.58</ele>
        <time>2026-02-02T17:00:42.091000Z</time>
      </trkpt>
      <trkpt lat="46.11517" lon="8.52522">
        <ele>940.5</ele>
        <time>2026-02-02T17:00:48.266000Z</time>
      </trkpt>
      <trkpt lat="46.11495" lon="8.52513">
        <ele>950.37</ele>
        <time>2026-02-02T17:01:03.845000Z</time>
      </trkpt>
      <trkpt lat="46.11483" lon="8.52512">
        <ele>955.41</ele>
        <time>2026-02-02T17:01:11.770000Z</time>
      </trkpt>
      <trkpt lat="46.11474" lon="8.52517">
        <ele>959.11</ele>
        <time>2026-02-02T17:01:18.550000Z</time>
      </trkpt>
      <trkpt lat="46.11459" lon="8.52542">
        <ele>960.79</ele>
        <time>2026-02-02T17:01:34.473000Z</time>
      </trkpt>
      <trkpt lat="46.11429" lon="8.52596">
        <ele>964.19</ele>
        <time>2026-02-02T17:02:06.808000Z</time>
      </trkpt>
      <trkpt lat="46.11392" lon="8.52622">
        <ele>967.17</ele>
        <time>2026-02-02T17:02:35.105000Z</time>
      </trkpt>
      <trkpt lat="46.11381" lon="8.52635">
        <ele>968.01</ele>
        <time>2026-02-02T17:02:44.645000Z</time>
      </trkpt>
      <trkpt lat="46.11375" lon="8.52653">
        <ele>965.83</ele>
        <time>2026-02-02T17:02:47.437000Z</time>
      </trkpt>
      <trkpt lat="46.11374" lon="8.52662">
        <ele>964.58</ele>
        <time>2026-02-02T17:02:48.710000Z</time>
      </trkpt>
      <trkpt lat="46.11374" lon="8.52664">
        <ele>963.34</ele>
        <time>2026-02-02T17:02:48.985000Z</time>
      </trkpt>
      <trkpt lat="46.11377" lon="8.52677">
        <ele>960.2</ele>
        <time>2026-02-02T17:02:50.935000Z</time>
      </trkpt>
      <trkpt lat="46.11384" lon="8.52693">
        <ele>955.74</ele>
        <time>2026-02-02T17:02:53.737000Z</time>
      </trkpt>
      <trkpt lat="46.11419" lon="8.52724">
        <ele>944.15</ele>
        <time>2026-02-02T17:03:02.128000Z</time>
      </trkpt>
      <trkpt lat="46.11457" lon="8.52776">
        <ele>948.93</ele>
        <time>2026-02-02T17:03:13.005000Z</time>
      </trkpt>
      <trkpt lat="46.11463" lon="8.52788">
        <ele>950.77</ele>
        <time>2026-02-02T17:03:15.077000Z</time>
      </trkpt>
      <trkpt lat="46.11464" lon="8.52797">
        <ele>951.91</ele>
        <time>2026-02-02T17:03:16.354000Z</time>
      </trkpt>
      <trkpt lat="46.11462" lon="8.52803">
        <ele>952.18</ele>
        <time>2026-02-02T17:03:17.373000Z</time>
      </trkpt>
      <trkpt lat="46.11454" lon="8.52803">
        <ele>951.61</ele>
        <time>2026-02-02T17:03:22.320000Z</time>
      </trkpt>
      <trkpt lat="46.11449" lon="8.52798">
        <ele>951.09</ele>
        <time>2026-02-02T17:03:26.841000Z</time>
      </trkpt>
      <trkpt lat="46.11429" lon="8.52773">
        <ele>949.18</ele>
        <time>2026-02-02T17:03:44.610000Z</time>
      </trkpt>
      <trkpt lat="46.11419" lon="8.52761">
        <ele>950.31</ele>
        <time>2026-02-02T17:03:53.412000Z</time>
      </trkpt>
      <trkpt lat="46.11399" lon="8.52747">
        <ele>952.26</ele>
        <time>2026-02-02T17:04:08.825000Z</time>
      </trkpt>
      <trkpt lat="46.11375" lon="8.52744">
        <ele>958.89</ele>
        <time>2026-02-02T17:04:25.105000Z</time>
      </trkpt>
      <trkpt lat="46.1136" lon="8.52748">
        <ele>963.05</ele>
        <time>2026-02-02T17:04:35.368000Z</time>
      </trkpt>
      <trkpt lat="46.11339" lon="8.52757">
        <ele>969.02</ele>
        <time>2026-02-02T17:04:50.011000Z</time>
      </trkpt>
      <trkpt lat="46.1133" lon="8.52764">
        <ele>971.43</ele>
        <time>2026-02-02T17:04:57.091000Z</time>
      </trkpt>
      <trkpt lat="46.11329" lon="8.52771">
        <ele>971.57</ele>
        <time>2026-02-02T17:04:58.143000Z</time>
      </trkpt>
      <trkpt lat="46.1133" lon="8.52775">
        <ele>971.67</ele>
        <time>2026-02-02T17:04:58.867000Z</time>
      </trkpt>
      <trkpt lat="46.11343" lon="8.52789">
        <ele>972.16</ele>
        <time>2026-02-02T17:05:02.437000Z</time>
      </trkpt>
      <trkpt lat="46.11346" lon="8.52798">
        <ele>972.36</ele>
        <time>2026-02-02T17:05:03.990000Z</time>
      </trkpt>
      <trkpt lat="46.11346" lon="8.52811">
        <ele>972.63</ele>
        <time>2026-02-02T17:05:05.906000Z</time>
      </trkpt>
      <trkpt lat="46.11346" lon="8.52814">
        <ele>972.69</ele>
        <time>2026-02-02T17:05:06.359000Z</time>
      </trkpt>
      <trkpt lat="46.11343" lon="8.52819">
        <ele>972.64</ele>
        <time>2026-02-02T17:05:07.475000Z</time>
      </trkpt>
      <trkpt lat="46.11327" lon="8.5283">
        <ele>975.39</ele>
        <time>2026-02-02T17:05:10.998000Z</time>
      </trkpt>
      <trkpt lat="46.1131" lon="8.52844">
        <ele>978.55</ele>
        <time>2026-02-02T17:05:15.034000Z</time>
      </trkpt>
      <trkpt lat="46.11303" lon="8.52849">
        <ele>979.81</ele>
        <time>2026-02-02T17:05:16.638000Z</time>
      </trkpt>
      <trkpt lat="46.11302" lon="8.52854">
        <ele>979.5</ele>
        <time>2026-02-02T17:05:17.276000Z</time>
      </trkpt>
      <trkpt lat="46.11302" lon="8.52859">
        <ele>979.13</ele>
        <time>2026-02-02T17:05:18.071000Z</time>
      </trkpt>
      <trkpt lat="46.11317" lon="8.52892">
        <ele>976.63</ele>
        <time>2026-02-02T17:05:23.624000Z</time>
      </trkpt>
      <trkpt lat="46.11323" lon="8.52912">
        <ele>974.01</ele>
        <time>2026-02-02T17:05:26.722000Z</time>
      </trkpt>
      <trkpt lat="46.11327" lon="8.5294">
        <ele>970.53</ele>
        <time>2026-02-02T17:05:30.821000Z</time>
      </trkpt>
      <trkpt lat="46.11329" lon="8.52965">
        <ele>967.55</ele>
        <time>2026-02-02T17:05:34.329000Z</time>
      </trkpt>
      <trkpt lat="46.11327" lon="8.52991">
        <ele>964.37</ele>
        <time>2026-02-02T17:05:38.074000Z</time>
      </trkpt>
      <trkpt lat="46.1132" lon="8.53013">
        <ele>961.46</ele>
        <time>2026-02-02T17:05:41.505000Z</time>
      </trkpt>
      <trkpt lat="46.11313" lon="8.53025">
        <ele>960.67</ele>
        <time>2026-02-02T17:05:43.654000Z</time>
      </trkpt>
      <trkpt lat="46.11298" lon="8.53039">
        <ele>957.49</ele>
        <time>2026-02-02T17:05:47.296000Z</time>
      </trkpt>
      <trkpt lat="46.11294" lon="8.53041">
        <ele>956.03</ele>
        <time>2026-02-02T17:05:48.286000Z</time>
      </trkpt>
      <trkpt lat="46.11283" lon="8.53046">
        <ele>954.58</ele>
        <time>2026-02-02T17:05:50.588000Z</time>
      </trkpt>
      <trkpt lat="46.11221" lon="8.53063">
        <ele>948.36</ele>
        <time>2026-02-02T17:06:03.350000Z</time>
      </trkpt>
      <trkpt lat="46.11218" lon="8.53063">
        <ele>948.3</ele>
        <time>2026-02-02T17:06:04.097000Z</time>
      </trkpt>
      <trkpt lat="46.11131" lon="8.53087">
        <ele>945.39</ele>
        <time>2026-02-02T17:06:23.778000Z</time>
      </trkpt>
      <trkpt lat="46.11067" lon="8.53106">
        <ele>952.63</ele>
        <time>2026-02-02T17:06:38.412000Z</time>
      </trkpt>
      <trkpt lat="46.11051" lon="8.53116">
        <ele>956.51</ele>
        <time>2026-02-02T17:06:42.237000Z</time>
      </trkpt>
      <trkpt lat="46.11037" lon="8.5313">
        <ele>957.73</ele>
        <time>2026-02-02T17:06:46.131000Z</time>
      </trkpt>
      <trkpt lat="46.11024" lon="8.53152">
        <ele>959.16</ele>
        <time>2026-02-02T17:06:50.680000Z</time>
      </trkpt>
      <trkpt lat="46.11009" lon="8.53181">
        <ele>960.89</ele>
        <time>2026-02-02T17:06:56.343000Z</time>
      </trkpt>
      <trkpt lat="46.10991" lon="8.53242">
        <ele>957.82</ele>
        <time>2026-02-02T17:07:06.640000Z</time>
      </trkpt>
      <trkpt lat="46.10988" lon="8.53251">
        <ele>957.32</ele>
        <time>2026-02-02T17:07:08.303000Z</time>
      </trkpt>
      <trkpt lat="46.10984" lon="8.53256">
        <ele>956.99</ele>
        <time>2026-02-02T17:07:09.438000Z</time>
      </trkpt>
      <trkpt lat="46.1098" lon="8.53258">
        <ele>956.83</ele>
        <time>2026-02-02T17:07:10.371000Z</time>
      </trkpt>
      <trkpt lat="46.10973" lon="8.53257">
        <ele>958.87</ele>
        <time>2026-02-02T17:07:11.911000Z</time>
      </trkpt>
      <trkpt lat="46.10953" lon="8.53246">
        <ele>965.21</ele>
        <time>2026-02-02T17:07:16.701000Z</time>
      </trkpt>
      <trkpt lat="46.10946" lon="8.53245">
        <ele>967.51</ele>
        <time>2026-02-02T17:07:18.438000Z</time>
      </trkpt>
      <trkpt lat="46.10941" lon="8.53247">
        <ele>968.76</ele>
        <time>2026-02-02T17:07:19.638000Z</time>
      </trkpt>
      <trkpt lat="46.10908" lon="8.53286">
        <ele>960.43</ele>
        <time>2026-02-02T17:07:29.092000Z</time>
      </trkpt>
      <trkpt lat="46.10894" lon="8.53299">
        <ele>957.13</ele>
        <time>2026-02-02T17:07:32.830000Z</time>
      </trkpt>
      <trkpt lat="46.10883" lon="8.53309">
        <ele>954.49</ele>
        <time>2026-02-02T17:07:35.852000Z</time>
      </trkpt>
      <trkpt lat="46.10865" lon="8.53321">
        <ele>952.88</ele>
        <time>2026-02-02T17:07:40.004000Z</time>
      </trkpt>
      <trkpt lat="46.10843" lon="8.53343">
        <ele>950.77</ele>
        <time>2026-02-02T17:07:45.477000Z</time>
      </trkpt>
      <trkpt lat="46.1083" lon="8.53361">
        <ele>946.01</ele>
        <time>2026-02-02T17:07:49.154000Z</time>
      </trkpt>
      <trkpt lat="46.10821" lon="8.53381">
        <ele>941.59</ele>
        <time>2026-02-02T17:07:52.566000Z</time>
      </trkpt>
      <trkpt lat="46.10819" lon="8.53397">
        <ele>938.62</ele>
        <time>2026-02-02T17:07:54.862000Z</time>
      </trkpt>
      <trkpt lat="46.10815" lon="8.53433">
        <ele>931.83</ele>
        <time>2026-02-02T17:08:00.107000Z</time>
      </trkpt>
      <trkpt lat="46.10815" lon="8.53457">
        <ele>927.44</ele>
        <time>2026-02-02T17:08:03.506000Z</time>
      </trkpt>
      <trkpt lat="46.10816" lon="8.53478">
        <ele>924.92</ele>
        <time>2026-02-02T17:08:06.462000Z</time>
      </trkpt>
      <trkpt lat="46.10818" lon="8.53507">
        <ele>916.93</ele>
        <time>2026-02-02T17:08:10.823000Z</time>
      </trkpt>
      <trkpt lat="46.10819" lon="8.5352">
        <ele>913.42</ele>
        <time>2026-02-02T17:08:12.734000Z</time>
      </trkpt>
      <trkpt lat="46.10817" lon="8.53525">
        <ele>912.15</ele>
        <time>2026-02-02T17:08:13.514000Z</time>
      </trkpt>
      <trkpt lat="46.10815" lon="8.53528">
        <ele>912.24</ele>
        <time>2026-02-02T17:08:14.123000Z</time>
      </trkpt>
      <trkpt lat="46.10812" lon="8.53531">
        <ele>912.37</ele>
        <time>2026-02-02T17:08:15.007000Z</time>
      </trkpt>
      <trkpt lat="46.10802" lon="8.53531">
        <ele>912.69</ele>
        <time>2026-02-02T17:08:17.192000Z</time>
      </trkpt>
      <trkpt lat="46.10783" lon="8.53524">
        <ele>913.33</ele>
        <time>2026-02-02T17:08:21.548000Z</time>
      </trkpt>
      <trkpt lat="46.10738" lon="8.53504">
        <ele>914.78</ele>
        <time>2026-02-02T17:08:32.121000Z</time>
      </trkpt>
      <trkpt lat="46.10737" lon="8.53504">
        <ele>914.69</ele>
        <time>2026-02-02T17:08:32.306000Z</time>
      </trkpt>
      <trkpt lat="46.10725" lon="8.53499">
        <ele>913.13</ele>
        <time>2026-02-02T17:08:35.163000Z</time>
      </trkpt>
      <trkpt lat="46.1071" lon="8.53497">
        <ele>911.21</ele>
        <time>2026-02-02T17:08:38.654000Z</time>
      </trkpt>
      <trkpt lat="46.10696" lon="8.53484">
        <ele>909.25</ele>
        <time>2026-02-02T17:08:42.478000Z</time>
      </trkpt>
      <trkpt lat="46.10693" lon="8.53481">
        <ele>908.54</ele>
        <time>2026-02-02T17:08:43.254000Z</time>
      </trkpt>
      <trkpt lat="46.1069" lon="8.53481">
        <ele>907.89</ele>
        <time>2026-02-02T17:08:43.987000Z</time>
      </trkpt>
      <trkpt lat="46.10687" lon="8.53481">
        <ele>907.44</ele>
        <time>2026-02-02T17:08:44.581000Z</time>
      </trkpt>
      <trkpt lat="46.10686" lon="8.53486">
        <ele>906.18</ele>
        <time>2026-02-02T17:08:45.460000Z</time>
      </trkpt>
      <trkpt lat="46.10687" lon="8.53489">
        <ele>906.09</ele>
        <time>2026-02-02T17:08:45.969000Z</time>
      </trkpt>
      <trkpt lat="46.10697" lon="8.53502">
        <ele>905.48</ele>
        <time>2026-02-02T17:08:49.154000Z</time>
      </trkpt>
      <trkpt lat="46.1072" lon="8.53531">
        <ele>903.13</ele>
        <time>2026-02-02T17:08:56.028000Z</time>
      </trkpt>
      <trkpt lat="46.10728" lon="8.5354">
        <ele>902.34</ele>
        <time>2026-02-02T17:08:58.322000Z</time>
      </trkpt>
      <trkpt lat="46.10737" lon="8.53556">
        <ele>899.27</ele>
        <time>2026-02-02T17:09:01.668000Z</time>
      </trkpt>
      <trkpt lat="46.10739" lon="8.53566">
        <ele>897.81</ele>
        <time>2026-02-02T17:09:03.312000Z</time>
      </trkpt>
      <trkpt lat="46.10742" lon="8.53603">
        <ele>892.81</ele>
        <time>2026-02-02T17:09:09.257000Z</time>
      </trkpt>
      <trkpt lat="46.10744" lon="8.53606">
        <ele>892.36</ele>
        <time>2026-02-02T17:09:09.839000Z</time>
      </trkpt>
      <trkpt lat="46.10747" lon="8.53614">
        <ele>891.76</ele>
        <time>2026-02-02T17:09:11.349000Z</time>
      </trkpt>
      <trkpt lat="46.10751" lon="8.53623">
        <ele>891.07</ele>
        <time>2026-02-02T17:09:13.070000Z</time>
      </trkpt>
      <trkpt lat="46.1077" lon="8.53645">
        <ele>888.86</ele>
        <time>2026-02-02T17:09:18.667000Z</time>
      </trkpt>
      <trkpt lat="46.10775" lon="8.53652">
        <ele>888.77</ele>
        <time>2026-02-02T17:09:20.288000Z</time>
      </trkpt>
      <trkpt lat="46.10796" lon="8.53677">
        <ele>887.94</ele>
        <time>2026-02-02T17:09:27.177000Z</time>
      </trkpt>
      <trkpt lat="46.10801" lon="8.53687">
        <ele>887.7</ele>
        <time>2026-02-02T17:09:29.278000Z</time>
      </trkpt>
      <trkpt lat="46.10802" lon="8.53697">
        <ele>887.0</ele>
        <time>2026-02-02T17:09:30.799000Z</time>
      </trkpt>
      <trkpt lat="46.10804" lon="8.53708">
        <ele>886.12</ele>
        <time>2026-02-02T17:09:32.351000Z</time>
      </trkpt>
      <trkpt lat="46.10801" lon="8.53744">
        <ele>884.79</ele>
        <time>2026-02-02T17:09:37.525000Z</time>
      </trkpt>
      <trkpt lat="46.10798" lon="8.53778">
        <ele>883.55</ele>
        <time>2026-02-02T17:09:42.355000Z</time>
      </trkpt>
      <trkpt lat="46.108" lon="8.53799">
        <ele>882.81</ele>
        <time>2026-02-02T17:09:45.244000Z</time>
      </trkpt>
      <trkpt lat="46.10807" lon="8.53835">
        <ele>881.55</ele>
        <time>2026-02-02T17:09:50.459000Z</time>
      </trkpt>
      <trkpt lat="46.10812" lon="8.53872">
        <ele>879.18</ele>
        <time>2026-02-02T17:09:55.838000Z</time>
      </trkpt>
      <trkpt lat="46.10818" lon="8.53968">
        <ele>873.21</ele>
        <time>2026-02-02T17:10:09.414000Z</time>
      </trkpt>
      <trkpt lat="46.10823" lon="8.53994">
        <ele>871.55</ele>
        <time>2026-02-02T17:10:13.189000Z</time>
      </trkpt>
      <trkpt lat="46.10825" lon="8.54008">
        <ele>870.68</ele>
        <time>2026-02-02T17:10:15.174000Z</time>
      </trkpt>
      <trkpt lat="46.10824" lon="8.54028">
        <ele>869.49</ele>
        <time>2026-02-02T17:10:17.981000Z</time>
      </trkpt>
      <trkpt lat="46.10822" lon="8.54042">
        <ele>866.09</ele>
        <time>2026-02-02T17:10:20.029000Z</time>
      </trkpt>
      <trkpt lat="46.10818" lon="8.54059">
        <ele>861.69</ele>
        <time>2026-02-02T17:10:22.674000Z</time>
      </trkpt>
      <trkpt lat="46.10811" lon="8.54074">
        <ele>857.16</ele>
        <time>2026-02-02T17:10:25.398000Z</time>
      </trkpt>
      <trkpt lat="46.10806" lon="8.54084">
        <ele>854.22</ele>
        <time>2026-02-02T17:10:27.159000Z</time>
      </trkpt>
      <trkpt lat="46.1078" lon="8.54113">
        <ele>843.69</ele>
        <time>2026-02-02T17:10:34.032000Z</time>
      </trkpt>
      <trkpt lat="46.10771" lon="8.54123">
        <ele>839.98</ele>
        <time>2026-02-02T17:10:36.616000Z</time>
      </trkpt>
      <trkpt lat="46.10743" lon="8.54171">
        <ele>841.88</ele>
        <time>2026-02-02T17:10:46.349000Z</time>
      </trkpt>
      <trkpt lat="46.10739" lon="8.54177">
        <ele>842.06</ele>
        <time>2026-02-02T17:10:47.661000Z</time>
      </trkpt>
      <trkpt lat="46.10738" lon="8.54177">
        <ele>842.24</ele>
        <time>2026-02-02T17:10:47.762000Z</time>
      </trkpt>
      <trkpt lat="46.10726" lon="8.54184">
        <ele>841.16</ele>
        <time>2026-02-02T17:10:50.370000Z</time>
      </trkpt>
      <trkpt lat="46.10709" lon="8.54188">
        <ele>839.69</ele>
        <time>2026-02-02T17:10:53.930000Z</time>
      </trkpt>
      <trkpt lat="46.107" lon="8.54192">
        <ele>838.89</ele>
        <time>2026-02-02T17:10:55.874000Z</time>
      </trkpt>
      <trkpt lat="46.10691" lon="8.54202">
        <ele>837.98</ele>
        <time>2026-02-02T17:10:58.089000Z</time>
      </trkpt>
      <trkpt lat="46.10654" lon="8.54258">
        <ele>833.46</ele>
        <time>2026-02-02T17:11:09.034000Z</time>
      </trkpt>
      <trkpt lat="46.10639" lon="8.54285">
        <ele>831.47</ele>
        <time>2026-02-02T17:11:13.864000Z</time>
      </trkpt>
      <trkpt lat="46.10623" lon="8.54322">
        <ele>828.96</ele>
        <time>2026-02-02T17:11:19.948000Z</time>
      </trkpt>
      <trkpt lat="46.10607" lon="8.5436">
        <ele>826.98</ele>
        <time>2026-02-02T17:11:26.216000Z</time>
      </trkpt>
      <trkpt lat="46.10585" lon="8.54417">
        <ele>827.29</ele>
        <time>2026-02-02T17:11:35.413000Z</time>
      </trkpt>
      <trkpt lat="46.10581" lon="8.54431">
        <ele>827.35</ele>
        <time>2026-02-02T17:11:37.469000Z</time>
      </trkpt>
      <trkpt lat="46.10579" lon="8.54452">
        <ele>827.45</ele>
        <time>2026-02-02T17:11:40.424000Z</time>
      </trkpt>
      <trkpt lat="46.10577" lon="8.54507">
        <ele>827.7</ele>
        <time>2026-02-02T17:11:48.145000Z</time>
      </trkpt>
      <trkpt lat="46.10577" lon="8.5452">
        <ele>827.76</ele>
        <time>2026-02-02T17:11:49.998000Z</time>
      </trkpt>
      <trkpt lat="46.10579" lon="8.54533">
        <ele>827.8</ele>
        <time>2026-02-02T17:11:51.811000Z</time>
      </trkpt>
      <trkpt lat="46.1059" lon="8.54612">
        <ele>829.58</ele>
        <time>2026-02-02T17:12:04.269000Z</time>
      </trkpt>
      <trkpt lat="46.1059" lon="8.5463">
        <ele>829.99</ele>
        <time>2026-02-02T17:12:07.126000Z</time>
      </trkpt>
      <trkpt lat="46.10585" lon="8.54639">
        <ele>830.14</ele>
        <time>2026-02-02T17:12:08.861000Z</time>
      </trkpt>
      <trkpt lat="46.10551" lon="8.54649">
        <ele>830.11</ele>
        <time>2026-02-02T17:12:16.532000Z</time>
      </trkpt>
      <trkpt lat="46.10542" lon="8.54642">
        <ele>827.72</ele>
        <time>2026-02-02T17:12:18.511000Z</time>
      </trkpt>
      <trkpt lat="46.10533" lon="8.54627">
        <ele>824.3</ele>
        <time>2026-02-02T17:12:21.342000Z</time>
      </trkpt>
      <trkpt lat="46.10521" lon="8.54605">
        <ele>819.67</ele>
        <time>2026-02-02T17:12:25.309000Z</time>
      </trkpt>
      <trkpt lat="46.1051" lon="8.54592">
        <ele>816.34</ele>
        <time>2026-02-02T17:12:28.332000Z</time>
      </trkpt>
      <trkpt lat="46.10491" lon="8.54574">
        <ele>811.21</ele>
        <time>2026-02-02T17:12:32.970000Z</time>
      </trkpt>
      <trkpt lat="46.10478" lon="8.54564">
        <ele>807.89</ele>
        <time>2026-02-02T17:12:36.012000Z</time>
      </trkpt>
      <trkpt lat="46.10466" lon="8.54561">
        <ele>807.56</ele>
        <time>2026-02-02T17:12:38.564000Z</time>
      </trkpt>
      <trkpt lat="46.10452" lon="8.54564">
        <ele>807.19</ele>
        <time>2026-02-02T17:12:41.332000Z</time>
      </trkpt>
      <trkpt lat="46.10438" lon="8.54568">
        <ele>806.8</ele>
        <time>2026-02-02T17:12:44.409000Z</time>
      </trkpt>
      <trkpt lat="46.10433" lon="8.5457">
        <ele>806.81</ele>
        <time>2026-02-02T17:12:45.411000Z</time>
      </trkpt>
      <trkpt lat="46.10419" lon="8.54579">
        <ele>806.86</ele>
        <time>2026-02-02T17:12:48.843000Z</time>
      </trkpt>
      <trkpt lat="46.10413" lon="8.54583">
        <ele>806.68</ele>
        <time>2026-02-02T17:12:50.361000Z</time>
      </trkpt>
      <trkpt lat="46.104" lon="8.54596">
        <ele>806.25</ele>
        <time>2026-02-02T17:12:53.955000Z</time>
      </trkpt>
      <trkpt lat="46.10387" lon="8.54613">
        <ele>805.8</ele>
        <time>2026-02-02T17:12:57.733000Z</time>
      </trkpt>
      <trkpt lat="46.10353" lon="8.54657">
        <ele>805.33</ele>
        <time>2026-02-02T17:13:09.064000Z</time>
      </trkpt>
      <trkpt lat="46.1033" lon="8.54687">
        <ele>804.86</ele>
        <time>2026-02-02T17:13:16.836000Z</time>
      </trkpt>
      <trkpt lat="46.10317" lon="8.5471">
        <ele>806.45</ele>
        <time>2026-02-02T17:13:21.844000Z</time>
      </trkpt>
      <trkpt lat="46.10313" lon="8.54727">
        <ele>807.4</ele>
        <time>2026-02-02T17:13:25.080000Z</time>
      </trkpt>
      <trkpt lat="46.10309" lon="8.54758">
        <ele>814.56</ele>
        <time>2026-02-02T17:13:30.482000Z</time>
      </trkpt>
      <trkpt lat="46.10291" lon="8.54773">
        <ele>809.31</ele>
        <time>2026-02-02T17:13:34.867000Z</time>
      </trkpt>
      <trkpt lat="46.10269" lon="8.54784">
        <ele>803.62</ele>
        <time>2026-02-02T17:13:39.647000Z</time>
      </trkpt>
      <trkpt lat="46.10265" lon="8.54789">
        <ele>804.15</ele>
        <time>2026-02-02T17:13:41.088000Z</time>
      </trkpt>
      <trkpt lat="46.10246" lon="8.54804">
        <ele>806.09</ele>
        <time>2026-02-02T17:13:46.322000Z</time>
      </trkpt>
      <trkpt lat="46.10237" lon="8.5482">
        <ele>807.39</ele>
        <time>2026-02-02T17:13:49.803000Z</time>
      </trkpt>
      <trkpt lat="46.10233" lon="8.54834">
        <ele>808.39</ele>
        <time>2026-02-02T17:13:52.496000Z</time>
      </trkpt>
      <trkpt lat="46.10232" lon="8.5485">
        <ele>809.06</ele>
        <time>2026-02-02T17:13:55.190000Z</time>
      </trkpt>
      <trkpt lat="46.10223" lon="8.54867">
        <ele>807.37</ele>
        <time>2026-02-02T17:13:58.973000Z</time>
      </trkpt>
      <trkpt lat="46.10214" lon="8.54886">
        <ele>805.66</ele>
        <time>2026-02-02T17:14:02.785000Z</time>
      </trkpt>
      <trkpt lat="46.10214" lon="8.54914">
        <ele>812.97</ele>
        <time>2026-02-02T17:14:07.755000Z</time>
      </trkpt>
      <trkpt lat="46.10207" lon="8.54922">
        <ele>812.12</ele>
        <time>2026-02-02T17:14:09.953000Z</time>
      </trkpt>
      <trkpt lat="46.102" lon="8.54925">
        <ele>811.43</ele>
        <time>2026-02-02T17:14:11.768000Z</time>
      </trkpt>
      <trkpt lat="46.10194" lon="8.54934">
        <ele>810.6</ele>
        <time>2026-02-02T17:14:13.919000Z</time>
      </trkpt>
      <trkpt lat="46.10178" lon="8.54963">
        <ele>811.91</ele>
        <time>2026-02-02T17:14:20.314000Z</time>
      </trkpt>
      <trkpt lat="46.10162" lon="8.54982">
        <ele>815.45</ele>
        <time>2026-02-02T17:14:25.450000Z</time>
      </trkpt>
      <trkpt lat="46.10156" lon="8.54987">
        <ele>816.92</ele>
        <time>2026-02-02T17:14:35.804000Z</time>
      </trkpt>
      <trkpt lat="46.10152" lon="8.54988">
        <ele>814.68</ele>
        <time>2026-02-02T17:14:37.016000Z</time>
      </trkpt>
      <trkpt lat="46.10145" lon="8.54986">
        <ele>810.74</ele>
        <time>2026-02-02T17:14:39.182000Z</time>
      </trkpt>
      <trkpt lat="46.10138" lon="8.54974">
        <ele>804.87</ele>
        <time>2026-02-02T17:14:42.434000Z</time>
      </trkpt>
      <trkpt lat="46.10129" lon="8.54965">
        <ele>799.7</ele>
        <time>2026-02-02T17:14:45.874000Z</time>
      </trkpt>
      <trkpt lat="46.10117" lon="8.54972">
        <ele>798.35</ele>
        <time>2026-02-02T17:14:49.620000Z</time>
      </trkpt>
      <trkpt lat="46.10111" lon="8.54977">
        <ele>797.49</ele>
        <time>2026-02-02T17:14:51.958000Z</time>
      </trkpt>
      <trkpt lat="46.10104" lon="8.54979">
        <ele>796.79</ele>
        <time>2026-02-02T17:14:53.885000Z</time>
      </trkpt>
      <trkpt lat="46.10095" lon="8.54977">
        <ele>795.71</ele>
        <time>2026-02-02T17:14:56.847000Z</time>
      </trkpt>
      <trkpt lat="46.10083" lon="8.54973">
        <ele>794.31</ele>
        <time>2026-02-02T17:15:00.694000Z</time>
      </trkpt>
      <trkpt lat="46.1007" lon="8.54975">
        <ele>793.14</ele>
        <time>2026-02-02T17:15:04.582000Z</time>
      </trkpt>
      <trkpt lat="46.10065" lon="8.54988">
        <ele>801.32</ele>
        <time>2026-02-02T17:15:07.680000Z</time>
      </trkpt>
      <trkpt lat="46.10063" lon="8.55">
        <ele>808.26</ele>
        <time>2026-02-02T17:15:10.309000Z</time>
      </trkpt>
      <trkpt lat="46.10061" lon="8.5502">
        <ele>819.41</ele>
        <time>2026-02-02T17:15:14.541000Z</time>
      </trkpt>
      <trkpt lat="46.10063" lon="8.55028">
        <ele>824.1</ele>
        <time>2026-02-02T17:15:16.316000Z</time>
      </trkpt>
      <trkpt lat="46.10062" lon="8.55036">
        <ele>828.61</ele>
        <time>2026-02-02T17:15:18.044000Z</time>
      </trkpt>
      <trkpt lat="46.10059" lon="8.55038">
        <ele>829.51</ele>
        <time>2026-02-02T17:15:19.131000Z</time>
      </trkpt>
      <trkpt lat="46.10049" lon="8.55043">
        <ele>829.86</ele>
        <time>2026-02-02T17:15:21.417000Z</time>
      </trkpt>
      <trkpt lat="46.10046" lon="8.55041">
        <ele>827.67</ele>
        <time>2026-02-02T17:15:22.200000Z</time>
      </trkpt>
      <trkpt lat="46.10039" lon="8.55028">
        <ele>820.54</ele>
        <time>2026-02-02T17:15:24.727000Z</time>
      </trkpt>
      <trkpt lat="46.10036" lon="8.55019">
        <ele>816.12</ele>
        <time>2026-02-02T17:15:26.302000Z</time>
      </trkpt>
      <trkpt lat="46.10028" lon="8.55012">
        <ele>811.08</ele>
        <time>2026-02-02T17:15:28.348000Z</time>
      </trkpt>
      <trkpt lat="46.10016" lon="8.55009">
        <ele>809.54</ele>
        <time>2026-02-02T17:15:31.181000Z</time>
      </trkpt>
      <trkpt lat="46.10008" lon="8.55012">
        <ele>814.99</ele>
        <time>2026-02-02T17:15:33.058000Z</time>
      </trkpt>
      <trkpt lat="46.10008" lon="8.55012">
        <ele>814.99</ele>
        <time>2026-02-02T17:15:33.058000Z</time>
      </trkpt>
      <trkpt lat="46.09995" lon="8.55017">
        <ele>824.06</ele>
        <time>2026-02-02T17:15:54.447000Z</time>
      </trkpt>
      <trkpt lat="46.09932" lon="8.55014">
        <ele>854.7</ele>
        <time>2026-02-02T17:17:25.455000Z</time>
      </trkpt>
      <trkpt lat="46.09876" lon="8.55025">
        <ele>858.53</ele>
        <time>2026-02-02T17:17:41.283000Z</time>
      </trkpt>
      <trkpt lat="46.09851" lon="8.5503">
        <ele>862.35</ele>
        <time>2026-02-02T17:17:48.362000Z</time>
      </trkpt>
      <trkpt lat="46.09833" lon="8.55031">
        <ele>854.56</ele>
        <time>2026-02-02T17:17:52.255000Z</time>
      </trkpt>
      <trkpt lat="46.09812" lon="8.55013">
        <ele>850.75</ele>
        <time>2026-02-02T17:17:57.129000Z</time>
      </trkpt>
      <trkpt lat="46.09775" lon="8.54953">
        <ele>841.94</ele>
        <time>2026-02-02T17:18:08.567000Z</time>
      </trkpt>
      <trkpt lat="46.09765" lon="8.5493">
        <ele>840.63</ele>
        <time>2026-02-02T17:18:12.312000Z</time>
      </trkpt>
      <trkpt lat="46.0973" lon="8.54827">
        <ele>835.01</ele>
        <time>2026-02-02T17:18:28.426000Z</time>
      </trkpt>
      <trkpt lat="46.09704" lon="8.54757">
        <ele>831.1</ele>
        <time>2026-02-02T17:18:39.619000Z</time>
      </trkpt>
      <trkpt lat="46.09697" lon="8.54733">
        <ele>829.47</ele>
        <time>2026-02-02T17:18:43.274000Z</time>
      </trkpt>
      <trkpt lat="46.09686" lon="8.54696">
        <ele>827.84</ele>
        <time>2026-02-02T17:18:48.880000Z</time>
      </trkpt>
      <trkpt lat="46.09677" lon="8.54672">
        <ele>826.47</ele>
        <time>2026-02-02T17:18:52.862000Z</time>
      </trkpt>
      <trkpt lat="46.09636" lon="8.54591">
        <ele>821.56</ele>
        <time>2026-02-02T17:19:07.107000Z</time>
      </trkpt>
      <trkpt lat="46.09623" lon="8.54561">
        <ele>819.88</ele>
        <time>2026-02-02T17:19:12.143000Z</time>
      </trkpt>
      <trkpt lat="46.09611" lon="8.54511">
        <ele>812.99</ele>
        <time>2026-02-02T17:19:19.725000Z</time>
      </trkpt>
      <trkpt lat="46.09605" lon="8.545">
        <ele>811.18</ele>
        <time>2026-02-02T17:19:21.811000Z</time>
      </trkpt>
      <trkpt lat="46.09597" lon="8.54494">
        <ele>807.12</ele>
        <time>2026-02-02T17:19:23.575000Z</time>
      </trkpt>
      <trkpt lat="46.09587" lon="8.54493">
        <ele>802.24</ele>
        <time>2026-02-02T17:19:25.676000Z</time>
      </trkpt>
      <trkpt lat="46.09577" lon="8.54499">
        <ele>797.35</ele>
        <time>2026-02-02T17:19:27.810000Z</time>
      </trkpt>
      <trkpt lat="46.09573" lon="8.54509">
        <ele>793.4</ele>
        <time>2026-02-02T17:19:29.504000Z</time>
      </trkpt>
      <trkpt lat="46.0957" lon="8.5452">
        <ele>793.48</ele>
        <time>2026-02-02T17:19:31.217000Z</time>
      </trkpt>
      <trkpt lat="46.09572" lon="8.54532">
        <ele>794.92</ele>
        <time>2026-02-02T17:19:32.950000Z</time>
      </trkpt>
      <trkpt lat="46.09577" lon="8.54546">
        <ele>798.23</ele>
        <time>2026-02-02T17:19:35.133000Z</time>
      </trkpt>
      <trkpt lat="46.0961" lon="8.54616">
        <ele>809.55</ele>
        <time>2026-02-02T17:19:47.254000Z</time>
      </trkpt>
      <trkpt lat="46.09614" lon="8.54629">
        <ele>809.72</ele>
        <time>2026-02-02T17:19:49.312000Z</time>
      </trkpt>
      <trkpt lat="46.09619" lon="8.54648">
        <ele>809.38</ele>
        <time>2026-02-02T17:19:52.102000Z</time>
      </trkpt>
      <trkpt lat="46.09638" lon="8.5474">
        <ele>807.69</ele>
        <time>2026-02-02T17:20:05.672000Z</time>
      </trkpt>
      <trkpt lat="46.09645" lon="8.54777">
        <ele>806.67</ele>
        <time>2026-02-02T17:20:11.061000Z</time>
      </trkpt>
      <trkpt lat="46.0966" lon="8.54853">
        <ele>805.65</ele>
        <time>2026-02-02T17:20:22.286000Z</time>
      </trkpt>
      <trkpt lat="46.0968" lon="8.54972">
        <ele>799.97</ele>
        <time>2026-02-02T17:20:39.405000Z</time>
      </trkpt>
      <trkpt lat="46.09695" lon="8.55027">
        <ele>796.31</ele>
        <time>2026-02-02T17:20:47.830000Z</time>
      </trkpt>
      <trkpt lat="46.09701" lon="8.5507">
        <ele>793.66</ele>
        <time>2026-02-02T17:20:53.965000Z</time>
      </trkpt>
      <trkpt lat="46.09709" lon="8.55108">
        <ele>793.95</ele>
        <time>2026-02-02T17:20:59.524000Z</time>
      </trkpt>
      <trkpt lat="46.09716" lon="8.5513">
        <ele>794.13</ele>
        <time>2026-02-02T17:21:02.931000Z</time>
      </trkpt>
      <trkpt lat="46.09727" lon="8.55151">
        <ele>794.32</ele>
        <time>2026-02-02T17:21:06.676000Z</time>
      </trkpt>
      <trkpt lat="46.0973" lon="8.55177">
        <ele>791.98</ele>
        <time>2026-02-02T17:21:10.279000Z</time>
      </trkpt>
      <trkpt lat="46.09731" lon="8.55254">
        <ele>784.99</ele>
        <time>2026-02-02T17:21:21.072000Z</time>
      </trkpt>
      <trkpt lat="46.09741" lon="8.55295">
        <ele>786.66</ele>
        <time>2026-02-02T17:21:27.272000Z</time>
      </trkpt>
      <trkpt lat="46.09745" lon="8.55311">
        <ele>787.3</ele>
        <time>2026-02-02T17:21:29.647000Z</time>
      </trkpt>
      <trkpt lat="46.09743" lon="8.55368">
        <ele>783.44</ele>
        <time>2026-02-02T17:21:37.573000Z</time>
      </trkpt>
      <trkpt lat="46.0975" lon="8.55434">
        <ele>778.86</ele>
        <time>2026-02-02T17:21:47.022000Z</time>
      </trkpt>
      <trkpt lat="46.09755" lon="8.55558">
        <ele>770.41</ele>
        <time>2026-02-02T17:22:04.469000Z</time>
      </trkpt>
      <trkpt lat="46.09752" lon="8.55574">
        <ele>767.9</ele>
        <time>2026-02-02T17:22:06.895000Z</time>
      </trkpt>
      <trkpt lat="46.09747" lon="8.55598">
        <ele>764.33</ele>
        <time>2026-02-02T17:22:10.353000Z</time>
      </trkpt>
      <trkpt lat="46.09746" lon="8.55694">
        <ele>757.63</ele>
        <time>2026-02-02T17:22:23.912000Z</time>
      </trkpt>
      <trkpt lat="46.09748" lon="8.55711">
        <ele>757.7</ele>
        <time>2026-02-02T17:22:26.311000Z</time>
      </trkpt>
      <trkpt lat="46.09752" lon="8.5572">
        <ele>757.74</ele>
        <time>2026-02-02T17:22:27.796000Z</time>
      </trkpt>
      <trkpt lat="46.09753" lon="8.55726">
        <ele>758.37</ele>
        <time>2026-02-02T17:22:28.784000Z</time>
      </trkpt>
      <trkpt lat="46.09753" lon="8.55731">
        <ele>758.09</ele>
        <time>2026-02-02T17:22:29.418000Z</time>
      </trkpt>
      <trkpt lat="46.09752" lon="8.55741">
        <ele>757.45</ele>
        <time>2026-02-02T17:22:30.862000Z</time>
      </trkpt>
      <trkpt lat="46.09746" lon="8.5575">
        <ele>756.75</ele>
        <time>2026-02-02T17:22:32.632000Z</time>
      </trkpt>
      <trkpt lat="46.09724" lon="8.55771">
        <ele>744.6</ele>
        <time>2026-02-02T17:22:38.191000Z</time>
      </trkpt>
      <trkpt lat="46.09703" lon="8.55793">
        <ele>733.08</ele>
        <time>2026-02-02T17:22:43.486000Z</time>
      </trkpt>
      <trkpt lat="46.09694" lon="8.55812">
        <ele>733.3</ele>
        <time>2026-02-02T17:22:46.822000Z</time>
      </trkpt>
      <trkpt lat="46.09659" lon="8.55898">
        <ele>734.24</ele>
        <time>2026-02-02T17:23:01.194000Z</time>
      </trkpt>
      <trkpt lat="46.09646" lon="8.55922">
        <ele>730.13</ele>
        <time>2026-02-02T17:23:05.406000Z</time>
      </trkpt>
      <trkpt lat="46.0963" lon="8.55949">
        <ele>725.13</ele>
        <time>2026-02-02T17:23:10.526000Z</time>
      </trkpt>
      <trkpt lat="46.09623" lon="8.55968">
        <ele>722.09</ele>
        <time>2026-02-02T17:23:13.677000Z</time>
      </trkpt>
      <trkpt lat="46.0962" lon="8.55981">
        <ele>723.73</ele>
        <time>2026-02-02T17:23:15.622000Z</time>
      </trkpt>
      <trkpt lat="46.09614" lon="8.56031">
        <ele>729.9</ele>
        <time>2026-02-02T17:23:22.913000Z</time>
      </trkpt>
      <trkpt lat="46.09611" lon="8.56042">
        <ele>731.34</ele>
        <time>2026-02-02T17:23:24.642000Z</time>
      </trkpt>
      <trkpt lat="46.09604" lon="8.56052">
        <ele>727.0</ele>
        <time>2026-02-02T17:23:26.611000Z</time>
      </trkpt>
      <trkpt lat="46.0959" lon="8.56054">
        <ele>720.88</ele>
        <time>2026-02-02T17:23:29.653000Z</time>
      </trkpt>
      <trkpt lat="46.09563" lon="8.56085">
        <ele>718.2</ele>
        <time>2026-02-02T17:23:36.668000Z</time>
      </trkpt>
      <trkpt lat="46.09554" lon="8.56106">
        <ele>722.57</ele>
        <time>2026-02-02T17:23:40.162000Z</time>
      </trkpt>
      <trkpt lat="46.09547" lon="8.56127">
        <ele>725.67</ele>
        <time>2026-02-02T17:23:43.600000Z</time>
      </trkpt>
      <trkpt lat="46.09544" lon="8.56137">
        <ele>728.77</ele>
        <time>2026-02-02T17:23:45.173000Z</time>
      </trkpt>
      <trkpt lat="46.09537" lon="8.5617">
        <ele>729.17</ele>
        <time>2026-02-02T17:23:50.128000Z</time>
      </trkpt>
      <trkpt lat="46.09522" lon="8.56213">
        <ele>723.06</ele>
        <time>2026-02-02T17:23:56.759000Z</time>
      </trkpt>
      <trkpt lat="46.09513" lon="8.56247">
        <ele>718.19</ele>
        <time>2026-02-02T17:24:02.045000Z</time>
      </trkpt>
      <trkpt lat="46.095" lon="8.56323">
        <ele>717.88</ele>
        <time>2026-02-02T17:24:13.062000Z</time>
      </trkpt>
      <trkpt lat="46.09495" lon="8.56364">
        <ele>721.12</ele>
        <time>2026-02-02T17:24:18.957000Z</time>
      </trkpt>
      <trkpt lat="46.09489" lon="8.56404">
        <ele>724.26</ele>
        <time>2026-02-02T17:24:24.647000Z</time>
      </trkpt>
      <trkpt lat="46.09484" lon="8.56424">
        <ele>721.31</ele>
        <time>2026-02-02T17:24:27.624000Z</time>
      </trkpt>
      <trkpt lat="46.09479" lon="8.56435">
        <ele>719.44</ele>
        <time>2026-02-02T17:24:29.507000Z</time>
      </trkpt>
      <trkpt lat="46.09472" lon="8.56441">
        <ele>717.77</ele>
        <time>2026-02-02T17:24:31.203000Z</time>
      </trkpt>
      <trkpt lat="46.09463" lon="8.56454">
        <ele>715.16</ele>
        <time>2026-02-02T17:24:33.837000Z</time>
      </trkpt>
      <trkpt lat="46.09459" lon="8.56464">
        <ele>713.92</ele>
        <time>2026-02-02T17:24:35.382000Z</time>
      </trkpt>
      <trkpt lat="46.09459" lon="8.56475">
        <ele>715.19</ele>
        <time>2026-02-02T17:24:36.964000Z</time>
      </trkpt>
      <trkpt lat="46.09464" lon="8.56508">
        <ele>719.1</ele>
        <time>2026-02-02T17:24:41.793000Z</time>
      </trkpt>
      <trkpt lat="46.09464" lon="8.56528">
        <ele>721.33</ele>
        <time>2026-02-02T17:24:44.548000Z</time>
      </trkpt>
      <trkpt lat="46.09462" lon="8.56549">
        <ele>723.68</ele>
        <time>2026-02-02T17:24:47.563000Z</time>
      </trkpt>
      <trkpt lat="46.09458" lon="8.56577">
        <ele>722.79</ele>
        <time>2026-02-02T17:24:51.525000Z</time>
      </trkpt>
      <trkpt lat="46.09459" lon="8.56609">
        <ele>721.78</ele>
        <time>2026-02-02T17:24:56.093000Z</time>
      </trkpt>
      <trkpt lat="46.09456" lon="8.56652">
        <ele>720.42</ele>
        <time>2026-02-02T17:25:02.191000Z</time>
      </trkpt>
      <trkpt lat="46.09459" lon="8.56675">
        <ele>719.72</ele>
        <time>2026-02-02T17:25:05.476000Z</time>
      </trkpt>
      <trkpt lat="46.09469" lon="8.56698">
        <ele>723.42</ele>
        <time>2026-02-02T17:25:09.755000Z</time>
      </trkpt>
      <trkpt lat="46.09482" lon="8.5672">
        <ele>727.35</ele>
        <time>2026-02-02T17:25:14.293000Z</time>
      </trkpt>
      <trkpt lat="46.09515" lon="8.56761">
        <ele>735.93</ele>
        <time>2026-02-02T17:25:24.221000Z</time>
      </trkpt>
      <trkpt lat="46.0952" lon="8.56773">
        <ele>737.69</ele>
        <time>2026-02-02T17:25:26.446000Z</time>
      </trkpt>
      <trkpt lat="46.09522" lon="8.56782">
        <ele>735.54</ele>
        <time>2026-02-02T17:25:27.846000Z</time>
      </trkpt>
      <trkpt lat="46.09521" lon="8.56795">
        <ele>732.29</ele>
        <time>2026-02-02T17:25:29.941000Z</time>
      </trkpt>
      <trkpt lat="46.09515" lon="8.56808">
        <ele>728.35</ele>
        <time>2026-02-02T17:25:32.481000Z</time>
      </trkpt>
      <trkpt lat="46.09493" lon="8.56842">
        <ele>717.03</ele>
        <time>2026-02-02T17:25:39.783000Z</time>
      </trkpt>
      <trkpt lat="46.09487" lon="8.56854">
        <ele>713.52</ele>
        <time>2026-02-02T17:25:42.050000Z</time>
      </trkpt>
      <trkpt lat="46.09486" lon="8.56863">
        <ele>712.78</ele>
        <time>2026-02-02T17:25:43.412000Z</time>
      </trkpt>
      <trkpt lat="46.0949" lon="8.56873">
        <ele>714.24</ele>
        <time>2026-02-02T17:25:45.309000Z</time>
      </trkpt>
      <trkpt lat="46.09496" lon="8.5688">
        <ele>715.67</ele>
        <time>2026-02-02T17:25:47.126000Z</time>
      </trkpt>
      <trkpt lat="46.09506" lon="8.56887">
        <ele>717.59</ele>
        <time>2026-02-02T17:25:49.613000Z</time>
      </trkpt>
      <trkpt lat="46.09516" lon="8.5689">
        <ele>719.39</ele>
        <time>2026-02-02T17:25:51.919000Z</time>
      </trkpt>
      <trkpt lat="46.09521" lon="8.56894">
        <ele>720.39</ele>
        <time>2026-02-02T17:25:53.219000Z</time>
      </trkpt>
      <trkpt lat="46.09535" lon="8.5693">
        <ele>724.75</ele>
        <time>2026-02-02T17:25:59.722000Z</time>
      </trkpt>
      <trkpt lat="46.09538" lon="8.56944">
        <ele>722.05</ele>
        <time>2026-02-02T17:26:02.140000Z</time>
      </trkpt>
      <trkpt lat="46.09538" lon="8.56955">
        <ele>720.22</ele>
        <time>2026-02-02T17:26:03.781000Z</time>
      </trkpt>
      <trkpt lat="46.09535" lon="8.56965">
        <ele>718.3</ele>
        <time>2026-02-02T17:26:05.484000Z</time>
      </trkpt>
      <trkpt lat="46.09527" lon="8.56979">
        <ele>715.19</ele>
        <time>2026-02-02T17:26:08.272000Z</time>
      </trkpt>
      <trkpt lat="46.09525" lon="8.56991">
        <ele>712.9</ele>
        <time>2026-02-02T17:26:10.327000Z</time>
      </trkpt>
      <trkpt lat="46.09526" lon="8.56999">
        <ele>712.35</ele>
        <time>2026-02-02T17:26:11.525000Z</time>
      </trkpt>
      <trkpt lat="46.09531" lon="8.57007">
        <ele>713.75</ele>
        <time>2026-02-02T17:26:13.357000Z</time>
      </trkpt>
      <trkpt lat="46.09558" lon="8.57035">
        <ele>719.46</ele>
        <time>2026-02-02T17:26:20.833000Z</time>
      </trkpt>
      <trkpt lat="46.09566" lon="8.57052">
        <ele>721.87</ele>
        <time>2026-02-02T17:26:24.136000Z</time>
      </trkpt>
      <trkpt lat="46.09574" lon="8.57074">
        <ele>717.02</ele>
        <time>2026-02-02T17:26:28.081000Z</time>
      </trkpt>
      <trkpt lat="46.09611" lon="8.57184">
        <ele>712.18</ele>
        <time>2026-02-02T17:26:46.983000Z</time>
      </trkpt>
      <trkpt lat="46.0962" lon="8.57212">
        <ele>708.64</ele>
        <time>2026-02-02T17:26:51.853000Z</time>
      </trkpt>
      <trkpt lat="46.09627" lon="8.57235">
        <ele>705.76</ele>
        <time>2026-02-02T17:26:55.815000Z</time>
      </trkpt>
      <trkpt lat="46.09628" lon="8.57248">
        <ele>704.26</ele>
        <time>2026-02-02T17:26:57.883000Z</time>
      </trkpt>
      <trkpt lat="46.09627" lon="8.57267">
        <ele>702.13</ele>
        <time>2026-02-02T17:27:00.819000Z</time>
      </trkpt>
      <trkpt lat="46.09628" lon="8.57275">
        <ele>701.42</ele>
        <time>2026-02-02T17:27:02.085000Z</time>
      </trkpt>
      <trkpt lat="46.09631" lon="8.57281">
        <ele>702.22</ele>
        <time>2026-02-02T17:27:03.180000Z</time>
      </trkpt>
      <trkpt lat="46.09639" lon="8.57294">
        <ele>704.23</ele>
        <time>2026-02-02T17:27:05.979000Z</time>
      </trkpt>
      <trkpt lat="46.09662" lon="8.57316">
        <ele>708.6</ele>
        <time>2026-02-02T17:27:12.179000Z</time>
      </trkpt>
      <trkpt lat="46.09676" lon="8.57333">
        <ele>711.18</ele>
        <time>2026-02-02T17:27:24.293000Z</time>
      </trkpt>
      <trkpt lat="46.09681" lon="8.57343">
        <ele>710.96</ele>
        <time>2026-02-02T17:27:26.212000Z</time>
      </trkpt>
      <trkpt lat="46.09688" lon="8.57358">
        <ele>709.34</ele>
        <time>2026-02-02T17:27:29.050000Z</time>
      </trkpt>
      <trkpt lat="46.09693" lon="8.57383">
        <ele>707.1</ele>
        <time>2026-02-02T17:27:33.055000Z</time>
      </trkpt>
      <trkpt lat="46.09692" lon="8.57398">
        <ele>704.03</ele>
        <time>2026-02-02T17:27:35.408000Z</time>
      </trkpt>
      <trkpt lat="46.09683" lon="8.57426">
        <ele>697.87</ele>
        <time>2026-02-02T17:27:40.131000Z</time>
      </trkpt>
      <trkpt lat="46.09679" lon="8.57437">
        <ele>695.18</ele>
        <time>2026-02-02T17:27:42.205000Z</time>
      </trkpt>
      <trkpt lat="46.0968" lon="8.57452">
        <ele>692.57</ele>
        <time>2026-02-02T17:27:44.461000Z</time>
      </trkpt>
      <trkpt lat="46.09685" lon="8.57478">
        <ele>693.13</ele>
        <time>2026-02-02T17:27:48.747000Z</time>
      </trkpt>
      <trkpt lat="46.0969" lon="8.57489">
        <ele>693.38</ele>
        <time>2026-02-02T17:27:50.737000Z</time>
      </trkpt>
      <trkpt lat="46.09706" lon="8.57504">
        <ele>698.79</ele>
        <time>2026-02-02T17:27:55.002000Z</time>
      </trkpt>
      <trkpt lat="46.09709" lon="8.57515">
        <ele>700.8</ele>
        <time>2026-02-02T17:27:56.817000Z</time>
      </trkpt>
      <trkpt lat="46.09711" lon="8.57531">
        <ele>700.98</ele>
        <time>2026-02-02T17:27:59.498000Z</time>
      </trkpt>
      <trkpt lat="46.09718" lon="8.57563">
        <ele>701.32</ele>
        <time>2026-02-02T17:28:04.620000Z</time>
      </trkpt>
      <trkpt lat="46.09736" lon="8.5763">
        <ele>702.06</ele>
        <time>2026-02-02T17:28:15.898000Z</time>
      </trkpt>
      <trkpt lat="46.09737" lon="8.57635">
        <ele>702.11</ele>
        <time>2026-02-02T17:28:16.671000Z</time>
      </trkpt>
      <trkpt lat="46.09735" lon="8.5764">
        <ele>702.15</ele>
        <time>2026-02-02T17:28:17.600000Z</time>
      </trkpt>
      <trkpt lat="46.09731" lon="8.57653">
        <ele>697.94</ele>
        <time>2026-02-02T17:28:19.671000Z</time>
      </trkpt>
      <trkpt lat="46.09721" lon="8.5769">
        <ele>685.79</ele>
        <time>2026-02-02T17:28:25.528000Z</time>
      </trkpt>
      <trkpt lat="46.09718" lon="8.5772">
        <ele>676.63</ele>
        <time>2026-02-02T17:28:29.977000Z</time>
      </trkpt>
      <trkpt lat="46.09721" lon="8.57755">
        <ele>678.26</ele>
        <time>2026-02-02T17:28:34.995000Z</time>
      </trkpt>
      <trkpt lat="46.0972" lon="8.57769">
        <ele>676.14</ele>
        <time>2026-02-02T17:28:37.057000Z</time>
      </trkpt>
      <trkpt lat="46.09713" lon="8.57781">
        <ele>673.81</ele>
        <time>2026-02-02T17:28:39.315000Z</time>
      </trkpt>
      <trkpt lat="46.09707" lon="8.57825">
        <ele>669.06</ele>
        <time>2026-02-02T17:28:45.802000Z</time>
      </trkpt>
      <trkpt lat="46.09703" lon="8.57837">
        <ele>668.81</ele>
        <time>2026-02-02T17:28:47.833000Z</time>
      </trkpt>
      <trkpt lat="46.097" lon="8.57849">
        <ele>668.59</ele>
        <time>2026-02-02T17:28:49.676000Z</time>
      </trkpt>
      <trkpt lat="46.09698" lon="8.57869">
        <ele>668.26</ele>
        <time>2026-02-02T17:28:52.486000Z</time>
      </trkpt>
      <trkpt lat="46.09689" lon="8.57879">
        <ele>663.01</ele>
        <time>2026-02-02T17:28:54.930000Z</time>
      </trkpt>
      <trkpt lat="46.09684" lon="8.57889">
        <ele>659.2</ele>
        <time>2026-02-02T17:28:56.710000Z</time>
      </trkpt>
      <trkpt lat="46.09678" lon="8.57907">
        <ele>657.94</ele>
        <time>2026-02-02T17:28:59.594000Z</time>
      </trkpt>
      <trkpt lat="46.09671" lon="8.57938">
        <ele>655.84</ele>
        <time>2026-02-02T17:29:04.399000Z</time>
      </trkpt>
      <trkpt lat="46.09665" lon="8.57955">
        <ele>654.69</ele>
        <time>2026-02-02T17:29:07.063000Z</time>
      </trkpt>
      <trkpt lat="46.09652" lon="8.57982">
        <ele>648.72</ele>
        <time>2026-02-02T17:29:11.948000Z</time>
      </trkpt>
      <trkpt lat="46.09645" lon="8.58">
        <ele>645.2</ele>
        <time>2026-02-02T17:29:14.843000Z</time>
      </trkpt>
      <trkpt lat="46.09647" lon="8.58018">
        <ele>651.29</ele>
        <time>2026-02-02T17:29:17.542000Z</time>
      </trkpt>
      <trkpt lat="46.09651" lon="8.58042">
        <ele>659.39</ele>
        <time>2026-02-02T17:29:21.110000Z</time>
      </trkpt>
      <trkpt lat="46.09651" lon="8.58051">
        <ele>662.47</ele>
        <time>2026-02-02T17:29:22.490000Z</time>
      </trkpt>
      <trkpt lat="46.09645" lon="8.58062">
        <ele>655.39</ele>
        <time>2026-02-02T17:29:24.645000Z</time>
      </trkpt>
      <trkpt lat="46.09632" lon="8.58068">
        <ele>646.09</ele>
        <time>2026-02-02T17:29:27.470000Z</time>
      </trkpt>
      <trkpt lat="46.09625" lon="8.5807">
        <ele>641.11</ele>
        <time>2026-02-02T17:29:28.996000Z</time>
      </trkpt>
      <trkpt lat="46.0962" lon="8.58075">
        <ele>637.83</ele>
        <time>2026-02-02T17:29:30.262000Z</time>
      </trkpt>
      <trkpt lat="46.09617" lon="8.58088">
        <ele>640.29</ele>
        <time>2026-02-02T17:29:32.220000Z</time>
      </trkpt>
      <trkpt lat="46.09618" lon="8.58109">
        <ele>644.19</ele>
        <time>2026-02-02T17:29:35.319000Z</time>
      </trkpt>
      <trkpt lat="46.09615" lon="8.58131">
        <ele>648.16</ele>
        <time>2026-02-02T17:29:38.565000Z</time>
      </trkpt>
      <trkpt lat="46.09606" lon="8.58153">
        <ele>647.14</ele>
        <time>2026-02-02T17:29:42.258000Z</time>
      </trkpt>
      <trkpt lat="46.09598" lon="8.58167">
        <ele>646.42</ele>
        <time>2026-02-02T17:29:44.830000Z</time>
      </trkpt>
      <trkpt lat="46.09595" lon="8.58182">
        <ele>645.79</ele>
        <time>2026-02-02T17:29:47.157000Z</time>
      </trkpt>
      <trkpt lat="46.09583" lon="8.58207">
        <ele>644.57</ele>
        <time>2026-02-02T17:29:51.623000Z</time>
      </trkpt>
      <trkpt lat="46.09564" lon="8.58234">
        <ele>643.03</ele>
        <time>2026-02-02T17:29:57.192000Z</time>
      </trkpt>
      <trkpt lat="46.09556" lon="8.5824">
        <ele>642.54</ele>
        <time>2026-02-02T17:29:58.982000Z</time>
      </trkpt>
      <trkpt lat="46.0955" lon="8.58244">
        <ele>642.28</ele>
        <time>2026-02-02T17:30:00.520000Z</time>
      </trkpt>
      <trkpt lat="46.09522" lon="8.5827">
        <ele>639.03</ele>
        <time>2026-02-02T17:30:08.382000Z</time>
      </trkpt>
      <trkpt lat="46.09508" lon="8.58295">
        <ele>646.9</ele>
        <time>2026-02-02T17:30:13.836000Z</time>
      </trkpt>
      <trkpt lat="46.09502" lon="8.58309">
        <ele>650.84</ele>
        <time>2026-02-02T17:30:16.559000Z</time>
      </trkpt>
      <trkpt lat="46.09497" lon="8.58315">
        <ele>652.99</ele>
        <time>2026-02-02T17:30:18.107000Z</time>
      </trkpt>
      <trkpt lat="46.0949" lon="8.58313">
        <ele>648.66</ele>
        <time>2026-02-02T17:30:19.662000Z</time>
      </trkpt>
      <trkpt lat="46.09485" lon="8.58305">
        <ele>643.82</ele>
        <time>2026-02-02T17:30:21.388000Z</time>
      </trkpt>
      <trkpt lat="46.09479" lon="8.58289">
        <ele>635.09</ele>
        <time>2026-02-02T17:30:24.519000Z</time>
      </trkpt>
      <trkpt lat="46.09472" lon="8.58279">
        <ele>628.49</ele>
        <time>2026-02-02T17:30:26.877000Z</time>
      </trkpt>
      <trkpt lat="46.09466" lon="8.58277">
        <ele>624.3</ele>
        <time>2026-02-02T17:30:28.383000Z</time>
      </trkpt>
      <trkpt lat="46.09464" lon="8.58278">
        <ele>623.4</ele>
        <time>2026-02-02T17:30:28.923000Z</time>
      </trkpt>
      <trkpt lat="46.09458" lon="8.5828">
        <ele>622.48</ele>
        <time>2026-02-02T17:30:30.317000Z</time>
      </trkpt>
      <trkpt lat="46.09453" lon="8.5829">
        <ele>626.97</ele>
        <time>2026-02-02T17:30:32.344000Z</time>
      </trkpt>
      <trkpt lat="46.09445" lon="8.58328">
        <ele>641.96</ele>
        <time>2026-02-02T17:30:39.160000Z</time>
      </trkpt>
      <trkpt lat="46.09436" lon="8.58366">
        <ele>647.89</ele>
        <time>2026-02-02T17:31:16.530000Z</time>
      </trkpt>
      <trkpt lat="46.09422" lon="8.58431">
        <ele>644.86</ele>
        <time>2026-02-02T17:31:26.246000Z</time>
      </trkpt>
      <trkpt lat="46.09417" lon="8.58448">
        <ele>642.02</ele>
        <time>2026-02-02T17:31:28.965000Z</time>
      </trkpt>
      <trkpt lat="46.0941" lon="8.58463">
        <ele>639.45</ele>
        <time>2026-02-02T17:31:31.449000Z</time>
      </trkpt>
      <trkpt lat="46.09404" lon="8.58494">
        <ele>634.8</ele>
        <time>2026-02-02T17:31:35.980000Z</time>
      </trkpt>
      <trkpt lat="46.09404" lon="8.58513">
        <ele>637.54</ele>
        <time>2026-02-02T17:31:38.657000Z</time>
      </trkpt>
      <trkpt lat="46.09407" lon="8.58533">
        <ele>640.58</ele>
        <time>2026-02-02T17:31:41.642000Z</time>
      </trkpt>
      <trkpt lat="46.09411" lon="8.58554">
        <ele>643.66</ele>
        <time>2026-02-02T17:31:44.713000Z</time>
      </trkpt>
      <trkpt lat="46.09409" lon="8.58567">
        <ele>641.96</ele>
        <time>2026-02-02T17:31:46.600000Z</time>
      </trkpt>
      <trkpt lat="46.09395" lon="8.58593">
        <ele>637.69</ele>
        <time>2026-02-02T17:31:51.348000Z</time>
      </trkpt>
      <trkpt lat="46.09393" lon="8.58603">
        <ele>636.54</ele>
        <time>2026-02-02T17:31:52.781000Z</time>
      </trkpt>
      <trkpt lat="46.09394" lon="8.58613">
        <ele>638.45</ele>
        <time>2026-02-02T17:31:54.308000Z</time>
      </trkpt>
      <trkpt lat="46.09402" lon="8.58645">
        <ele>644.36</ele>
        <time>2026-02-02T17:31:59.057000Z</time>
      </trkpt>
      <trkpt lat="46.09401" lon="8.58661">
        <ele>642.51</ele>
        <time>2026-02-02T17:32:01.323000Z</time>
      </trkpt>
      <trkpt lat="46.09395" lon="8.58689">
        <ele>639.07</ele>
        <time>2026-02-02T17:32:05.555000Z</time>
      </trkpt>
      <trkpt lat="46.09396" lon="8.58703">
        <ele>639.87</ele>
        <time>2026-02-02T17:32:07.500000Z</time>
      </trkpt>
      <trkpt lat="46.09399" lon="8.58717">
        <ele>640.73</ele>
        <time>2026-02-02T17:32:09.622000Z</time>
      </trkpt>
      <trkpt lat="46.09406" lon="8.58737">
        <ele>642.0</ele>
        <time>2026-02-02T17:32:12.831000Z</time>
      </trkpt>
      <trkpt lat="46.09406" lon="8.58749">
        <ele>639.58</ele>
        <time>2026-02-02T17:32:14.583000Z</time>
      </trkpt>
      <trkpt lat="46.09402" lon="8.58775">
        <ele>634.45</ele>
        <time>2026-02-02T17:32:18.358000Z</time>
      </trkpt>
      <trkpt lat="46.09405" lon="8.58819">
        <ele>632.61</ele>
        <time>2026-02-02T17:32:24.565000Z</time>
      </trkpt>
      <trkpt lat="46.09404" lon="8.58838">
        <ele>631.79</ele>
        <time>2026-02-02T17:32:27.365000Z</time>
      </trkpt>
      <trkpt lat="46.094" lon="8.58847">
        <ele>628.91</ele>
        <time>2026-02-02T17:32:28.863000Z</time>
      </trkpt>
      <trkpt lat="46.09393" lon="8.58855">
        <ele>625.6</ele>
        <time>2026-02-02T17:32:30.590000Z</time>
      </trkpt>
      <trkpt lat="46.09387" lon="8.58863">
        <ele>622.24</ele>
        <time>2026-02-02T17:32:32.358000Z</time>
      </trkpt>
      <trkpt lat="46.09382" lon="8.58868">
        <ele>619.8</ele>
        <time>2026-02-02T17:32:33.632000Z</time>
      </trkpt>
      <trkpt lat="46.09378" lon="8.58881">
        <ele>616.41</ele>
        <time>2026-02-02T17:32:35.631000Z</time>
      </trkpt>
      <trkpt lat="46.09382" lon="8.58914">
        <ele>618.96</ele>
        <time>2026-02-02T17:32:40.475000Z</time>
      </trkpt>
      <trkpt lat="46.09383" lon="8.58932">
        <ele>620.27</ele>
        <time>2026-02-02T17:32:42.984000Z</time>
      </trkpt>
      <trkpt lat="46.0938" lon="8.58943">
        <ele>618.87</ele>
        <time>2026-02-02T17:32:44.599000Z</time>
      </trkpt>
      <trkpt lat="46.09374" lon="8.58959">
        <ele>616.53</ele>
        <time>2026-02-02T17:32:47.274000Z</time>
      </trkpt>
      <trkpt lat="46.09366" lon="8.59002">
        <ele>611.04</ele>
        <time>2026-02-02T17:32:53.571000Z</time>
      </trkpt>
      <trkpt lat="46.09358" lon="8.59025">
        <ele>607.86</ele>
        <time>2026-02-02T17:32:57.230000Z</time>
      </trkpt>
      <trkpt lat="46.09346" lon="8.59055">
        <ele>603.54</ele>
        <time>2026-02-02T17:33:02.193000Z</time>
      </trkpt>
      <trkpt lat="46.09342" lon="8.59059">
        <ele>602.97</ele>
        <time>2026-02-02T17:33:03.097000Z</time>
      </trkpt>
      <trkpt lat="46.09339" lon="8.59057">
        <ele>600.25</ele>
        <time>2026-02-02T17:33:03.940000Z</time>
      </trkpt>
      <trkpt lat="46.09337" lon="8.5905">
        <ele>597.64</ele>
        <time>2026-02-02T17:33:04.951000Z</time>
      </trkpt>
      <trkpt lat="46.09341" lon="8.59032">
        <ele>599.49</ele>
        <time>2026-02-02T17:33:07.615000Z</time>
      </trkpt>
      <trkpt lat="46.09348" lon="8.59018">
        <ele>601.21</ele>
        <time>2026-02-02T17:33:10.133000Z</time>
      </trkpt>
      <trkpt lat="46.09352" lon="8.59002">
        <ele>602.83</ele>
        <time>2026-02-02T17:33:12.543000Z</time>
      </trkpt>
      <trkpt lat="46.09353" lon="8.5898">
        <ele>602.07</ele>
        <time>2026-02-02T17:33:15.819000Z</time>
      </trkpt>
      <trkpt lat="46.09353" lon="8.58923">
        <ele>600.16</ele>
        <time>2026-02-02T17:33:23.999000Z</time>
      </trkpt>
      <trkpt lat="46.0935" lon="8.58901">
        <ele>596.74</ele>
        <time>2026-02-02T17:33:27.197000Z</time>
      </trkpt>
      <trkpt lat="46.09346" lon="8.58886">
        <ele>594.23</ele>
        <time>2026-02-02T17:33:29.529000Z</time>
      </trkpt>
      <trkpt lat="46.09345" lon="8.58875">
        <ele>592.45</ele>
        <time>2026-02-02T17:33:31.175000Z</time>
      </trkpt>
      <trkpt lat="46.09342" lon="8.58867">
        <ele>591.16</ele>
        <time>2026-02-02T17:33:32.443000Z</time>
      </trkpt>
      <trkpt lat="46.09339" lon="8.58865">
        <ele>589.23</ele>
        <time>2026-02-02T17:33:33.222000Z</time>
      </trkpt>
      <trkpt lat="46.09336" lon="8.58869">
        <ele>587.23</ele>
        <time>2026-02-02T17:33:34.033000Z</time>
      </trkpt>
      <trkpt lat="46.09335" lon="8.58876">
        <ele>586.24</ele>
        <time>2026-02-02T17:33:35.005000Z</time>
      </trkpt>
      <trkpt lat="46.09335" lon="8.58883">
        <ele>586.95</ele>
        <time>2026-02-02T17:33:36.110000Z</time>
      </trkpt>
      <trkpt lat="46.09338" lon="8.58891">
        <ele>589.01</ele>
        <time>2026-02-02T17:33:37.356000Z</time>
      </trkpt>
      <trkpt lat="46.0934" lon="8.58905">
        <ele>590.77</ele>
        <time>2026-02-02T17:33:39.356000Z</time>
      </trkpt>
      <trkpt lat="46.09341" lon="8.58916">
        <ele>591.47</ele>
        <time>2026-02-02T17:33:41.105000Z</time>
      </trkpt>
      <trkpt lat="46.09341" lon="8.58924">
        <ele>591.3</ele>
        <time>2026-02-02T17:33:42.160000Z</time>
      </trkpt>
      <trkpt lat="46.09336" lon="8.58946">
        <ele>587.88</ele>
        <time>2026-02-02T17:33:45.505000Z</time>
      </trkpt>
      <trkpt lat="46.09333" lon="8.58987">
        <ele>585.92</ele>
        <time>2026-02-02T17:33:51.535000Z</time>
      </trkpt>
      <trkpt lat="46.09329" lon="8.58999">
        <ele>584.32</ele>
        <time>2026-02-02T17:33:53.359000Z</time>
      </trkpt>
      <trkpt lat="46.09318" lon="8.59013">
        <ele>577.78</ele>
        <time>2026-02-02T17:33:56.399000Z</time>
      </trkpt>
      <trkpt lat="46.09305" lon="8.59025">
        <ele>568.61</ele>
        <time>2026-02-02T17:33:59.737000Z</time>
      </trkpt>
      <trkpt lat="46.09301" lon="8.59033">
        <ele>567.02</ele>
        <time>2026-02-02T17:34:01.070000Z</time>
      </trkpt>
      <trkpt lat="46.093" lon="8.59045">
        <ele>567.53</ele>
        <time>2026-02-02T17:34:02.811000Z</time>
      </trkpt>
      <trkpt lat="46.09302" lon="8.59063">
        <ele>571.26</ele>
        <time>2026-02-02T17:34:05.451000Z</time>
      </trkpt>
      <trkpt lat="46.09314" lon="8.59137">
        <ele>589.39</ele>
        <time>2026-02-02T17:34:16.495000Z</time>
      </trkpt>
      <trkpt lat="46.09313" lon="8.59146">
        <ele>589.08</ele>
        <time>2026-02-02T17:34:17.732000Z</time>
      </trkpt>
      <trkpt lat="46.09312" lon="8.59149">
        <ele>587.17</ele>
        <time>2026-02-02T17:34:18.339000Z</time>
      </trkpt>
      <trkpt lat="46.09309" lon="8.59151">
        <ele>585.72</ele>
        <time>2026-02-02T17:34:18.884000Z</time>
      </trkpt>
      <trkpt lat="46.09306" lon="8.59151">
        <ele>584.6</ele>
        <time>2026-02-02T17:34:19.556000Z</time>
      </trkpt>
      <trkpt lat="46.09303" lon="8.59148">
        <ele>583.09</ele>
        <time>2026-02-02T17:34:20.470000Z</time>
      </trkpt>
      <trkpt lat="46.09299" lon="8.59139">
        <ele>580.37</ele>
        <time>2026-02-02T17:34:22.111000Z</time>
      </trkpt>
      <trkpt lat="46.09297" lon="8.59129">
        <ele>577.66</ele>
        <time>2026-02-02T17:34:23.741000Z</time>
      </trkpt>
      <trkpt lat="46.0929" lon="8.59092">
        <ele>567.38</ele>
        <time>2026-02-02T17:34:29.942000Z</time>
      </trkpt>
      <trkpt lat="46.09287" lon="8.59051">
        <ele>557.98</ele>
        <time>2026-02-02T17:34:36.506000Z</time>
      </trkpt>
      <trkpt lat="46.09287" lon="8.59022">
        <ele>554.82</ele>
        <time>2026-02-02T17:34:41.271000Z</time>
      </trkpt>
      <trkpt lat="46.09288" lon="8.59015">
        <ele>554.05</ele>
        <time>2026-02-02T17:34:42.418000Z</time>
      </trkpt>
      <trkpt lat="46.09294" lon="8.59">
        <ele>556.48</ele>
        <time>2026-02-02T17:34:45.162000Z</time>
      </trkpt>
      <trkpt lat="46.09295" lon="8.58995">
        <ele>557.25</ele>
        <time>2026-02-02T17:34:46.069000Z</time>
      </trkpt>
      <trkpt lat="46.09293" lon="8.58989">
        <ele>554.39</ele>
        <time>2026-02-02T17:34:47.147000Z</time>
      </trkpt>
      <trkpt lat="46.09288" lon="8.58985">
        <ele>550.79</ele>
        <time>2026-02-02T17:34:48.503000Z</time>
      </trkpt>
      <trkpt lat="46.09283" lon="8.58985">
        <ele>548.0</ele>
        <time>2026-02-02T17:34:49.570000Z</time>
      </trkpt>
      <trkpt lat="46.09279" lon="8.58989">
        <ele>544.95</ele>
        <time>2026-02-02T17:34:50.724000Z</time>
      </trkpt>
      <trkpt lat="46.09276" lon="8.58996">
        <ele>541.65</ele>
        <time>2026-02-02T17:34:51.965000Z</time>
      </trkpt>
      <trkpt lat="46.09275" lon="8.5901">
        <ele>542.98</ele>
        <time>2026-02-02T17:34:54.297000Z</time>
      </trkpt>
      <trkpt lat="46.09271" lon="8.59074">
        <ele>551.23</ele>
        <time>2026-02-02T17:35:04.529000Z</time>
      </trkpt>
      <trkpt lat="46.0927" lon="8.59108">
        <ele>555.61</ele>
        <time>2026-02-02T17:35:09.973000Z</time>
      </trkpt>
      <trkpt lat="46.09271" lon="8.59123">
        <ele>557.79</ele>
        <time>2026-02-02T17:35:12.361000Z</time>
      </trkpt>
      <trkpt lat="46.09272" lon="8.59141">
        <ele>559.97</ele>
        <time>2026-02-02T17:35:15.334000Z</time>
      </trkpt>
      <trkpt lat="46.09275" lon="8.59161">
        <ele>562.54</ele>
        <time>2026-02-02T17:35:18.478000Z</time>
      </trkpt>
      <trkpt lat="46.0928" lon="8.59173">
        <ele>564.0</ele>
        <time>2026-02-02T17:35:20.695000Z</time>
      </trkpt>
      <trkpt lat="46.09286" lon="8.59183">
        <ele>567.61</ele>
        <time>2026-02-02T17:35:22.850000Z</time>
      </trkpt>
      <trkpt lat="46.09297" lon="8.59195">
        <ele>572.79</ele>
        <time>2026-02-02T17:35:25.952000Z</time>
      </trkpt>
      <trkpt lat="46.09324" lon="8.5922">
        <ele>584.91</ele>
        <time>2026-02-02T17:35:33.285000Z</time>
      </trkpt>
      <trkpt lat="46.09346" lon="8.59244">
        <ele>588.17</ele>
        <time>2026-02-02T17:35:39.632000Z</time>
      </trkpt>
      <trkpt lat="46.0936" lon="8.59253">
        <ele>589.95</ele>
        <time>2026-02-02T17:35:43.081000Z</time>
      </trkpt>
      <trkpt lat="46.09373" lon="8.59258">
        <ele>591.48</ele>
        <time>2026-02-02T17:35:46.193000Z</time>
      </trkpt>
      <trkpt lat="46.09422" lon="8.59257">
        <ele>604.14</ele>
        <time>2026-02-02T17:35:56.471000Z</time>
      </trkpt>
      <trkpt lat="46.09522" lon="8.59259">
        <ele>622.41</ele>
        <time>2026-02-02T17:36:17.768000Z</time>
      </trkpt>
      <trkpt lat="46.09535" lon="8.59263">
        <ele>619.35</ele>
        <time>2026-02-02T17:36:20.559000Z</time>
      </trkpt>
      <trkpt lat="46.09546" lon="8.59267">
        <ele>616.74</ele>
        <time>2026-02-02T17:36:22.940000Z</time>
      </trkpt>
      <trkpt lat="46.09562" lon="8.59278">
        <ele>612.73</ele>
        <time>2026-02-02T17:36:26.677000Z</time>
      </trkpt>
      <trkpt lat="46.09579" lon="8.59297">
        <ele>603.92</ele>
        <time>2026-02-02T17:36:31.174000Z</time>
      </trkpt>
      <trkpt lat="46.09591" lon="8.59316">
        <ele>596.62</ele>
        <time>2026-02-02T17:36:34.953000Z</time>
      </trkpt>
      <trkpt lat="46.09594" lon="8.59335">
        <ele>587.38</ele>
        <time>2026-02-02T17:36:37.816000Z</time>
      </trkpt>
      <trkpt lat="46.09598" lon="8.5935">
        <ele>579.99</ele>
        <time>2026-02-02T17:36:40.128000Z</time>
      </trkpt>
      <trkpt lat="46.09609" lon="8.59374">
        <ele>570.39</ele>
        <time>2026-02-02T17:36:44.445000Z</time>
      </trkpt>
      <trkpt lat="46.09611" lon="8.59389">
        <ele>565.48</ele>
        <time>2026-02-02T17:36:46.652000Z</time>
      </trkpt>
      <trkpt lat="46.09611" lon="8.59401">
        <ele>562.35</ele>
        <time>2026-02-02T17:36:48.310000Z</time>
      </trkpt>
      <trkpt lat="46.09604" lon="8.59409">
        <ele>560.54</ele>
        <time>2026-02-02T17:36:50.118000Z</time>
      </trkpt>
      <trkpt lat="46.09594" lon="8.59414">
        <ele>558.72</ele>
        <time>2026-02-02T17:36:52.341000Z</time>
      </trkpt>
      <trkpt lat="46.09585" lon="8.59412">
        <ele>557.16</ele>
        <time>2026-02-02T17:36:54.213000Z</time>
      </trkpt>
      <trkpt lat="46.09576" lon="8.594">
        <ele>560.02</ele>
        <time>2026-02-02T17:37:10.840000Z</time>
      </trkpt>
      <trkpt lat="46.09563" lon="8.59376">
        <ele>564.95</ele>
        <time>2026-02-02T17:37:39.439000Z</time>
      </trkpt>
      <trkpt lat="46.09548" lon="8.59356">
        <ele>569.82</ele>
        <time>2026-02-02T17:38:07.542000Z</time>
      </trkpt>
      <trkpt lat="46.09527" lon="8.59338">
        <ele>575.42</ele>
        <time>2026-02-02T17:38:40.051000Z</time>
      </trkpt>
      <trkpt lat="46.09507" lon="8.59322">
        <ele>580.97</ele>
        <time>2026-02-02T17:39:12.194000Z</time>
      </trkpt>
      <trkpt lat="46.09492" lon="8.59312">
        <ele>584.4</ele>
        <time>2026-02-02T17:39:34.128000Z</time>
      </trkpt>
      <trkpt lat="46.09479" lon="8.59305">
        <ele>581.76</ele>
        <time>2026-02-02T17:39:36.911000Z</time>
      </trkpt>
      <trkpt lat="46.09469" lon="8.59303">
        <ele>579.96</ele>
        <time>2026-02-02T17:39:38.996000Z</time>
      </trkpt>
      <trkpt lat="46.09455" lon="8.59307">
        <ele>577.44</ele>
        <time>2026-02-02T17:39:42.036000Z</time>
      </trkpt>
      <trkpt lat="46.09436" lon="8.59318">
        <ele>573.76</ele>
        <time>2026-02-02T17:39:46.242000Z</time>
      </trkpt>
      <trkpt lat="46.09416" lon="8.59326">
        <ele>569.95</ele>
        <time>2026-02-02T17:39:50.383000Z</time>
      </trkpt>
      <trkpt lat="46.09383" lon="8.59331">
        <ele>563.59</ele>
        <time>2026-02-02T17:39:57.322000Z</time>
      </trkpt>
      <trkpt lat="46.09358" lon="8.59333">
        <ele>559.07</ele>
        <time>2026-02-02T17:40:02.287000Z</time>
      </trkpt>
      <trkpt lat="46.09335" lon="8.59336">
        <ele>553.8</ele>
        <time>2026-02-02T17:40:07.116000Z</time>
      </trkpt>
      <trkpt lat="46.09315" lon="8.59333">
        <ele>549.32</ele>
        <time>2026-02-02T17:40:11.224000Z</time>
      </trkpt>
      <trkpt lat="46.0929" lon="8.59314">
        <ele>542.97</ele>
        <time>2026-02-02T17:40:17.044000Z</time>
      </trkpt>
      <trkpt lat="46.09277" lon="8.59308">
        <ele>540.46</ele>
        <time>2026-02-02T17:40:19.840000Z</time>
      </trkpt>
      <trkpt lat="46.09256" lon="8.59298">
        <ele>534.69</ele>
        <time>2026-02-02T17:40:24.481000Z</time>
      </trkpt>
      <trkpt lat="46.09234" lon="8.59293">
        <ele>528.38</ele>
        <time>2026-02-02T17:40:29.156000Z</time>
      </trkpt>
      <trkpt lat="46.09224" lon="8.59284">
        <ele>525.38</ele>
        <time>2026-02-02T17:40:31.500000Z</time>
      </trkpt>
      <trkpt lat="46.09216" lon="8.59273">
        <ele>525.47</ele>
        <time>2026-02-02T17:40:34.661000Z</time>
      </trkpt>
      <trkpt lat="46.09209" lon="8.59257">
        <ele>525.67</ele>
        <time>2026-02-02T17:40:38.210000Z</time>
      </trkpt>
      <trkpt lat="46.09189" lon="8.59214">
        <ele>525.89</ele>
        <time>2026-02-02T17:40:48.371000Z</time>
      </trkpt>
      <trkpt lat="46.09181" lon="8.59202">
        <ele>530.78</ele>
        <time>2026-02-02T17:40:51.563000Z</time>
      </trkpt>
      <trkpt lat="46.09175" lon="8.59202">
        <ele>532.88</ele>
        <time>2026-02-02T17:40:53.188000Z</time>
      </trkpt>
      <trkpt lat="46.09166" lon="8.59211">
        <ele>531.89</ele>
        <time>2026-02-02T17:40:55.419000Z</time>
      </trkpt>
      <trkpt lat="46.09146" lon="8.59247">
        <ele>528.97</ele>
        <time>2026-02-02T17:41:02.013000Z</time>
      </trkpt>
      <trkpt lat="46.09121" lon="8.59285">
        <ele>517.48</ele>
        <time>2026-02-02T17:41:09.489000Z</time>
      </trkpt>
      <trkpt lat="46.09111" lon="8.59301">
        <ele>512.88</ele>
        <time>2026-02-02T17:41:12.493000Z</time>
      </trkpt>
      <trkpt lat="46.09096" lon="8.59319">
        <ele>513.21</ele>
        <time>2026-02-02T17:41:16.618000Z</time>
      </trkpt>
      <trkpt lat="46.09081" lon="8.5933">
        <ele>513.47</ele>
        <time>2026-02-02T17:41:19.942000Z</time>
      </trkpt>
      <trkpt lat="46.09069" lon="8.59336">
        <ele>513.66</ele>
        <time>2026-02-02T17:41:22.630000Z</time>
      </trkpt>
      <trkpt lat="46.09035" lon="8.59339">
        <ele>513.9</ele>
        <time>2026-02-02T17:41:29.575000Z</time>
      </trkpt>
      <trkpt lat="46.0899" lon="8.5934">
        <ele>520.57</ele>
        <time>2026-02-02T17:41:38.744000Z</time>
      </trkpt>
      <trkpt lat="46.08984" lon="8.59342">
        <ele>521.54</ele>
        <time>2026-02-02T17:41:40.084000Z</time>
      </trkpt>
      <trkpt lat="46.08979" lon="8.59348">
        <ele>522.28</ele>
        <time>2026-02-02T17:41:41.324000Z</time>
      </trkpt>
      <trkpt lat="46.08975" lon="8.59359">
        <ele>518.89</ele>
        <time>2026-02-02T17:41:43.136000Z</time>
      </trkpt>
      <trkpt lat="46.08974" lon="8.59368">
        <ele>516.54</ele>
        <time>2026-02-02T17:41:44.389000Z</time>
      </trkpt>
      <trkpt lat="46.08972" lon="8.59385">
        <ele>512.04</ele>
        <time>2026-02-02T17:41:46.853000Z</time>
      </trkpt>
      <trkpt lat="46.08964" lon="8.59414">
        <ele>509.8</ele>
        <time>2026-02-02T17:41:51.319000Z</time>
      </trkpt>
      <trkpt lat="46.0896" lon="8.59431">
        <ele>508.5</ele>
        <time>2026-02-02T17:41:53.896000Z</time>
      </trkpt>
      <trkpt lat="46.08957" lon="8.59453">
        <ele>506.9</ele>
        <time>2026-02-02T17:41:57.113000Z</time>
      </trkpt>
      <trkpt lat="46.08943" lon="8.59498">
        <ele>499.27</ele>
        <time>2026-02-02T17:42:04.142000Z</time>
      </trkpt>
      <trkpt lat="46.08933" lon="8.5952">
        <ele>495.24</ele>
        <time>2026-02-02T17:42:07.854000Z</time>
      </trkpt>
      <trkpt lat="46.08921" lon="8.59537">
        <ele>498.42</ele>
        <time>2026-02-02T17:42:11.290000Z</time>
      </trkpt>
      <trkpt lat="46.08921" lon="8.59537">
        <ele>498.98</ele>
        <time>2026-02-02T17:42:11.452000Z</time>
      </trkpt>
      <trkpt lat="46.08917" lon="8.5954">
        <ele>499.55</ele>
        <time>2026-02-02T17:42:12.424000Z</time>
      </trkpt>
      <trkpt lat="46.0891" lon="8.59544">
        <ele>500.43</ele>
        <time>2026-02-02T17:42:14.049000Z</time>
      </trkpt>
      <trkpt lat="46.089" lon="8.59549">
        <ele>501.72</ele>
        <time>2026-02-02T17:42:16.420000Z</time>
      </trkpt>
      <trkpt lat="46.08891" lon="8.59555">
        <ele>502.92</ele>
        <time>2026-02-02T17:42:18.603000Z</time>
      </trkpt>
      <trkpt lat="46.08881" lon="8.59575">
        <ele>504.83</ele>
        <time>2026-02-02T17:42:22.477000Z</time>
      </trkpt>
      <trkpt lat="46.08871" lon="8.59589">
        <ele>503.06</ele>
        <time>2026-02-02T17:42:25.619000Z</time>
      </trkpt>
      <trkpt lat="46.08853" lon="8.59607">
        <ele>500.26</ele>
        <time>2026-02-02T17:42:30.571000Z</time>
      </trkpt>
      <trkpt lat="46.08845" lon="8.59612">
        <ele>498.82</ele>
        <time>2026-02-02T17:42:32.235000Z</time>
      </trkpt>
      <trkpt lat="46.0884" lon="8.59616">
        <ele>497.61</ele>
        <time>2026-02-02T17:42:33.492000Z</time>
      </trkpt>
      <trkpt lat="46.08825" lon="8.5962">
        <ele>494.52</ele>
        <time>2026-02-02T17:42:36.664000Z</time>
      </trkpt>
      <trkpt lat="46.0882" lon="8.59625">
        <ele>493.18</ele>
        <time>2026-02-02T17:42:38.037000Z</time>
      </trkpt>
      <trkpt lat="46.08815" lon="8.59631">
        <ele>491.82</ele>
        <time>2026-02-02T17:42:39.436000Z</time>
      </trkpt>
      <trkpt lat="46.08802" lon="8.59645">
        <ele>488.56</ele>
        <time>2026-02-02T17:42:42.803000Z</time>
      </trkpt>
      <trkpt lat="46.08781" lon="8.59646">
        <ele>484.89</ele>
        <time>2026-02-02T17:42:47.116000Z</time>
      </trkpt>
      <trkpt lat="46.08753" lon="8.59655">
        <ele>494.78</ele>
        <time>2026-02-02T17:42:53.255000Z</time>
      </trkpt>
      <trkpt lat="46.08738" lon="8.59662">
        <ele>503.34</ele>
        <time>2026-02-02T17:42:56.438000Z</time>
      </trkpt>
      <trkpt lat="46.08724" lon="8.59667">
        <ele>511.56</ele>
        <time>2026-02-02T17:42:59.496000Z</time>
      </trkpt>
      <trkpt lat="46.08713" lon="8.59679">
        <ele>519.32</ele>
        <time>2026-02-02T17:43:02.522000Z</time>
      </trkpt>
      <trkpt lat="46.08712" lon="8.59699">
        <ele>514.36</ele>
        <time>2026-02-02T17:43:05.306000Z</time>
      </trkpt>
      <trkpt lat="46.08755" lon="8.59773">
        <ele>490.36</ele>
        <time>2026-02-02T17:43:19.312000Z</time>
      </trkpt>
      <trkpt lat="46.08768" lon="8.59815">
        <ele>487.96</ele>
        <time>2026-02-02T17:43:26.077000Z</time>
      </trkpt>
      <trkpt lat="46.08771" lon="8.59832">
        <ele>487.05</ele>
        <time>2026-02-02T17:43:28.661000Z</time>
      </trkpt>
      <trkpt lat="46.08768" lon="8.59883">
        <ele>484.99</ele>
        <time>2026-02-02T17:43:36.029000Z</time>
      </trkpt>
      <trkpt lat="46.08766" lon="8.59916">
        <ele>482.94</ele>
        <time>2026-02-02T17:43:40.716000Z</time>
      </trkpt>
      <trkpt lat="46.08764" lon="8.59927">
        <ele>482.39</ele>
        <time>2026-02-02T17:43:42.358000Z</time>
      </trkpt>
      <trkpt lat="46.08756" lon="8.59962">
        <ele>479.92</ele>
        <time>2026-02-02T17:43:47.552000Z</time>
      </trkpt>
      <trkpt lat="46.0875" lon="8.59971">
        <ele>479.16</ele>
        <time>2026-02-02T17:43:49.263000Z</time>
      </trkpt>
      <trkpt lat="46.08746" lon="8.59978">
        <ele>479.03</ele>
        <time>2026-02-02T17:43:50.779000Z</time>
      </trkpt>
      <trkpt lat="46.08728" lon="8.59995">
        <ele>480.35</ele>
        <time>2026-02-02T17:43:55.968000Z</time>
      </trkpt>
      <trkpt lat="46.08725" lon="8.59995">
        <ele>480.55</ele>
        <time>2026-02-02T17:43:56.837000Z</time>
      </trkpt>
      <trkpt lat="46.08713" lon="8.59997">
        <ele>479.12</ele>
        <time>2026-02-02T17:43:59.171000Z</time>
      </trkpt>
      <trkpt lat="46.08679" lon="8.59988">
        <ele>474.78</ele>
        <time>2026-02-02T17:44:06.345000Z</time>
      </trkpt>
      <trkpt lat="46.08639" lon="8.59966">
        <ele>481.36</ele>
        <time>2026-02-02T17:45:03.873000Z</time>
      </trkpt>
      <trkpt lat="46.08626" lon="8.59962">
        <ele>485.31</ele>
        <time>2026-02-02T17:45:22.390000Z</time>
      </trkpt>
      <trkpt lat="46.08619" lon="8.59955">
        <ele>487.62</ele>
        <time>2026-02-02T17:45:33.728000Z</time>
      </trkpt>
      <trkpt lat="46.08609" lon="8.59925">
        <ele>504.46</ele>
        <time>2026-02-02T17:46:10.010000Z</time>
      </trkpt>
      <trkpt lat="46.08604" lon="8.5992">
        <ele>507.17</ele>
        <time>2026-02-02T17:46:11.520000Z</time>
      </trkpt>
      <trkpt lat="46.08594" lon="8.59916">
        <ele>511.62</ele>
        <time>2026-02-02T17:46:14.011000Z</time>
      </trkpt>
      <trkpt lat="46.08581" lon="8.59918">
        <ele>517.24</ele>
        <time>2026-02-02T17:46:17.482000Z</time>
      </trkpt>
      <trkpt lat="46.08519" lon="8.59956">
        <ele>518.32</ele>
        <time>2026-02-02T17:46:34.257000Z</time>
      </trkpt>
      <trkpt lat="46.0851" lon="8.59961">
        <ele>518.48</ele>
        <time>2026-02-02T17:46:36.706000Z</time>
      </trkpt>
      <trkpt lat="46.08488" lon="8.59965">
        <ele>521.3</ele>
        <time>2026-02-02T17:46:42.267000Z</time>
      </trkpt>
      <trkpt lat="46.08435" lon="8.59978">
        <ele>530.9</ele>
        <time>2026-02-02T17:46:55.507000Z</time>
      </trkpt>
      <trkpt lat="46.08414" lon="8.59986">
        <ele>527.6</ele>
        <time>2026-02-02T17:47:00.954000Z</time>
      </trkpt>
      <trkpt lat="46.08402" lon="8.59998">
        <ele>525.3</ele>
        <time>2026-02-02T17:47:04.737000Z</time>
      </trkpt>
      <trkpt lat="46.08368" lon="8.60039">
        <ele>518.77</ele>
        <time>2026-02-02T17:47:15.837000Z</time>
      </trkpt>
      <trkpt lat="46.08331" lon="8.60092">
        <ele>501.03</ele>
        <time>2026-02-02T17:47:26.518000Z</time>
      </trkpt>
      <trkpt lat="46.08323" lon="8.60099">
        <ele>496.14</ele>
        <time>2026-02-02T17:47:28.575000Z</time>
      </trkpt>
      <trkpt lat="46.08317" lon="8.60101">
        <ele>493.47</ele>
        <time>2026-02-02T17:47:29.884000Z</time>
      </trkpt>
      <trkpt lat="46.0831" lon="8.601">
        <ele>495.28</ele>
        <time>2026-02-02T17:47:31.320000Z</time>
      </trkpt>
      <trkpt lat="46.08299" lon="8.60093">
        <ele>498.35</ele>
        <time>2026-02-02T17:47:33.782000Z</time>
      </trkpt>
      <trkpt lat="46.08241" lon="8.60051">
        <ele>508.77</ele>
        <time>2026-02-02T17:47:47.235000Z</time>
      </trkpt>
      <trkpt lat="46.0822" lon="8.60032">
        <ele>510.32</ele>
        <time>2026-02-02T17:47:52.310000Z</time>
      </trkpt>
      <trkpt lat="46.0821" lon="8.60028">
        <ele>510.98</ele>
        <time>2026-02-02T17:47:54.523000Z</time>
      </trkpt>
      <trkpt lat="46.08186" lon="8.60028">
        <ele>505.54</ele>
        <time>2026-02-02T17:47:59.565000Z</time>
      </trkpt>
      <trkpt lat="46.08177" lon="8.60028">
        <ele>502.92</ele>
        <time>2026-02-02T17:48:01.345000Z</time>
      </trkpt>
      <trkpt lat="46.08169" lon="8.60028">
        <ele>501.03</ele>
        <time>2026-02-02T17:48:03.323000Z</time>
      </trkpt>
      <trkpt lat="46.08133" lon="8.60019">
        <ele>494.98</ele>
        <time>2026-02-02T17:48:12.648000Z</time>
      </trkpt>
      <trkpt lat="46.08119" lon="8.60016">
        <ele>488.93</ele>
        <time>2026-02-02T17:48:15.963000Z</time>
      </trkpt>
      <trkpt lat="46.08095" lon="8.60003">
        <ele>488.36</ele>
        <time>2026-02-02T17:48:22.384000Z</time>
      </trkpt>
      <trkpt lat="46.08047" lon="8.5995">
        <ele>496.5</ele>
        <time>2026-02-02T17:48:37.554000Z</time>
      </trkpt>
      <trkpt lat="46.08015" lon="8.5993">
        <ele>494.87</ele>
        <time>2026-02-02T17:48:46.287000Z</time>
      </trkpt>
      <trkpt lat="46.07984" lon="8.59908">
        <ele>498.58</ele>
        <time>2026-02-02T17:48:54.857000Z</time>
      </trkpt>
      <trkpt lat="46.07934" lon="8.59864">
        <ele>510.63</ele>
        <time>2026-02-02T17:49:09.625000Z</time>
      </trkpt>
      <trkpt lat="46.0792" lon="8.59857">
        <ele>515.07</ele>
        <time>2026-02-02T17:49:13.372000Z</time>
      </trkpt>
      <trkpt lat="46.07892" lon="8.59858">
        <ele>518.77</ele>
        <time>2026-02-02T17:49:20.306000Z</time>
      </trkpt>
      <trkpt lat="46.07874" lon="8.59864">
        <ele>521.15</ele>
        <time>2026-02-02T17:49:24.811000Z</time>
      </trkpt>
      <trkpt lat="46.0786" lon="8.59873">
        <ele>519.41</ele>
        <time>2026-02-02T17:49:27.988000Z</time>
      </trkpt>
      <trkpt lat="46.07829" lon="8.59905">
        <ele>512.2</ele>
        <time>2026-02-02T17:49:35.963000Z</time>
      </trkpt>
      <trkpt lat="46.0779" lon="8.59962">
        <ele>493.72</ele>
        <time>2026-02-02T17:49:47.529000Z</time>
      </trkpt>
      <trkpt lat="46.07785" lon="8.59972">
        <ele>490.55</ele>
        <time>2026-02-02T17:49:49.339000Z</time>
      </trkpt>
      <trkpt lat="46.07777" lon="8.59987">
        <ele>487.44</ele>
        <time>2026-02-02T17:49:52.475000Z</time>
      </trkpt>
      <trkpt lat="46.07771" lon="8.60001">
        <ele>484.99</ele>
        <time>2026-02-02T17:49:54.981000Z</time>
      </trkpt>
      <trkpt lat="46.0776" lon="8.60009">
        <ele>482.55</ele>
        <time>2026-02-02T17:49:57.627000Z</time>
      </trkpt>
      <trkpt lat="46.0775" lon="8.60008">
        <ele>486.45</ele>
        <time>2026-02-02T17:49:59.931000Z</time>
      </trkpt>
      <trkpt lat="46.07737" lon="8.60014">
        <ele>491.61</ele>
        <time>2026-02-02T17:50:03.052000Z</time>
      </trkpt>
      <trkpt lat="46.07689" lon="8.60051">
        <ele>492.07</ele>
        <time>2026-02-02T17:50:15.310000Z</time>
      </trkpt>
      <trkpt lat="46.0765" lon="8.60079">
        <ele>492.44</ele>
        <time>2026-02-02T17:50:25.017000Z</time>
      </trkpt>
      <trkpt lat="46.07648" lon="8.6008">
        <ele>492.46</ele>
        <time>2026-02-02T17:50:25.645000Z</time>
      </trkpt>
      <trkpt lat="46.07643" lon="8.60082">
        <ele>493.59</ele>
        <time>2026-02-02T17:50:26.836000Z</time>
      </trkpt>
      <trkpt lat="46.07633" lon="8.60082">
        <ele>495.57</ele>
        <time>2026-02-02T17:50:28.944000Z</time>
      </trkpt>
      <trkpt lat="46.0762" lon="8.6009">
        <ele>498.39</ele>
        <time>2026-02-02T17:50:32.029000Z</time>
      </trkpt>
      <trkpt lat="46.07607" lon="8.60102">
        <ele>495.63</ele>
        <time>2026-02-02T17:50:35.176000Z</time>
      </trkpt>
      <trkpt lat="46.07585" lon="8.60133">
        <ele>478.11</ele>
        <time>2026-02-02T17:50:41.832000Z</time>
      </trkpt>
      <trkpt lat="46.07575" lon="8.60158">
        <ele>464.77</ele>
        <time>2026-02-02T17:50:46.091000Z</time>
      </trkpt>
      <trkpt lat="46.07561" lon="8.6017">
        <ele>460.15</ele>
        <time>2026-02-02T17:50:49.625000Z</time>
      </trkpt>
      <trkpt lat="46.0755" lon="8.60171">
        <ele>462.11</ele>
        <time>2026-02-02T17:50:51.908000Z</time>
      </trkpt>
      <trkpt lat="46.07533" lon="8.60162">
        <ele>465.52</ele>
        <time>2026-02-02T17:50:55.856000Z</time>
      </trkpt>
      <trkpt lat="46.07525" lon="8.60164">
        <ele>466.8</ele>
        <time>2026-02-02T17:50:57.599000Z</time>
      </trkpt>
      <trkpt lat="46.07521" lon="8.6017">
        <ele>463.16</ele>
        <time>2026-02-02T17:50:58.916000Z</time>
      </trkpt>
      <trkpt lat="46.07517" lon="8.6018">
        <ele>458.02</ele>
        <time>2026-02-02T17:51:00.777000Z</time>
      </trkpt>
      <trkpt lat="46.07515" lon="8.602">
        <ele>449.64</ele>
        <time>2026-02-02T17:51:04.046000Z</time>
      </trkpt>
      <trkpt lat="46.07506" lon="8.60234">
        <ele>436.9</ele>
        <time>2026-02-02T17:51:09.619000Z</time>
      </trkpt>
      <trkpt lat="46.07502" lon="8.6024">
        <ele>437.61</ele>
        <time>2026-02-02T17:51:10.970000Z</time>
      </trkpt>
      <trkpt lat="46.07494" lon="8.60248">
        <ele>438.75</ele>
        <time>2026-02-02T17:51:13.138000Z</time>
      </trkpt>
      <trkpt lat="46.07465" lon="8.60263">
        <ele>442.36</ele>
        <time>2026-02-02T17:51:20.061000Z</time>
      </trkpt>
      <trkpt lat="46.07454" lon="8.60265">
        <ele>443.55</ele>
        <time>2026-02-02T17:51:22.654000Z</time>
      </trkpt>
      <trkpt lat="46.07443" lon="8.60255">
        <ele>440.09</ele>
        <time>2026-02-02T17:51:25.342000Z</time>
      </trkpt>
      <trkpt lat="46.07426" lon="8.60235">
        <ele>433.58</ele>
        <time>2026-02-02T17:51:30.431000Z</time>
      </trkpt>
      <trkpt lat="46.07413" lon="8.60207">
        <ele>436.1</ele>
        <time>2026-02-02T17:51:35.613000Z</time>
      </trkpt>
      <trkpt lat="46.07398" lon="8.60189">
        <ele>438.26</ele>
        <time>2026-02-02T17:51:40.074000Z</time>
      </trkpt>
      <trkpt lat="46.07386" lon="8.6018">
        <ele>439.66</ele>
        <time>2026-02-02T17:51:43.204000Z</time>
      </trkpt>
      <trkpt lat="46.07365" lon="8.60178">
        <ele>437.61</ele>
        <time>2026-02-02T17:51:47.428000Z</time>
      </trkpt>
      <trkpt lat="46.07339" lon="8.6018">
        <ele>435.02</ele>
        <time>2026-02-02T17:51:52.792000Z</time>
      </trkpt>
      <trkpt lat="46.07323" lon="8.60194">
        <ele>429.42</ele>
        <time>2026-02-02T17:51:56.619000Z</time>
      </trkpt>
      <trkpt lat="46.07302" lon="8.60201">
        <ele>422.8</ele>
        <time>2026-02-02T17:52:01.160000Z</time>
      </trkpt>
      <trkpt lat="46.07294" lon="8.60208">
        <ele>419.95</ele>
        <time>2026-02-02T17:52:03.105000Z</time>
      </trkpt>
      <trkpt lat="46.07283" lon="8.60227">
        <ele>415.34</ele>
        <time>2026-02-02T17:52:06.671000Z</time>
      </trkpt>
      <trkpt lat="46.07274" lon="8.60245">
        <ele>417.9</ele>
        <time>2026-02-02T17:52:27.368000Z</time>
      </trkpt>
      <trkpt lat="46.07259" lon="8.60269">
        <ele>421.58</ele>
        <time>2026-02-02T17:52:57.265000Z</time>
      </trkpt>
      <trkpt lat="46.07241" lon="8.6029">
        <ele>425.43</ele>
        <time>2026-02-02T17:53:28.575000Z</time>
      </trkpt>
      <trkpt lat="46.07224" lon="8.6031">
        <ele>429.69</ele>
        <time>2026-02-02T17:53:58.658000Z</time>
      </trkpt>
      <trkpt lat="46.07199" lon="8.60342">
        <ele>432.47</ele>
        <time>2026-02-02T17:54:06.124000Z</time>
      </trkpt>
      <trkpt lat="46.07193" lon="8.60356">
        <ele>433.43</ele>
        <time>2026-02-02T17:54:08.699000Z</time>
      </trkpt>
      <trkpt lat="46.07186" lon="8.60381">
        <ele>434.94</ele>
        <time>2026-02-02T17:54:12.764000Z</time>
      </trkpt>
      <trkpt lat="46.07185" lon="8.60396">
        <ele>436.55</ele>
        <time>2026-02-02T17:54:15.212000Z</time>
      </trkpt>
      <trkpt lat="46.07182" lon="8.60436">
        <ele>438.15</ele>
        <time>2026-02-02T17:54:21.536000Z</time>
      </trkpt>
      <trkpt lat="46.07172" lon="8.6049">
        <ele>440.89</ele>
        <time>2026-02-02T17:54:30.160000Z</time>
      </trkpt>
      <trkpt lat="46.07171" lon="8.60522">
        <ele>435.67</ele>
        <time>2026-02-02T17:54:35.250000Z</time>
      </trkpt>
      <trkpt lat="46.07177" lon="8.60537">
        <ele>433.29</ele>
        <time>2026-02-02T17:54:37.808000Z</time>
      </trkpt>
      <trkpt lat="46.0719" lon="8.60548">
        <ele>430.31</ele>
        <time>2026-02-02T17:54:40.911000Z</time>
      </trkpt>
      <trkpt lat="46.07192" lon="8.60555">
        <ele>429.26</ele>
        <time>2026-02-02T17:54:42.012000Z</time>
      </trkpt>
      <trkpt lat="46.07191" lon="8.60562">
        <ele>428.27</ele>
        <time>2026-02-02T17:54:43.043000Z</time>
      </trkpt>
      <trkpt lat="46.07175" lon="8.606">
        <ele>422.16</ele>
        <time>2026-02-02T17:54:49.408000Z</time>
      </trkpt>
      <trkpt lat="46.07174" lon="8.60611">
        <ele>423.07</ele>
        <time>2026-02-02T17:54:50.940000Z</time>
      </trkpt>
      <trkpt lat="46.0718" lon="8.60635">
        <ele>418.1</ele>
        <time>2026-02-02T17:54:54.600000Z</time>
      </trkpt>
      <trkpt lat="46.07179" lon="8.60646">
        <ele>416.07</ele>
        <time>2026-02-02T17:54:56.190000Z</time>
      </trkpt>
      <trkpt lat="46.07178" lon="8.60655">
        <ele>416.19</ele>
        <time>2026-02-02T17:54:57.542000Z</time>
      </trkpt>
      <trkpt lat="46.07164" lon="8.60678">
        <ele>416.58</ele>
        <time>2026-02-02T17:55:02.183000Z</time>
      </trkpt>
      <trkpt lat="46.07148" lon="8.6072">
        <ele>412.16</ele>
        <time>2026-02-02T17:55:09.028000Z</time>
      </trkpt>
      <trkpt lat="46.07136" lon="8.60766">
        <ele>407.69</ele>
        <time>2026-02-02T17:55:15.952000Z</time>
      </trkpt>
      <trkpt lat="46.07128" lon="8.6081">
        <ele>403.59</ele>
        <time>2026-02-02T17:55:22.399000Z</time>
      </trkpt>
      <trkpt lat="46.07121" lon="8.60849">
        <ele>403.37</ele>
        <time>2026-02-02T17:55:28.626000Z</time>
      </trkpt>
      <trkpt lat="46.07112" lon="8.60882">
        <ele>403.17</ele>
        <time>2026-02-02T17:55:34.024000Z</time>
      </trkpt>
      <trkpt lat="46.07093" lon="8.60925">
        <ele>402.88</ele>
        <time>2026-02-02T17:55:41.931000Z</time>
      </trkpt>
      <trkpt lat="46.07069" lon="8.60969">
        <ele>409.38</ele>
        <time>2026-02-02T17:55:50.685000Z</time>
      </trkpt>
      <trkpt lat="46.07036" lon="8.61034">
        <ele>410.99</ele>
        <time>2026-02-02T17:56:03.039000Z</time>
      </trkpt>
      <trkpt lat="46.07032" lon="8.61052">
        <ele>410.27</ele>
        <time>2026-02-02T17:56:06.060000Z</time>
      </trkpt>
      <trkpt lat="46.07035" lon="8.61102">
        <ele>408.46</ele>
        <time>2026-02-02T17:56:13.797000Z</time>
      </trkpt>
      <trkpt lat="46.07032" lon="8.61112">
        <ele>408.3</ele>
        <time>2026-02-02T17:56:15.519000Z</time>
      </trkpt>
      <trkpt lat="46.07025" lon="8.61124">
        <ele>405.01</ele>
        <time>2026-02-02T17:56:17.825000Z</time>
      </trkpt>
      <trkpt lat="46.07011" lon="8.61158">
        <ele>404.63</ele>
        <time>2026-02-02T17:56:23.882000Z</time>
      </trkpt>
      <trkpt lat="46.07009" lon="8.61176">
        <ele>404.46</ele>
        <time>2026-02-02T17:56:26.741000Z</time>
      </trkpt>
      <trkpt lat="46.0701" lon="8.61211">
        <ele>404.15</ele>
        <time>2026-02-02T17:56:32.097000Z</time>
      </trkpt>
      <trkpt lat="46.07008" lon="8.61217">
        <ele>404.68</ele>
        <time>2026-02-02T17:56:33.142000Z</time>
      </trkpt>
      <trkpt lat="46.06993" lon="8.61262">
        <ele>408.19</ele>
        <time>2026-02-02T17:56:40.869000Z</time>
      </trkpt>
      <trkpt lat="46.06977" lon="8.61342">
        <ele>404.71</ele>
        <time>2026-02-02T17:56:53.763000Z</time>
      </trkpt>
      <trkpt lat="46.06974" lon="8.61357">
        <ele>404.05</ele>
        <time>2026-02-02T17:56:56.191000Z</time>
      </trkpt>
      <trkpt lat="46.06975" lon="8.61373">
        <ele>403.43</ele>
        <time>2026-02-02T17:56:58.615000Z</time>
      </trkpt>
      <trkpt lat="46.0698" lon="8.61392">
        <ele>404.46</ele>
        <time>2026-02-02T17:57:01.768000Z</time>
      </trkpt>
      <trkpt lat="46.06987" lon="8.61402">
        <ele>405.19</ele>
        <time>2026-02-02T17:57:03.988000Z</time>
      </trkpt>
      <trkpt lat="46.06988" lon="8.61415">
        <ele>405.83</ele>
        <time>2026-02-02T17:57:05.955000Z</time>
      </trkpt>
      <trkpt lat="46.06988" lon="8.61427">
        <ele>406.3</ele>
        <time>2026-02-02T17:57:07.792000Z</time>
      </trkpt>
      <trkpt lat="46.06983" lon="8.61433">
        <ele>404.2</ele>
        <time>2026-02-02T17:57:09.147000Z</time>
      </trkpt>
      <trkpt lat="46.06979" lon="8.61436">
        <ele>402.49</ele>
        <time>2026-02-02T17:57:10.309000Z</time>
      </trkpt>
      <trkpt lat="46.06968" lon="8.61445">
        <ele>397.67</ele>
        <time>2026-02-02T17:57:12.873000Z</time>
      </trkpt>
      <trkpt lat="46.06965" lon="8.61451">
        <ele>396.28</ele>
        <time>2026-02-02T17:57:14.137000Z</time>
      </trkpt>
      <trkpt lat="46.06961" lon="8.61464">
        <ele>393.86</ele>
        <time>2026-02-02T17:57:16.329000Z</time>
      </trkpt>
      <trkpt lat="46.06945" lon="8.61494">
        <ele>387.07</ele>
        <time>2026-02-02T17:57:22.499000Z</time>
      </trkpt>
      <trkpt lat="46.06934" lon="8.61508">
        <ele>383.42</ele>
        <time>2026-02-02T17:57:25.942000Z</time>
      </trkpt>
      <trkpt lat="46.06931" lon="8.6151">
        <ele>386.31</ele>
        <time>2026-02-02T17:57:26.678000Z</time>
      </trkpt>
      <trkpt lat="46.06907" lon="8.61526">
        <ele>389.2</ele>
        <time>2026-02-02T17:57:32.642000Z</time>
      </trkpt>
      <trkpt lat="46.06894" lon="8.61531">
        <ele>391.67</ele>
        <time>2026-02-02T17:57:35.516000Z</time>
      </trkpt>
      <trkpt lat="46.06888" lon="8.61538">
        <ele>391.6</ele>
        <time>2026-02-02T17:57:37.277000Z</time>
      </trkpt>
      <trkpt lat="46.06876" lon="8.61557">
        <ele>391.46</ele>
        <time>2026-02-02T17:57:41.327000Z</time>
      </trkpt>
      <trkpt lat="46.06866" lon="8.6159">
        <ele>391.26</ele>
        <time>2026-02-02T17:57:46.957000Z</time>
      </trkpt>
      <trkpt lat="46.0687" lon="8.61616">
        <ele>391.11</ele>
        <time>2026-02-02T17:57:51.052000Z</time>
      </trkpt>
      <trkpt lat="46.06874" lon="8.61625">
        <ele>391.12</ele>
        <time>2026-02-02T17:57:52.783000Z</time>
      </trkpt>
      <trkpt lat="46.06882" lon="8.61631">
        <ele>393.52</ele>
        <time>2026-02-02T17:57:54.654000Z</time>
      </trkpt>
      <trkpt lat="46.0689" lon="8.61633">
        <ele>395.87</ele>
        <time>2026-02-02T17:57:56.494000Z</time>
      </trkpt>
      <trkpt lat="46.06896" lon="8.61633">
        <ele>397.61</ele>
        <time>2026-02-02T17:57:57.868000Z</time>
      </trkpt>
      <trkpt lat="46.06901" lon="8.61636">
        <ele>399.21</ele>
        <time>2026-02-02T17:57:59.124000Z</time>
      </trkpt>
      <trkpt lat="46.06905" lon="8.61642">
        <ele>400.92</ele>
        <time>2026-02-02T17:58:00.456000Z</time>
      </trkpt>
      <trkpt lat="46.06907" lon="8.61656">
        <ele>403.77</ele>
        <time>2026-02-02T17:58:02.690000Z</time>
      </trkpt>
      <trkpt lat="46.06906" lon="8.61665">
        <ele>403.1</ele>
        <time>2026-02-02T17:58:04.012000Z</time>
      </trkpt>
      <trkpt lat="46.06904" lon="8.61676">
        <ele>402.61</ele>
        <time>2026-02-02T17:58:05.655000Z</time>
      </trkpt>
      <trkpt lat="46.06896" lon="8.61693">
        <ele>397.31</ele>
        <time>2026-02-02T17:58:08.568000Z</time>
      </trkpt>
      <trkpt lat="46.06884" lon="8.61699">
        <ele>392.71</ele>
        <time>2026-02-02T17:58:11.103000Z</time>
      </trkpt>
      <trkpt lat="46.06862" lon="8.61708">
        <ele>384.88</ele>
        <time>2026-02-02T17:58:15.809000Z</time>
      </trkpt>
      <trkpt lat="46.06841" lon="8.61718">
        <ele>382.4</ele>
        <time>2026-02-02T17:58:20.325000Z</time>
      </trkpt>
      <trkpt lat="46.06831" lon="8.61726">
        <ele>384.35</ele>
        <time>2026-02-02T17:58:22.685000Z</time>
      </trkpt>
      <trkpt lat="46.06818" lon="8.61742">
        <ele>387.31</ele>
        <time>2026-02-02T17:58:26.280000Z</time>
      </trkpt>
      <trkpt lat="46.06812" lon="8.61757">
        <ele>389.22</ele>
        <time>2026-02-02T17:58:28.761000Z</time>
      </trkpt>
      <trkpt lat="46.0679" lon="8.61833">
        <ele>386.31</ele>
        <time>2026-02-02T17:58:40.488000Z</time>
      </trkpt>
      <trkpt lat="46.06777" lon="8.61872">
        <ele>387.07</ele>
        <time>2026-02-02T17:58:47.975000Z</time>
      </trkpt>
      <trkpt lat="46.06776" lon="8.61884">
        <ele>387.29</ele>
        <time>2026-02-02T17:58:50.047000Z</time>
      </trkpt>
      <trkpt lat="46.06774" lon="8.61938">
        <ele>388.26</ele>
        <time>2026-02-02T17:58:59.488000Z</time>
      </trkpt>
      <trkpt lat="46.06775" lon="8.61972">
        <ele>388.81</ele>
        <time>2026-02-02T17:59:05.442000Z</time>
      </trkpt>
      <trkpt lat="46.06784" lon="8.61998">
        <ele>394.11</ele>
        <time>2026-02-02T17:59:10.473000Z</time>
      </trkpt>
      <trkpt lat="46.06801" lon="8.62041">
        <ele>403.05</ele>
        <time>2026-02-02T17:59:18.992000Z</time>
      </trkpt>
      <trkpt lat="46.06812" lon="8.62076">
        <ele>410.02</ele>
        <time>2026-02-02T17:59:25.646000Z</time>
      </trkpt>
      <trkpt lat="46.06813" lon="8.62113">
        <ele>406.9</ele>
        <time>2026-02-02T17:59:32.066000Z</time>
      </trkpt>
      <trkpt lat="46.0681" lon="8.62149">
        <ele>403.85</ele>
        <time>2026-02-02T17:59:38.362000Z</time>
      </trkpt>
      <trkpt lat="46.06808" lon="8.62161">
        <ele>402.78</ele>
        <time>2026-02-02T17:59:40.031000Z</time>
      </trkpt>
      <trkpt lat="46.06802" lon="8.622">
        <ele>396.58</ele>
        <time>2026-02-02T17:59:45.752000Z</time>
      </trkpt>
      <trkpt lat="46.06777" lon="8.62283">
        <ele>382.62</ele>
        <time>2026-02-02T17:59:58.731000Z</time>
      </trkpt>
      <trkpt lat="46.06776" lon="8.62294">
        <ele>380.72</ele>
        <time>2026-02-02T18:00:00.286000Z</time>
      </trkpt>
      <trkpt lat="46.06776" lon="8.62294">
        <ele>380.59</ele>
        <time>2026-02-02T18:00:00.400000Z</time>
      </trkpt>
      <trkpt lat="46.06772" lon="8.6232">
        <ele>380.78</ele>
        <time>2026-02-02T18:00:04.879000Z</time>
      </trkpt>
      <trkpt lat="46.06747" lon="8.62375">
        <ele>386.93</ele>
        <time>2026-02-02T18:00:16.373000Z</time>
      </trkpt>
      <trkpt lat="46.06732" lon="8.62401">
        <ele>392.78</ele>
        <time>2026-02-02T18:00:22.042000Z</time>
      </trkpt>
      <trkpt lat="46.06727" lon="8.62413">
        <ele>395.35</ele>
        <time>2026-02-02T18:00:24.563000Z</time>
      </trkpt>
      <trkpt lat="46.06724" lon="8.62428">
        <ele>395.08</ele>
        <time>2026-02-02T18:00:27.225000Z</time>
      </trkpt>
      <trkpt lat="46.06721" lon="8.62455">
        <ele>394.6</ele>
        <time>2026-02-02T18:00:31.926000Z</time>
      </trkpt>
      <trkpt lat="46.06714" lon="8.62469">
        <ele>394.3</ele>
        <time>2026-02-02T18:00:34.849000Z</time>
      </trkpt>
      <trkpt lat="46.06707" lon="8.62476">
        <ele>394.07</ele>
        <time>2026-02-02T18:00:37.106000Z</time>
      </trkpt>
      <trkpt lat="46.06697" lon="8.62482">
        <ele>393.81</ele>
        <time>2026-02-02T18:00:39.724000Z</time>
      </trkpt>
      <trkpt lat="46.06691" lon="8.62483">
        <ele>393.82</ele>
        <time>2026-02-02T18:00:41.271000Z</time>
      </trkpt>
      <trkpt lat="46.06671" lon="8.62487">
        <ele>401.48</ele>
        <time>2026-02-02T18:01:08.248000Z</time>
      </trkpt>
      <trkpt lat="46.06663" lon="8.62492">
        <ele>404.9</ele>
        <time>2026-02-02T18:01:20.326000Z</time>
      </trkpt>
      <trkpt lat="46.06657" lon="8.62497">
        <ele>407.36</ele>
        <time>2026-02-02T18:01:29.798000Z</time>
      </trkpt>
      <trkpt lat="46.0665" lon="8.62514">
        <ele>408.43</ele>
        <time>2026-02-02T18:01:47.885000Z</time>
      </trkpt>
      <trkpt lat="46.06646" lon="8.6253">
        <ele>409.43</ele>
        <time>2026-02-02T18:02:04.758000Z</time>
      </trkpt>
      <trkpt lat="46.06632" lon="8.62576">
        <ele>412.23</ele>
        <time>2026-02-02T18:02:52.216000Z</time>
      </trkpt>
      <trkpt lat="46.06632" lon="8.62601">
        <ele>409.01</ele>
        <time>2026-02-02T18:02:55.765000Z</time>
      </trkpt>
      <trkpt lat="46.06635" lon="8.62627">
        <ele>404.64</ele>
        <time>2026-02-02T18:02:59.500000Z</time>
      </trkpt>
      <trkpt lat="46.06646" lon="8.62656">
        <ele>399.17</ele>
        <time>2026-02-02T18:03:04.292000Z</time>
      </trkpt>
      <trkpt lat="46.06652" lon="8.62683">
        <ele>398.5</ele>
        <time>2026-02-02T18:03:08.320000Z</time>
      </trkpt>
      <trkpt lat="46.06652" lon="8.62698">
        <ele>398.13</ele>
        <time>2026-02-02T18:03:10.554000Z</time>
      </trkpt>
      <trkpt lat="46.0665" lon="8.62717">
        <ele>397.68</ele>
        <time>2026-02-02T18:03:13.285000Z</time>
      </trkpt>
      <trkpt lat="46.06646" lon="8.62733">
        <ele>397.33</ele>
        <time>2026-02-02T18:03:15.728000Z</time>
      </trkpt>
      <trkpt lat="46.06647" lon="8.62749">
        <ele>393.76</ele>
        <time>2026-02-02T18:03:18.001000Z</time>
      </trkpt>
      <trkpt lat="46.0665" lon="8.62764">
        <ele>390.08</ele>
        <time>2026-02-02T18:03:20.346000Z</time>
      </trkpt>
      <trkpt lat="46.06663" lon="8.62787">
        <ele>383.52</ele>
        <time>2026-02-02T18:03:24.509000Z</time>
      </trkpt>
      <trkpt lat="46.06663" lon="8.62798">
        <ele>381.16</ele>
        <time>2026-02-02T18:03:26.016000Z</time>
      </trkpt>
      <trkpt lat="46.06662" lon="8.62804">
        <ele>379.67</ele>
        <time>2026-02-02T18:03:26.975000Z</time>
      </trkpt>
      <trkpt lat="46.0666" lon="8.62809">
        <ele>379.65</ele>
        <time>2026-02-02T18:03:27.824000Z</time>
      </trkpt>
      <trkpt lat="46.0665" lon="8.6282">
        <ele>383.93</ele>
        <time>2026-02-02T18:03:45.272000Z</time>
      </trkpt>
      <trkpt lat="46.06636" lon="8.62838">
        <ele>388.21</ele>
        <time>2026-02-02T18:04:10.744000Z</time>
      </trkpt>
      <trkpt lat="46.06625" lon="8.62856">
        <ele>392.47</ele>
        <time>2026-02-02T18:04:14.466000Z</time>
      </trkpt>
      <trkpt lat="46.06623" lon="8.62872">
        <ele>391.51</ele>
        <time>2026-02-02T18:04:17.059000Z</time>
      </trkpt>
      <trkpt lat="46.06627" lon="8.629">
        <ele>389.9</ele>
        <time>2026-02-02T18:04:21.490000Z</time>
      </trkpt>
      <trkpt lat="46.0663" lon="8.62911">
        <ele>388.54</ele>
        <time>2026-02-02T18:04:23.183000Z</time>
      </trkpt>
      <trkpt lat="46.06637" lon="8.62928">
        <ele>383.09</ele>
        <time>2026-02-02T18:04:25.980000Z</time>
      </trkpt>
      <trkpt lat="46.06644" lon="8.62933">
        <ele>379.81</ele>
        <time>2026-02-02T18:04:27.664000Z</time>
      </trkpt>
      <trkpt lat="46.06652" lon="8.62935">
        <ele>376.45</ele>
        <time>2026-02-02T18:04:29.388000Z</time>
      </trkpt>
      <trkpt lat="46.06662" lon="8.62931">
        <ele>374.05</ele>
        <time>2026-02-02T18:04:31.729000Z</time>
      </trkpt>
      <trkpt lat="46.06677" lon="8.62922">
        <ele>366.51</ele>
        <time>2026-02-02T18:04:35.197000Z</time>
      </trkpt>
      <trkpt lat="46.06684" lon="8.62919">
        <ele>363.22</ele>
        <time>2026-02-02T18:04:36.664000Z</time>
      </trkpt>
      <trkpt lat="46.06688" lon="8.62921">
        <ele>364.22</ele>
        <time>2026-02-02T18:04:37.458000Z</time>
      </trkpt>
      <trkpt lat="46.0669" lon="8.62924">
        <ele>365.11</ele>
        <time>2026-02-02T18:04:38.176000Z</time>
      </trkpt>
      <trkpt lat="46.06691" lon="8.62928">
        <ele>365.98</ele>
        <time>2026-02-02T18:04:38.882000Z</time>
      </trkpt>
      <trkpt lat="46.0669" lon="8.6294">
        <ele>367.26</ele>
        <time>2026-02-02T18:04:40.518000Z</time>
      </trkpt>
      <trkpt lat="46.06689" lon="8.62945">
        <ele>367.17</ele>
        <time>2026-02-02T18:04:41.328000Z</time>
      </trkpt>
      <trkpt lat="46.06685" lon="8.6296">
        <ele>369.16</ele>
        <time>2026-02-02T18:04:56.787000Z</time>
      </trkpt>
      <trkpt lat="46.06674" lon="8.62983">
        <ele>372.49</ele>
        <time>2026-02-02T18:05:22.969000Z</time>
      </trkpt>
      <trkpt lat="46.06667" lon="8.63007">
        <ele>375.4</ele>
        <time>2026-02-02T18:05:35.052000Z</time>
      </trkpt>
      <trkpt lat="46.06665" lon="8.63027">
        <ele>377.73</ele>
        <time>2026-02-02T18:05:44.648000Z</time>
      </trkpt>
      <trkpt lat="46.06665" lon="8.63061">
        <ele>381.43</ele>
        <time>2026-02-02T18:06:00.376000Z</time>
      </trkpt>
      <trkpt lat="46.06665" lon="8.6308">
        <ele>381.97</ele>
        <time>2026-02-02T18:06:09.231000Z</time>
      </trkpt>
      <trkpt lat="46.06672" lon="8.63118">
        <ele>383.09</ele>
        <time>2026-02-02T18:06:27.562000Z</time>
      </trkpt>
      <trkpt lat="46.06673" lon="8.6314">
        <ele>383.72</ele>
        <time>2026-02-02T18:06:37.922000Z</time>
      </trkpt>
      <trkpt lat="46.06672" lon="8.63162">
        <ele>384.36</ele>
        <time>2026-02-02T18:06:48.461000Z</time>
      </trkpt>
      <trkpt lat="46.06668" lon="8.6318">
        <ele>384.84</ele>
        <time>2026-02-02T18:06:57.165000Z</time>
      </trkpt>
      <trkpt lat="46.06663" lon="8.63193">
        <ele>387.6</ele>
        <time>2026-02-02T18:07:04.089000Z</time>
      </trkpt>
      <trkpt lat="46.06652" lon="8.63211">
        <ele>392.07</ele>
        <time>2026-02-02T18:07:15.336000Z</time>
      </trkpt>
      <trkpt lat="46.06638" lon="8.63225">
        <ele>396.75</ele>
        <time>2026-02-02T18:07:27.027000Z</time>
      </trkpt>
      <trkpt lat="46.06633" lon="8.63228">
        <ele>398.23</ele>
        <time>2026-02-02T18:07:30.717000Z</time>
      </trkpt>
      <trkpt lat="46.06621" lon="8.63231">
        <ele>400.81</ele>
        <time>2026-02-02T18:07:39.074000Z</time>
      </trkpt>
      <trkpt lat="46.06604" lon="8.6323">
        <ele>407.42</ele>
        <time>2026-02-02T18:08:02.107000Z</time>
      </trkpt>
      <trkpt lat="46.06583" lon="8.63226">
        <ele>416.27</ele>
        <time>2026-02-02T18:08:32.971000Z</time>
      </trkpt>
      <trkpt lat="46.06567" lon="8.63227">
        <ele>422.69</ele>
        <time>2026-02-02T18:08:55.269000Z</time>
      </trkpt>
      <trkpt lat="46.06553" lon="8.63236">
        <ele>428.51</ele>
        <time>2026-02-02T18:09:17.740000Z</time>
      </trkpt>
      <trkpt lat="46.0655" lon="8.63244">
        <ele>428.99</ele>
        <time>2026-02-02T18:09:19.083000Z</time>
      </trkpt>
      <trkpt lat="46.0656" lon="8.63266">
        <ele>422.13</ele>
        <time>2026-02-02T18:09:22.894000Z</time>
      </trkpt>
      <trkpt lat="46.06574" lon="8.63292">
        <ele>413.39</ele>
        <time>2026-02-02T18:09:27.721000Z</time>
      </trkpt>
      <trkpt lat="46.06589" lon="8.63324">
        <ele>403.07</ele>
        <time>2026-02-02T18:09:33.444000Z</time>
      </trkpt>
      <trkpt lat="46.06606" lon="8.63361">
        <ele>395.64</ele>
        <time>2026-02-02T18:09:39.883000Z</time>
      </trkpt>
      <trkpt lat="46.06608" lon="8.63369">
        <ele>394.3</ele>
        <time>2026-02-02T18:09:41.061000Z</time>
      </trkpt>
      <trkpt lat="46.06608" lon="8.63382">
        <ele>394.02</ele>
        <time>2026-02-02T18:09:43.064000Z</time>
      </trkpt>
      <trkpt lat="46.06611" lon="8.63412">
        <ele>396.64</ele>
        <time>2026-02-02T18:09:49.015000Z</time>
      </trkpt>
      <trkpt lat="46.06612" lon="8.63447">
        <ele>399.63</ele>
        <time>2026-02-02T18:09:55.810000Z</time>
      </trkpt>
      <trkpt lat="46.06618" lon="8.63467">
        <ele>399.63</ele>
        <time>2026-02-02T18:09:59.097000Z</time>
      </trkpt>
      <trkpt lat="46.06622" lon="8.63497">
        <ele>398.5</ele>
        <time>2026-02-02T18:10:04.032000Z</time>
      </trkpt>
      <trkpt lat="46.0663" lon="8.63526">
        <ele>392.69</ele>
        <time>2026-02-02T18:10:08.977000Z</time>
      </trkpt>
      <trkpt lat="46.06645" lon="8.63542">
        <ele>387.66</ele>
        <time>2026-02-02T18:10:13.259000Z</time>
      </trkpt>
      <trkpt lat="46.06646" lon="8.63565">
        <ele>384.15</ele>
        <time>2026-02-02T18:10:16.915000Z</time>
      </trkpt>
      <trkpt lat="46.06641" lon="8.63579">
        <ele>388.8</ele>
        <time>2026-02-02T18:10:19.484000Z</time>
      </trkpt>
      <trkpt lat="46.06624" lon="8.63589">
        <ele>396.19</ele>
        <time>2026-02-02T18:10:23.595000Z</time>
      </trkpt>
      <trkpt lat="46.06614" lon="8.63591">
        <ele>400.65</ele>
        <time>2026-02-02T18:10:26.052000Z</time>
      </trkpt>
      <trkpt lat="46.06608" lon="8.63594">
        <ele>402.24</ele>
        <time>2026-02-02T18:10:27.531000Z</time>
      </trkpt>
      <trkpt lat="46.06601" lon="8.63603">
        <ele>404.55</ele>
        <time>2026-02-02T18:10:39.499000Z</time>
      </trkpt>
      <trkpt lat="46.06598" lon="8.63615">
        <ele>405.18</ele>
        <time>2026-02-02T18:10:41.813000Z</time>
      </trkpt>
      <trkpt lat="46.06594" lon="8.63634">
        <ele>406.14</ele>
        <time>2026-02-02T18:10:45.382000Z</time>
      </trkpt>
      <trkpt lat="46.06572" lon="8.63668">
        <ele>420.26</ele>
        <time>2026-02-02T18:10:53.945000Z</time>
      </trkpt>
      <trkpt lat="46.06553" lon="8.63688">
        <ele>430.49</ele>
        <time>2026-02-02T18:11:00.165000Z</time>
      </trkpt>
      <trkpt lat="46.06539" lon="8.63713">
        <ele>439.74</ele>
        <time>2026-02-02T18:11:05.884000Z</time>
      </trkpt>
      <trkpt lat="46.06541" lon="8.6376">
        <ele>432.28</ele>
        <time>2026-02-02T18:11:14.326000Z</time>
      </trkpt>
      <trkpt lat="46.06552" lon="8.63816">
        <ele>412.9</ele>
        <time>2026-02-02T18:11:24.930000Z</time>
      </trkpt>
      <trkpt lat="46.0656" lon="8.63842">
        <ele>403.36</ele>
        <time>2026-02-02T18:11:29.315000Z</time>
      </trkpt>
      <trkpt lat="46.06585" lon="8.63944">
        <ele>396.4</ele>
        <time>2026-02-02T18:11:47.985000Z</time>
      </trkpt>
      <trkpt lat="46.06593" lon="8.63977">
        <ele>389.45</ele>
        <time>2026-02-02T18:11:54.312000Z</time>
      </trkpt>
      <trkpt lat="46.06594" lon="8.64061">
        <ele>388.02</ele>
        <time>2026-02-02T18:12:09.308000Z</time>
      </trkpt>
      <trkpt lat="46.06592" lon="8.64115">
        <ele>391.48</ele>
        <time>2026-02-02T18:12:18.936000Z</time>
      </trkpt>
      <trkpt lat="46.06586" lon="8.64139">
        <ele>397.35</ele>
        <time>2026-02-02T18:12:23.403000Z</time>
      </trkpt>
      <trkpt lat="46.06579" lon="8.64156">
        <ele>402.12</ele>
        <time>2026-02-02T18:12:27.095000Z</time>
      </trkpt>
      <trkpt lat="46.0657" lon="8.64172">
        <ele>407.78</ele>
        <time>2026-02-02T18:12:30.689000Z</time>
      </trkpt>
      <trkpt lat="46.0656" lon="8.64176">
        <ele>415.06</ele>
        <time>2026-02-02T18:12:33.313000Z</time>
      </trkpt>
      <trkpt lat="46.06549" lon="8.64178">
        <ele>423.16</ele>
        <time>2026-02-02T18:12:36.240000Z</time>
      </trkpt>
      <trkpt lat="46.06541" lon="8.6419">
        <ele>428.1</ele>
        <time>2026-02-02T18:12:52.134000Z</time>
      </trkpt>
      <trkpt lat="46.06539" lon="8.64199">
        <ele>429.11</ele>
        <time>2026-02-02T18:12:53.667000Z</time>
      </trkpt>
      <trkpt lat="46.06551" lon="8.64234">
        <ele>419.06</ele>
        <time>2026-02-02T18:13:00.074000Z</time>
      </trkpt>
      <trkpt lat="46.06584" lon="8.6432">
        <ele>394.05</ele>
        <time>2026-02-02T18:13:16.023000Z</time>
      </trkpt>
      <trkpt lat="46.06609" lon="8.64347">
        <ele>383.48</ele>
        <time>2026-02-02T18:13:23.229000Z</time>
      </trkpt>
      <trkpt lat="46.06617" lon="8.64372">
        <ele>382.41</ele>
        <time>2026-02-02T18:13:27.592000Z</time>
      </trkpt>
      <trkpt lat="46.0662" lon="8.64402">
        <ele>381.21</ele>
        <time>2026-02-02T18:13:32.582000Z</time>
      </trkpt>
      <trkpt lat="46.06618" lon="8.64426">
        <ele>384.36</ele>
        <time>2026-02-02T18:13:36.389000Z</time>
      </trkpt>
      <trkpt lat="46.06611" lon="8.64437">
        <ele>386.3</ele>
        <time>2026-02-02T18:13:38.744000Z</time>
      </trkpt>
      <trkpt lat="46.06607" lon="8.6444">
        <ele>386.88</ele>
        <time>2026-02-02T18:13:39.898000Z</time>
      </trkpt>
      <trkpt lat="46.06589" lon="8.64441">
        <ele>397.38</ele>
        <time>2026-02-02T18:13:43.947000Z</time>
      </trkpt>
      <trkpt lat="46.06556" lon="8.64459">
        <ele>419.08</ele>
        <time>2026-02-02T18:13:52.333000Z</time>
      </trkpt>
      <trkpt lat="46.06549" lon="8.64468">
        <ele>423.78</ele>
        <time>2026-02-02T18:13:54.516000Z</time>
      </trkpt>
      <trkpt lat="46.06535" lon="8.64514">
        <ele>421.21</ele>
        <time>2026-02-02T18:14:02.619000Z</time>
      </trkpt>
      <trkpt lat="46.06533" lon="8.64534">
        <ele>420.2</ele>
        <time>2026-02-02T18:14:05.805000Z</time>
      </trkpt>
      <trkpt lat="46.06529" lon="8.64543">
        <ele>419.69</ele>
        <time>2026-02-02T18:14:07.506000Z</time>
      </trkpt>
      <trkpt lat="46.0651" lon="8.64557">
        <ele>428.12</ele>
        <time>2026-02-02T18:14:12.528000Z</time>
      </trkpt>
      <trkpt lat="46.06499" lon="8.64573">
        <ele>428.73</ele>
        <time>2026-02-02T18:14:16.250000Z</time>
      </trkpt>
      <trkpt lat="46.0649" lon="8.64588">
        <ele>428.82</ele>
        <time>2026-02-02T18:14:19.205000Z</time>
      </trkpt>
      <trkpt lat="46.06488" lon="8.6459">
        <ele>428.42</ele>
        <time>2026-02-02T18:14:19.746000Z</time>
      </trkpt>
      <trkpt lat="46.06486" lon="8.64596">
        <ele>427.76</ele>
        <time>2026-02-02T18:14:20.638000Z</time>
      </trkpt>
      <trkpt lat="46.06485" lon="8.64602">
        <ele>427.07</ele>
        <time>2026-02-02T18:14:21.663000Z</time>
      </trkpt>
      <trkpt lat="46.06494" lon="8.64636">
        <ele>410.94</ele>
        <time>2026-02-02T18:14:26.957000Z</time>
      </trkpt>
      <trkpt lat="46.06494" lon="8.64645">
        <ele>406.82</ele>
        <time>2026-02-02T18:14:28.345000Z</time>
      </trkpt>
      <trkpt lat="46.06478" lon="8.64703">
        <ele>406.67</ele>
        <time>2026-02-02T18:14:37.579000Z</time>
      </trkpt>
      <trkpt lat="46.06476" lon="8.6472">
        <ele>405.38</ele>
        <time>2026-02-02T18:14:40.089000Z</time>
      </trkpt>
      <trkpt lat="46.0648" lon="8.64739">
        <ele>400.42</ele>
        <time>2026-02-02T18:14:43.081000Z</time>
      </trkpt>
      <trkpt lat="46.06479" lon="8.64749">
        <ele>403.43</ele>
        <time>2026-02-02T18:14:44.629000Z</time>
      </trkpt>
      <trkpt lat="46.06471" lon="8.64758">
        <ele>407.65</ele>
        <time>2026-02-02T18:14:46.799000Z</time>
      </trkpt>
      <trkpt lat="46.06468" lon="8.64767">
        <ele>410.52</ele>
        <time>2026-02-02T18:14:48.493000Z</time>
      </trkpt>
      <trkpt lat="46.06458" lon="8.64848">
        <ele>412.22</ele>
        <time>2026-02-02T18:15:01.417000Z</time>
      </trkpt>
      <trkpt lat="46.06464" lon="8.64933">
        <ele>397.23</ele>
        <time>2026-02-02T18:15:14.991000Z</time>
      </trkpt>
      <trkpt lat="46.06469" lon="8.64967">
        <ele>392.91</ele>
        <time>2026-02-02T18:15:20.046000Z</time>
      </trkpt>
      <trkpt lat="46.06469" lon="8.64995">
        <ele>389.51</ele>
        <time>2026-02-02T18:15:24.013000Z</time>
      </trkpt>
      <trkpt lat="46.06471" lon="8.65007">
        <ele>388.11</ele>
        <time>2026-02-02T18:15:25.717000Z</time>
      </trkpt>
      <trkpt lat="46.06485" lon="8.65034">
        <ele>379.66</ele>
        <time>2026-02-02T18:15:30.571000Z</time>
      </trkpt>
      <trkpt lat="46.06492" lon="8.65046">
        <ele>376.08</ele>
        <time>2026-02-02T18:15:32.826000Z</time>
      </trkpt>
      <trkpt lat="46.06529" lon="8.65099">
        <ele>367.54</ele>
        <time>2026-02-02T18:15:47.783000Z</time>
      </trkpt>
      <trkpt lat="46.06538" lon="8.6513">
        <ele>369.95</ele>
        <time>2026-02-02T18:15:54.437000Z</time>
      </trkpt>
      <trkpt lat="46.06544" lon="8.65162">
        <ele>372.35</ele>
        <time>2026-02-02T18:16:01.067000Z</time>
      </trkpt>
      <trkpt lat="46.0654" lon="8.65191">
        <ele>381.15</ele>
        <time>2026-02-02T18:16:06.922000Z</time>
      </trkpt>
      <trkpt lat="46.06535" lon="8.65201">
        <ele>387.15</ele>
        <time>2026-02-02T18:16:09.306000Z</time>
      </trkpt>
      <trkpt lat="46.06523" lon="8.65223">
        <ele>393.14</ele>
        <time>2026-02-02T18:16:14.884000Z</time>
      </trkpt>
      <trkpt lat="46.06505" lon="8.65236">
        <ele>401.99</ele>
        <time>2026-02-02T18:16:20.781000Z</time>
      </trkpt>
      <trkpt lat="46.06494" lon="8.6525">
        <ele>406.38</ele>
        <time>2026-02-02T18:16:25.017000Z</time>
      </trkpt>
      <trkpt lat="46.06491" lon="8.65266">
        <ele>405.05</ele>
        <time>2026-02-02T18:16:28.272000Z</time>
      </trkpt>
      <trkpt lat="46.06496" lon="8.65287">
        <ele>403.21</ele>
        <time>2026-02-02T18:16:32.734000Z</time>
      </trkpt>
      <trkpt lat="46.06497" lon="8.65315">
        <ele>400.89</ele>
        <time>2026-02-02T18:16:38.395000Z</time>
      </trkpt>
      <trkpt lat="46.06494" lon="8.65365">
        <ele>396.8</ele>
        <time>2026-02-02T18:16:48.356000Z</time>
      </trkpt>
      <trkpt lat="46.06495" lon="8.65377">
        <ele>395.8</ele>
        <time>2026-02-02T18:16:50.771000Z</time>
      </trkpt>
      <trkpt lat="46.06503" lon="8.65406">
        <ele>393.21</ele>
        <time>2026-02-02T18:16:57.098000Z</time>
      </trkpt>
      <trkpt lat="46.06505" lon="8.65415">
        <ele>392.47</ele>
        <time>2026-02-02T18:16:58.881000Z</time>
      </trkpt>
      <trkpt lat="46.06502" lon="8.65427">
        <ele>391.85</ele>
        <time>2026-02-02T18:17:01.344000Z</time>
      </trkpt>
      <trkpt lat="46.06494" lon="8.65437">
        <ele>396.91</ele>
        <time>2026-02-02T18:17:04.487000Z</time>
      </trkpt>
      <trkpt lat="46.06484" lon="8.65445">
        <ele>402.1</ele>
        <time>2026-02-02T18:17:07.713000Z</time>
      </trkpt>
      <trkpt lat="46.06471" lon="8.65451">
        <ele>408.47</ele>
        <time>2026-02-02T18:17:11.654000Z</time>
      </trkpt>
      <trkpt lat="46.06464" lon="8.65461">
        <ele>412.96</ele>
        <time>2026-02-02T18:17:14.628000Z</time>
      </trkpt>
      <trkpt lat="46.06456" lon="8.65503">
        <ele>413.58</ele>
        <time>2026-02-02T18:17:23.298000Z</time>
      </trkpt>
      <trkpt lat="46.06452" lon="8.65511">
        <ele>413.71</ele>
        <time>2026-02-02T18:17:25.153000Z</time>
      </trkpt>
      <trkpt lat="46.06446" lon="8.65515">
        <ele>413.81</ele>
        <time>2026-02-02T18:17:27.151000Z</time>
      </trkpt>
      <trkpt lat="46.06427" lon="8.65511">
        <ele>425.12</ele>
        <time>2026-02-02T18:17:32.731000Z</time>
      </trkpt>
      <trkpt lat="46.06421" lon="8.65514">
        <ele>428.47</ele>
        <time>2026-02-02T18:17:34.512000Z</time>
      </trkpt>
      <trkpt lat="46.06411" lon="8.65527">
        <ele>432.29</ele>
        <time>2026-02-02T18:17:52.481000Z</time>
      </trkpt>
      <trkpt lat="46.06411" lon="8.6554">
        <ele>429.0</ele>
        <time>2026-02-02T18:17:54.429000Z</time>
      </trkpt>
      <trkpt lat="46.06422" lon="8.65582">
        <ele>418.29</ele>
        <time>2026-02-02T18:18:00.821000Z</time>
      </trkpt>
      <trkpt lat="46.06433" lon="8.65612">
        <ele>410.47</ele>
        <time>2026-02-02T18:18:05.649000Z</time>
      </trkpt>
      <trkpt lat="46.06446" lon="8.6567">
        <ele>404.0</ele>
        <time>2026-02-02T18:18:14.486000Z</time>
      </trkpt>
      <trkpt lat="46.06449" lon="8.65693">
        <ele>401.58</ele>
        <time>2026-02-02T18:18:17.820000Z</time>
      </trkpt>
      <trkpt lat="46.06449" lon="8.65717">
        <ele>401.68</ele>
        <time>2026-02-02T18:18:21.229000Z</time>
      </trkpt>
      <trkpt lat="46.06451" lon="8.65761">
        <ele>401.85</ele>
        <time>2026-02-02T18:18:27.476000Z</time>
      </trkpt>
      <trkpt lat="46.06452" lon="8.6578">
        <ele>402.96</ele>
        <time>2026-02-02T18:18:30.819000Z</time>
      </trkpt>
      <trkpt lat="46.06465" lon="8.65827">
        <ele>396.16</ele>
        <time>2026-02-02T18:18:38.129000Z</time>
      </trkpt>
      <trkpt lat="46.06504" lon="8.65879">
        <ele>374.73</ele>
        <time>2026-02-02T18:18:49.102000Z</time>
      </trkpt>
      <trkpt lat="46.06518" lon="8.65951">
        <ele>379.8</ele>
        <time>2026-02-02T18:18:59.895000Z</time>
      </trkpt>
      <trkpt lat="46.06563" lon="8.66029">
        <ele>366.25</ele>
        <time>2026-02-02T18:19:14.484000Z</time>
      </trkpt>
      <trkpt lat="46.06564" lon="8.66064">
        <ele>371.96</ele>
        <time>2026-02-02T18:19:19.500000Z</time>
      </trkpt>
      <trkpt lat="46.06556" lon="8.661">
        <ele>378.28</ele>
        <time>2026-02-02T18:19:25.044000Z</time>
      </trkpt>
      <trkpt lat="46.06544" lon="8.66138">
        <ele>385.15</ele>
        <time>2026-02-02T18:19:31.077000Z</time>
      </trkpt>
      <trkpt lat="46.06525" lon="8.6617">
        <ele>391.09</ele>
        <time>2026-02-02T18:19:37.058000Z</time>
      </trkpt>
      <trkpt lat="46.06506" lon="8.66193">
        <ele>399.58</ele>
        <time>2026-02-02T18:19:42.175000Z</time>
      </trkpt>
      <trkpt lat="46.06491" lon="8.66234">
        <ele>405.0</ele>
        <time>2026-02-02T18:19:48.850000Z</time>
      </trkpt>
      <trkpt lat="46.06478" lon="8.66267">
        <ele>409.47</ele>
        <time>2026-02-02T18:19:54.364000Z</time>
      </trkpt>
      <trkpt lat="46.06474" lon="8.66294">
        <ele>408.54</ele>
        <time>2026-02-02T18:19:58.305000Z</time>
      </trkpt>
      <trkpt lat="46.06487" lon="8.66334">
        <ele>391.75</ele>
        <time>2026-02-02T18:20:04.765000Z</time>
      </trkpt>
      <trkpt lat="46.06486" lon="8.66352">
        <ele>388.97</ele>
        <time>2026-02-02T18:20:07.232000Z</time>
      </trkpt>
      <trkpt lat="46.06475" lon="8.66408">
        <ele>379.43</ele>
        <time>2026-02-02T18:20:15.704000Z</time>
      </trkpt>
      <trkpt lat="46.06475" lon="8.6645">
        <ele>372.77</ele>
        <time>2026-02-02T18:20:21.770000Z</time>
      </trkpt>
      <trkpt lat="46.0647" lon="8.66476">
        <ele>371.54</ele>
        <time>2026-02-02T18:20:25.989000Z</time>
      </trkpt>
      <trkpt lat="46.06461" lon="8.66497">
        <ele>370.37</ele>
        <time>2026-02-02T18:20:30.029000Z</time>
      </trkpt>
      <trkpt lat="46.0645" lon="8.66508">
        <ele>369.62</ele>
        <time>2026-02-02T18:20:32.948000Z</time>
      </trkpt>
      <trkpt lat="46.06441" lon="8.6651">
        <ele>374.07</ele>
        <time>2026-02-02T18:20:35.173000Z</time>
      </trkpt>
      <trkpt lat="46.06433" lon="8.66511">
        <ele>377.93</ele>
        <time>2026-02-02T18:20:37.075000Z</time>
      </trkpt>
      <trkpt lat="46.0641" lon="8.66503">
        <ele>388.66</ele>
        <time>2026-02-02T18:20:42.418000Z</time>
      </trkpt>
      <trkpt lat="46.06402" lon="8.66505">
        <ele>392.15</ele>
        <time>2026-02-02T18:20:44.318000Z</time>
      </trkpt>
      <trkpt lat="46.06389" lon="8.66512">
        <ele>393.94</ele>
        <time>2026-02-02T18:20:47.432000Z</time>
      </trkpt>
      <trkpt lat="46.06371" lon="8.66528">
        <ele>396.67</ele>
        <time>2026-02-02T18:20:52.188000Z</time>
      </trkpt>
      <trkpt lat="46.0635" lon="8.66536">
        <ele>402.71</ele>
        <time>2026-02-02T18:20:57.234000Z</time>
      </trkpt>
      <trkpt lat="46.06333" lon="8.66539">
        <ele>407.44</ele>
        <time>2026-02-02T18:21:01.172000Z</time>
      </trkpt>
      <trkpt lat="46.06325" lon="8.66543">
        <ele>409.77</ele>
        <time>2026-02-02T18:21:03.124000Z</time>
      </trkpt>
      <trkpt lat="46.06318" lon="8.6655">
        <ele>412.01</ele>
        <time>2026-02-02T18:21:05.169000Z</time>
      </trkpt>
      <trkpt lat="46.06305" lon="8.66569">
        <ele>408.45</ele>
        <time>2026-02-02T18:21:09.300000Z</time>
      </trkpt>
      <trkpt lat="46.06284" lon="8.66599">
        <ele>404.89</ele>
        <time>2026-02-02T18:21:16.272000Z</time>
      </trkpt>
      <trkpt lat="46.06275" lon="8.66617">
        <ele>402.62</ele>
        <time>2026-02-02T18:21:19.895000Z</time>
      </trkpt>
      <trkpt lat="46.06262" lon="8.66661">
        <ele>386.28</ele>
        <time>2026-02-02T18:21:27.597000Z</time>
      </trkpt>
      <trkpt lat="46.06264" lon="8.66709">
        <ele>358.77</ele>
        <time>2026-02-02T18:21:35.464000Z</time>
      </trkpt>
      <trkpt lat="46.06259" lon="8.66723">
        <ele>354.04</ele>
        <time>2026-02-02T18:21:37.944000Z</time>
      </trkpt>
      <trkpt lat="46.06247" lon="8.66734">
        <ele>348.0</ele>
        <time>2026-02-02T18:21:41.309000Z</time>
      </trkpt>
      <trkpt lat="46.06215" lon="8.66733">
        <ele>354.21</ele>
        <time>2026-02-02T18:21:48.906000Z</time>
      </trkpt>
      <trkpt lat="46.06196" lon="8.66725">
        <ele>361.31</ele>
        <time>2026-02-02T18:21:53.515000Z</time>
      </trkpt>
      <trkpt lat="46.06167" lon="8.66705">
        <ele>372.89</ele>
        <time>2026-02-02T18:22:01.067000Z</time>
      </trkpt>
      <trkpt lat="46.0615" lon="8.66694">
        <ele>379.5</ele>
        <time>2026-02-02T18:22:05.416000Z</time>
      </trkpt>
      <trkpt lat="46.06145" lon="8.66694">
        <ele>378.59</ele>
        <time>2026-02-02T18:22:06.659000Z</time>
      </trkpt>
      <trkpt lat="46.06123" lon="8.667">
        <ele>374.84</ele>
        <time>2026-02-02T18:22:11.793000Z</time>
      </trkpt>
      <trkpt lat="46.06109" lon="8.66701">
        <ele>372.36</ele>
        <time>2026-02-02T18:22:15.195000Z</time>
      </trkpt>
      <trkpt lat="46.06089" lon="8.66706">
        <ele>368.98</ele>
        <time>2026-02-02T18:22:19.857000Z</time>
      </trkpt>
      <trkpt lat="46.06079" lon="8.66707">
        <ele>370.53</ele>
        <time>2026-02-02T18:22:22.349000Z</time>
      </trkpt>
      <trkpt lat="46.06073" lon="8.66707">
        <ele>371.33</ele>
        <time>2026-02-02T18:22:23.643000Z</time>
      </trkpt>
      <trkpt lat="46.06067" lon="8.66704">
        <ele>372.21</ele>
        <time>2026-02-02T18:22:25.050000Z</time>
      </trkpt>
      <trkpt lat="46.06057" lon="8.66697">
        <ele>373.71</ele>
        <time>2026-02-02T18:22:27.635000Z</time>
      </trkpt>
      <trkpt lat="46.06053" lon="8.66697">
        <ele>372.4</ele>
        <time>2026-02-02T18:22:28.714000Z</time>
      </trkpt>
      <trkpt lat="46.06049" lon="8.66699">
        <ele>371.29</ele>
        <time>2026-02-02T18:22:29.620000Z</time>
      </trkpt>
      <trkpt lat="46.06045" lon="8.66704">
        <ele>369.94</ele>
        <time>2026-02-02T18:22:30.897000Z</time>
      </trkpt>
      <trkpt lat="46.06039" lon="8.66712">
        <ele>365.76</ele>
        <time>2026-02-02T18:22:32.759000Z</time>
      </trkpt>
      <trkpt lat="46.06027" lon="8.66726">
        <ele>360.6</ele>
        <time>2026-02-02T18:22:36.064000Z</time>
      </trkpt>
      <trkpt lat="46.05996" lon="8.66757">
        <ele>348.28</ele>
        <time>2026-02-02T18:22:43.959000Z</time>
      </trkpt>
      <trkpt lat="46.05982" lon="8.66768">
        <ele>346.26</ele>
        <time>2026-02-02T18:22:47.171000Z</time>
      </trkpt>
      <trkpt lat="46.05972" lon="8.66773">
        <ele>347.65</ele>
        <time>2026-02-02T18:22:49.766000Z</time>
      </trkpt>
      <trkpt lat="46.05929" lon="8.66787">
        <ele>353.56</ele>
        <time>2026-02-02T18:23:00.789000Z</time>
      </trkpt>
      <trkpt lat="46.05918" lon="8.66792">
        <ele>355.09</ele>
        <time>2026-02-02T18:23:03.672000Z</time>
      </trkpt>
      <trkpt lat="46.05914" lon="8.66796">
        <ele>353.83</ele>
        <time>2026-02-02T18:23:04.928000Z</time>
      </trkpt>
      <trkpt lat="46.0591" lon="8.66805">
        <ele>351.91</ele>
        <time>2026-02-02T18:23:06.864000Z</time>
      </trkpt>
      <trkpt lat="46.05907" lon="8.66813">
        <ele>350.58</ele>
        <time>2026-02-02T18:23:08.279000Z</time>
      </trkpt>
      <trkpt lat="46.05904" lon="8.66824">
        <ele>347.57</ele>
        <time>2026-02-02T18:23:10.037000Z</time>
      </trkpt>
      <trkpt lat="46.05896" lon="8.66846">
        <ele>341.63</ele>
        <time>2026-02-02T18:23:13.706000Z</time>
      </trkpt>
      <trkpt lat="46.05887" lon="8.66876">
        <ele>337.37</ele>
        <time>2026-02-02T18:23:18.446000Z</time>
      </trkpt>
      <trkpt lat="46.0586" lon="8.6693">
        <ele>328.95</ele>
        <time>2026-02-02T18:23:27.805000Z</time>
      </trkpt>
      <trkpt lat="46.05847" lon="8.66956">
        <ele>324.89</ele>
        <time>2026-02-02T18:23:32.326000Z</time>
      </trkpt>
      <trkpt lat="46.05833" lon="8.66999">
        <ele>318.89</ele>
        <time>2026-02-02T18:23:39.073000Z</time>
      </trkpt>
      <trkpt lat="46.05824" lon="8.67017">
        <ele>318.27</ele>
        <time>2026-02-02T18:23:42.199000Z</time>
      </trkpt>
      <trkpt lat="46.05817" lon="8.67033">
        <ele>317.99</ele>
        <time>2026-02-02T18:23:45.121000Z</time>
      </trkpt>
      <trkpt lat="46.05812" lon="8.67051">
        <ele>316.58</ele>
        <time>2026-02-02T18:23:47.839000Z</time>
      </trkpt>
      <trkpt lat="46.05803" lon="8.67097">
        <ele>313.08</ele>
        <time>2026-02-02T18:23:54.628000Z</time>
      </trkpt>
      <trkpt lat="46.0579" lon="8.67127">
        <ele>310.47</ele>
        <time>2026-02-02T18:23:59.669000Z</time>
      </trkpt>
      <trkpt lat="46.0577" lon="8.67219">
        <ele>303.48</ele>
        <time>2026-02-02T18:24:13.179000Z</time>
      </trkpt>
      <trkpt lat="46.05749" lon="8.67283">
        <ele>302.26</ele>
        <time>2026-02-02T18:24:23.143000Z</time>
      </trkpt>
      <trkpt lat="46.05725" lon="8.67347">
        <ele>304.82</ele>
        <time>2026-02-02T18:24:33.412000Z</time>
      </trkpt>
      <trkpt lat="46.05693" lon="8.6746">
        <ele>299.26</ele>
        <time>2026-02-02T18:24:50.557000Z</time>
      </trkpt>
      <trkpt lat="46.05688" lon="8.67491">
        <ele>296.54</ele>
        <time>2026-02-02T18:24:55.049000Z</time>
      </trkpt>
      <trkpt lat="46.05686" lon="8.67503">
        <ele>295.14</ele>
        <time>2026-02-02T18:24:56.717000Z</time>
      </trkpt>
      <trkpt lat="46.05673" lon="8.67552">
        <ele>293.77</ele>
        <time>2026-02-02T18:25:04.265000Z</time>
      </trkpt>
      <trkpt lat="46.0567" lon="8.67573">
        <ele>293.23</ele>
        <time>2026-02-02T18:25:07.369000Z</time>
      </trkpt>
      <trkpt lat="46.05671" lon="8.67588">
        <ele>290.14</ele>
        <time>2026-02-02T18:25:09.462000Z</time>
      </trkpt>
      <trkpt lat="46.05683" lon="8.67662">
        <ele>274.17</ele>
        <time>2026-02-02T18:25:20.387000Z</time>
      </trkpt>
      <trkpt lat="46.05685" lon="8.67688">
        <ele>269.67</ele>
        <time>2026-02-02T18:25:24.209000Z</time>
      </trkpt>
      <trkpt lat="46.05692" lon="8.67768">
        <ele>265.18</ele>
        <time>2026-02-02T18:25:35.686000Z</time>
      </trkpt>
      <trkpt lat="46.05703" lon="8.67844">
        <ele>258.75</ele>
        <time>2026-02-02T18:25:46.533000Z</time>
      </trkpt>
      <trkpt lat="46.05705" lon="8.67855">
        <ele>257.14</ele>
        <time>2026-02-02T18:25:48.276000Z</time>
      </trkpt>
      <trkpt lat="46.05708" lon="8.67863">
        <ele>255.45</ele>
        <time>2026-02-02T18:25:49.582000Z</time>
      </trkpt>
      <trkpt lat="46.05719" lon="8.67908">
        <ele>248.25</ele>
        <time>2026-02-02T18:25:56.458000Z</time>
      </trkpt>
      <trkpt lat="46.05718" lon="8.67948">
        <ele>247.61</ele>
        <time>2026-02-02T18:26:04.173000Z</time>
      </trkpt>
      <trkpt lat="46.05713" lon="8.67967">
        <ele>249.95</ele>
        <time>2026-02-02T18:26:08.274000Z</time>
      </trkpt>
      <trkpt lat="46.05703" lon="8.67988">
        <ele>252.76</ele>
        <time>2026-02-02T18:26:13.191000Z</time>
      </trkpt>
      <trkpt lat="46.05689" lon="8.68021">
        <ele>257.05</ele>
        <time>2026-02-02T18:26:20.742000Z</time>
      </trkpt>
      <trkpt lat="46.05686" lon="8.68022">
        <ele>257.91</ele>
        <time>2026-02-02T18:26:21.350000Z</time>
      </trkpt>
      <trkpt lat="46.05684" lon="8.68023">
        <ele>258.77</ele>
        <time>2026-02-02T18:26:21.959000Z</time>
      </trkpt>
      <trkpt lat="46.05682" lon="8.68026">
        <ele>259.64</ele>
        <time>2026-02-02T18:26:22.564000Z</time>
      </trkpt>
      <trkpt lat="46.05681" lon="8.68029">
        <ele>260.25</ele>
        <time>2026-02-02T18:26:23.146000Z</time>
      </trkpt>
      <trkpt lat="46.05681" lon="8.68033">
        <ele>259.22</ele>
        <time>2026-02-02T18:26:23.762000Z</time>
      </trkpt>
      <trkpt lat="46.05682" lon="8.68037">
        <ele>258.2</ele>
        <time>2026-02-02T18:26:24.351000Z</time>
      </trkpt>
      <trkpt lat="46.05685" lon="8.68042">
        <ele>256.45</ele>
        <time>2026-02-02T18:26:25.527000Z</time>
      </trkpt>
      <trkpt lat="46.0569" lon="8.68042">
        <ele>255.89</ele>
        <time>2026-02-02T18:26:26.527000Z</time>
      </trkpt>
      <trkpt lat="46.05694" lon="8.68038">
        <ele>255.31</ele>
        <time>2026-02-02T18:26:27.510000Z</time>
      </trkpt>
      <trkpt lat="46.05696" lon="8.68031">
        <ele>254.71</ele>
        <time>2026-02-02T18:26:28.525000Z</time>
      </trkpt>
      <trkpt lat="46.05695" lon="8.68028">
        <ele>254.41</ele>
        <time>2026-02-02T18:26:29.048000Z</time>
      </trkpt>
      <trkpt lat="46.05694" lon="8.68025">
        <ele>254.77</ele>
        <time>2026-02-02T18:26:29.570000Z</time>
      </trkpt>
      <trkpt lat="46.05707" lon="8.67991">
        <ele>250.12</ele>
        <time>2026-02-02T18:26:35.076000Z</time>
      </trkpt>
      <trkpt lat="46.05713" lon="8.67981">
        <ele>248.6</ele>
        <time>2026-02-02T18:26:36.873000Z</time>
      </trkpt>
      <trkpt lat="46.05718" lon="8.67973">
        <ele>247.27</ele>
        <time>2026-02-02T18:26:38.488000Z</time>
      </trkpt>
      <trkpt lat="46.05725" lon="8.67969">
        <ele>244.25</ele>
        <time>2026-02-02T18:26:40.165000Z</time>
      </trkpt>
      <trkpt lat="46.05733" lon="8.67967">
        <ele>241.43</ele>
        <time>2026-02-02T18:26:41.847000Z</time>
      </trkpt>
      <trkpt lat="46.05783" lon="8.67958">
        <ele>223.47</ele>
        <time>2026-02-02T18:26:52.421000Z</time>
      </trkpt>
      <trkpt lat="46.05781" lon="8.67966">
        <ele>223.29</ele>
        <time>2026-02-02T18:26:56.232000Z</time>
      </trkpt>
      <trkpt lat="46.05781" lon="8.67966">
        <ele>223.29</ele>
        <time>2026-02-02T18:26:56.233000Z</time>
      </trkpt>
      <trkpt lat="46.05774" lon="8.67978">
        <ele>224.67</ele>
        <time>2026-02-02T18:27:05.404000Z</time>
      </trkpt>
      <trkpt lat="46.05759" lon="8.67996">
        <ele>227.06</ele>
        <time>2026-02-02T18:27:21.356000Z</time>
      </trkpt>
      <trkpt lat="46.05761" lon="8.68012">
        <ele>226.21</ele>
        <time>2026-02-02T18:27:24.775000Z</time>
      </trkpt>
      <trkpt lat="46.05763" lon="8.68023">
        <ele>225.95</ele>
        <time>2026-02-02T18:27:27.578000Z</time>
      </trkpt>
      <trkpt lat="46.05766" lon="8.68031">
        <ele>225.77</ele>
        <time>2026-02-02T18:27:29.631000Z</time>
      </trkpt>
      <trkpt lat="46.05771" lon="8.68055">
        <ele>225.24</ele>
        <time>2026-02-02T18:27:35.335000Z</time>
      </trkpt>
      <trkpt lat="46.0577" lon="8.68105">
        <ele>224.18</ele>
        <time>2026-02-02T18:27:46.894000Z</time>
      </trkpt>
      <trkpt lat="46.05771" lon="8.68133">
        <ele>223.59</ele>
        <time>2026-02-02T18:27:53.399000Z</time>
      </trkpt>
      <trkpt lat="46.05776" lon="8.68183">
        <ele>222.5</ele>
        <time>2026-02-02T18:28:05.247000Z</time>
      </trkpt>
      <trkpt lat="46.05778" lon="8.68226">
        <ele>221.59</ele>
        <time>2026-02-02T18:28:15.190000Z</time>
      </trkpt>
      <trkpt lat="46.05783" lon="8.68262">
        <ele>220.82</ele>
        <time>2026-02-02T18:28:23.610000Z</time>
      </trkpt>
      <trkpt lat="46.05784" lon="8.68297">
        <ele>220.08</ele>
        <time>2026-02-02T18:28:31.629000Z</time>
      </trkpt>
      <trkpt lat="46.0578" lon="8.68309">
        <ele>219.79</ele>
        <time>2026-02-02T18:28:34.849000Z</time>
      </trkpt>
      <trkpt lat="46.05782" lon="8.68364">
        <ele>218.61</ele>
        <time>2026-02-02T18:28:47.721000Z</time>
      </trkpt>
      <trkpt lat="46.05786" lon="8.6838">
        <ele>218.42</ele>
        <time>2026-02-02T18:28:51.672000Z</time>
      </trkpt>
      <trkpt lat="46.0579" lon="8.68402">
        <ele>217.78</ele>
        <time>2026-02-02T18:28:57.028000Z</time>
      </trkpt>
      <trkpt lat="46.05793" lon="8.68428">
        <ele>217.21</ele>
        <time>2026-02-02T18:29:03.268000Z</time>
      </trkpt>
      <trkpt lat="46.05795" lon="8.68456">
        <ele>216.61</ele>
        <time>2026-02-02T18:29:09.736000Z</time>
      </trkpt>
      <trkpt lat="46.05802" lon="8.68499">
        <ele>215.69</ele>
        <time>2026-02-02T18:29:19.844000Z</time>
      </trkpt>
      <trkpt lat="46.05814" lon="8.6854">
        <ele>214.73</ele>
        <time>2026-02-02T18:29:30.263000Z</time>
      </trkpt>
      <trkpt lat="46.05825" lon="8.68583">
        <ele>213.76</ele>
        <time>2026-02-02T18:29:40.853000Z</time>
      </trkpt>
      <trkpt lat="46.05853" lon="8.68679">
        <ele>212.22</ele>
        <time>2026-02-02T18:30:04.873000Z</time>
      </trkpt>
      <trkpt lat="46.05857" lon="8.68707">
        <ele>212.03</ele>
        <time>2026-02-02T18:30:11.590000Z</time>
      </trkpt>
      <trkpt lat="46.05862" lon="8.68753">
        <ele>211.72</ele>
        <time>2026-02-02T18:30:22.291000Z</time>
      </trkpt>
      <trkpt lat="46.05867" lon="8.68776">
        <ele>211.56</ele>
        <time>2026-02-02T18:30:27.941000Z</time>
      </trkpt>
      <trkpt lat="46.0587" lon="8.68801">
        <ele>211.39</ele>
        <time>2026-02-02T18:30:33.840000Z</time>
      </trkpt>
      <trkpt lat="46.05877" lon="8.68822">
        <ele>211.23</ele>
        <time>2026-02-02T18:30:39.211000Z</time>
      </trkpt>
      <trkpt lat="46.05894" lon="8.68835">
        <ele>211.05</ele>
        <time>2026-02-02T18:30:45.593000Z</time>
      </trkpt>
      <trkpt lat="46.05901" lon="8.6885">
        <ele>210.93</ele>
        <time>2026-02-02T18:30:49.841000Z</time>
      </trkpt>
      <trkpt lat="46.05911" lon="8.68878">
        <ele>210.72</ele>
        <time>2026-02-02T18:30:56.943000Z</time>
      </trkpt>
      <trkpt lat="46.05926" lon="8.68912">
        <ele>210.45</ele>
        <time>2026-02-02T18:31:06.408000Z</time>
      </trkpt>
      <trkpt lat="46.0593" lon="8.68918">
        <ele>210.39</ele>
        <time>2026-02-02T18:31:08.389000Z</time>
      </trkpt>
      <trkpt lat="46.05942" lon="8.68929">
        <ele>210.31</ele>
        <time>2026-02-02T18:31:13.006000Z</time>
      </trkpt>
      <trkpt lat="46.05944" lon="8.68932">
        <ele>210.23</ele>
        <time>2026-02-02T18:31:14.089000Z</time>
      </trkpt>
      <trkpt lat="46.05956" lon="8.6896">
        <ele>210.01</ele>
        <time>2026-02-02T18:31:21.767000Z</time>
      </trkpt>
      <trkpt lat="46.05971" lon="8.68993">
        <ele>209.74</ele>
        <time>2026-02-02T18:31:30.970000Z</time>
      </trkpt>
      <trkpt lat="46.06003" lon="8.69036">
        <ele>209.32</ele>
        <time>2026-02-02T18:31:45.481000Z</time>
      </trkpt>
      <trkpt lat="46.06019" lon="8.69054">
        <ele>209.13</ele>
        <time>2026-02-02T18:31:52.287000Z</time>
      </trkpt>
      <trkpt lat="46.06036" lon="8.69069">
        <ele>208.94</ele>
        <time>2026-02-02T18:31:58.915000Z</time>
      </trkpt>
      <trkpt lat="46.06058" lon="8.69081">
        <ele>208.71</ele>
        <time>2026-02-02T18:32:06.574000Z</time>
      </trkpt>
      <trkpt lat="46.06083" lon="8.69089">
        <ele>208.47</ele>
        <time>2026-02-02T18:32:15.218000Z</time>
      </trkpt>
      <trkpt lat="46.06112" lon="8.69096">
        <ele>208.19</ele>
        <time>2026-02-02T18:32:24.901000Z</time>
      </trkpt>
      <trkpt lat="46.06143" lon="8.69101">
        <ele>208.27</ele>
        <time>2026-02-02T18:32:35.570000Z</time>
      </trkpt>
      <trkpt lat="46.06146" lon="8.69102">
        <ele>208.28</ele>
        <time>2026-02-02T18:32:36.476000Z</time>
      </trkpt>
      <trkpt lat="46.06152" lon="8.69099">
        <ele>208.32</ele>
        <time>2026-02-02T18:32:38.586000Z</time>
      </trkpt>
      <trkpt lat="46.061531126030125" lon="8.69098484403482">
        <ele>208.32705553129836</ele>
        <time>2026-02-02T18:32:38.976524Z</time>
      </trkpt>
      <trkpt lat="46.06193" lon="8.6908">
        <ele>208.58</ele>
        <time>2026-02-02T18:32:52.977000Z</time>
      </trkpt>
      <trkpt lat="46.06207" lon="8.69075">
        <ele>208.67</ele>
        <time>2026-02-02T18:32:57.892000Z</time>
      </trkpt>
      <trkpt lat="46.06219" lon="8.69075">
        <ele>208.74</ele>
        <time>2026-02-02T18:33:01.734000Z</time>
      </trkpt>
      <trkpt lat="46.06227" lon="8.69074">
        <ele>208.79</ele>
        <time>2026-02-02T18:33:04.489000Z</time>
      </trkpt>
      <trkpt lat="46.06249" lon="8.69067">
        <ele>208.92</ele>
        <time>2026-02-02T18:33:11.926000Z</time>
      </trkpt>
      <trkpt lat="46.06251" lon="8.69068">
        <ele>208.92</ele>
        <time>2026-02-02T18:33:12.404000Z</time>
      </trkpt>
      <trkpt lat="46.06251" lon="8.69068">
        <ele>208.92</ele>
        <time>2026-02-02T18:33:12.404000Z</time>
      </trkpt>
      <trkpt lat="46.06256" lon="8.69069">
        <ele>208.91</ele>
        <time>2026-02-02T18:33:13.430000Z</time>
      </trkpt>
      <trkpt lat="46.06259" lon="8.6908">
        <ele>208.75</ele>
        <time>2026-02-02T18:33:15.267000Z</time>
      </trkpt>
      <trkpt lat="46.06271" lon="8.69092">
        <ele>208.41</ele>
        <time>2026-02-02T18:33:18.563000Z</time>
      </trkpt>
      <trkpt lat="46.06275" lon="8.69106">
        <ele>208.17</ele>
        <time>2026-02-02T18:33:20.918000Z</time>
      </trkpt>
      <trkpt lat="46.06295" lon="8.69176">
        <ele>206.89</ele>
        <time>2026-02-02T18:34:08.849000Z</time>
      </trkpt>
    </trkseg>
  </trk>
</gpx>